id,source_type,source_code,hospital_code,hospital_name,state,category,service_name,original_service_name,charge_type,citizenship,patient_class,patient_type,ward_class,room_type,price_rm,price_unit,original_price_text,notes,source_name,source_url,source_updated_at,scraped_at
moh_treatment-2eeb808cd889f26c,national_reference,MOH_TREATMENT,,,National,Inpatient Treatment,Daily inpatient treatment,Kelas Satu,inpatient treatment charge,Malaysian,citizen,Inpatient,Class 1,,15.0,per day,RM15,,Ministry of Health Malaysia – Caj Rawatan,https://www.moh.gov.my/teras/info-kesihatan/kadar-perkhidmatan/caj-rawatan,2025-09-23,2026-08-25T14:22:02.410314+00:00
moh_treatment-f7011523658061cc,national_reference,MOH_TREATMENT,,,National,Inpatient Treatment,Daily inpatient treatment,Kelas Dua,inpatient treatment charge,Malaysian,citizen,Inpatient,Class 2,,5.0,per day,RM5,,Ministry of Health Malaysia – Caj Rawatan,https://www.moh.gov.my/teras/info-kesihatan/kadar-perkhidmatan/caj-rawatan,2025-09-23,2026-08-25T14:22:02.410314+00:00
moh_treatment-e6695620811be896,national_reference,MOH_TREATMENT,,,National,Inpatient Treatment,Daily inpatient treatment,Kelas Tiga,inpatient treatment charge,Malaysian,citizen,Inpatient,Class 3,,0.0,per day,Percuma,,Ministry of Health Malaysia – Caj Rawatan,https://www.moh.gov.my/teras/info-kesihatan/kadar-perkhidmatan/caj-rawatan,2025-09-23,2026-08-25T14:22:02.410314+00:00
moh_treatment-292e51edf2d18da1,national_reference,MOH_TREATMENT,,,National,Delivery / Maternity,Pembedahan Caesarean,Pembedahan Caesarean,delivery charge,Malaysian,citizen,Inpatient,Class 1,,1200.0,,"RM1,200",,Ministry of Health Malaysia – Caj Rawatan,https://www.moh.gov.my/teras/info-kesihatan/kadar-perkhidmatan/caj-rawatan,2025-09-23,2026-08-25T14:22:02.410314+00:00
moh_treatment-9846886ce4afafbd,national_reference,MOH_TREATMENT,,,National,Delivery / Maternity,Pembedahan Caesarean,Pembedahan Caesarean,delivery charge,Malaysian,citizen,Inpatient,Class 2,,400.0,,RM400,,Ministry of Health Malaysia – Caj Rawatan,https://www.moh.gov.my/teras/info-kesihatan/kadar-perkhidmatan/caj-rawatan,2025-09-23,2026-08-25T14:22:02.410314+00:00
moh_treatment-1ddce13f606cb391,national_reference,MOH_TREATMENT,,,National,Delivery / Maternity,Pembedahan Caesarean,Pembedahan Caesarean,delivery charge,Malaysian,citizen,Inpatient,Class 3,,100.0,,RM100,,Ministry of Health Malaysia – Caj Rawatan,https://www.moh.gov.my/teras/info-kesihatan/kadar-perkhidmatan/caj-rawatan,2025-09-23,2026-08-25T14:22:02.410314+00:00
moh_treatment-3c53ac8200e93f3e,national_reference,MOH_TREATMENT,,,National,Delivery / Maternity,Bersalin dengan bantuan: Forcep/songsang/vakum,Bersalin dengan bantuan: Forcep/songsang/vakum,delivery charge,Malaysian,citizen,Inpatient,Class 1,,600.0,,RM600,,Ministry of Health Malaysia – Caj Rawatan,https://www.moh.gov.my/teras/info-kesihatan/kadar-perkhidmatan/caj-rawatan,2025-09-23,2026-08-25T14:22:02.410314+00:00
moh_treatment-52b82de18e4a77a0,national_reference,MOH_TREATMENT,,,National,Delivery / Maternity,Bersalin dengan bantuan: Forcep/songsang/vakum,Bersalin dengan bantuan: Forcep/songsang/vakum,delivery charge,Malaysian,citizen,Inpatient,Class 2,,200.0,,RM200,,Ministry of Health Malaysia – Caj Rawatan,https://www.moh.gov.my/teras/info-kesihatan/kadar-perkhidmatan/caj-rawatan,2025-09-23,2026-08-25T14:22:02.410314+00:00
moh_treatment-b5aa0a597d70d93c,national_reference,MOH_TREATMENT,,,National,Delivery / Maternity,Bersalin dengan bantuan: Forcep/songsang/vakum,Bersalin dengan bantuan: Forcep/songsang/vakum,delivery charge,Malaysian,citizen,Inpatient,Class 3,,50.0,,RM50,,Ministry of Health Malaysia – Caj Rawatan,https://www.moh.gov.my/teras/info-kesihatan/kadar-perkhidmatan/caj-rawatan,2025-09-23,2026-08-25T14:22:02.410314+00:00
moh_treatment-a94d92c331a36c1a,national_reference,MOH_TREATMENT,,,National,Delivery / Maternity,Bersalin kembar,Bersalin kembar,delivery charge,Malaysian,citizen,Inpatient,Class 1,,600.0,,RM600,,Ministry of Health Malaysia – Caj Rawatan,https://www.moh.gov.my/teras/info-kesihatan/kadar-perkhidmatan/caj-rawatan,2025-09-23,2026-08-25T14:22:02.410314+00:00
moh_treatment-a93e3587ec875809,national_reference,MOH_TREATMENT,,,National,Delivery / Maternity,Bersalin kembar,Bersalin kembar,delivery charge,Malaysian,citizen,Inpatient,Class 2,,200.0,,RM200,,Ministry of Health Malaysia – Caj Rawatan,https://www.moh.gov.my/teras/info-kesihatan/kadar-perkhidmatan/caj-rawatan,2025-09-23,2026-08-25T14:22:02.410314+00:00
moh_treatment-b3c2a4d47ade2394,national_reference,MOH_TREATMENT,,,National,Delivery / Maternity,Bersalin kembar,Bersalin kembar,delivery charge,Malaysian,citizen,Inpatient,Class 3,,50.0,,RM50,,Ministry of Health Malaysia – Caj Rawatan,https://www.moh.gov.my/teras/info-kesihatan/kadar-perkhidmatan/caj-rawatan,2025-09-23,2026-08-25T14:22:02.410314+00:00
moh_treatment-d89b176de8a84619,national_reference,MOH_TREATMENT,,,National,Delivery / Maternity,Bersalin Biasa,Bersalin Biasa,delivery charge,Malaysian,citizen,Inpatient,Class 1,,450.0,,RM450,,Ministry of Health Malaysia – Caj Rawatan,https://www.moh.gov.my/teras/info-kesihatan/kadar-perkhidmatan/caj-rawatan,2025-09-23,2026-08-25T14:22:02.410314+00:00
moh_treatment-724e62b966fc23d1,national_reference,MOH_TREATMENT,,,National,Delivery / Maternity,Bersalin Biasa,Bersalin Biasa,delivery charge,Malaysian,citizen,Inpatient,Class 2,,150.0,,RM150,,Ministry of Health Malaysia – Caj Rawatan,https://www.moh.gov.my/teras/info-kesihatan/kadar-perkhidmatan/caj-rawatan,2025-09-23,2026-08-25T14:22:02.410314+00:00
moh_treatment-f19603db53acf866,national_reference,MOH_TREATMENT,,,National,Delivery / Maternity,Bersalin Biasa,Bersalin Biasa,delivery charge,Malaysian,citizen,Inpatient,Class 3,,10.0,,RM10,,Ministry of Health Malaysia – Caj Rawatan,https://www.moh.gov.my/teras/info-kesihatan/kadar-perkhidmatan/caj-rawatan,2025-09-23,2026-08-25T14:22:02.410314+00:00
moh_treatment-7aaee2231fcf688e,national_reference,MOH_TREATMENT,,,National,Physiotherapy,Biomaklumbalas / Miomaklumbalas,Biomaklumbalas / Miomaklumbalas,physiotherapy treatment,Malaysian,citizen,Inpatient,Class 1,,30.0,,RM30,,Ministry of Health Malaysia – Caj Rawatan,https://www.moh.gov.my/teras/info-kesihatan/kadar-perkhidmatan/caj-rawatan,2025-09-23,2026-08-25T14:22:02.410314+00:00
moh_treatment-f6fe0fadbe0f1650,national_reference,MOH_TREATMENT,,,National,Physiotherapy,Biomaklumbalas / Miomaklumbalas,Biomaklumbalas / Miomaklumbalas,physiotherapy treatment,Malaysian,citizen,Inpatient,Class 2,,20.0,,RM20,,Ministry of Health Malaysia – Caj Rawatan,https://www.moh.gov.my/teras/info-kesihatan/kadar-perkhidmatan/caj-rawatan,2025-09-23,2026-08-25T14:22:02.410314+00:00
moh_treatment-c3ccb4eca0960543,national_reference,MOH_TREATMENT,,,National,Physiotherapy,Biomaklumbalas / Miomaklumbalas,Biomaklumbalas / Miomaklumbalas,physiotherapy treatment,Malaysian,citizen,Inpatient,Class 3,,5.0,,RM5,,Ministry of Health Malaysia – Caj Rawatan,https://www.moh.gov.my/teras/info-kesihatan/kadar-perkhidmatan/caj-rawatan,2025-09-23,2026-08-25T14:22:02.410314+00:00
moh_treatment-98320e3aba290f8a,national_reference,MOH_TREATMENT,,,National,Radiotherapy / Oncology,Penandaan setempat,Penandaan setempat,treatment charge,Malaysian,citizen,Inpatient,Class 1,,45.0,,RM45,,Ministry of Health Malaysia – Caj Rawatan,https://www.moh.gov.my/teras/info-kesihatan/kadar-perkhidmatan/caj-rawatan,2025-09-23,2026-08-25T14:22:02.410314+00:00
moh_treatment-e5941eed67cf2dd9,national_reference,MOH_TREATMENT,,,National,Radiotherapy / Oncology,Penandaan setempat,Penandaan setempat,treatment charge,Malaysian,citizen,Inpatient,Class 2,,30.0,,RM30,,Ministry of Health Malaysia – Caj Rawatan,https://www.moh.gov.my/teras/info-kesihatan/kadar-perkhidmatan/caj-rawatan,2025-09-23,2026-08-25T14:22:02.410314+00:00
moh_treatment-ceeed203a1ac6cf3,national_reference,MOH_TREATMENT,,,National,Radiotherapy / Oncology,Penandaan setempat,Penandaan setempat,treatment charge,Malaysian,citizen,Inpatient,Class 3,,0.0,,Percuma,,Ministry of Health Malaysia – Caj Rawatan,https://www.moh.gov.my/teras/info-kesihatan/kadar-perkhidmatan/caj-rawatan,2025-09-23,2026-08-25T14:22:02.410314+00:00
moh_treatment-45d8b3c1c35cf01c,national_reference,MOH_TREATMENT,,,National,Radiotherapy / Oncology,Penandaan setempat,Penandaan setempat,treatment charge,Malaysian,citizen,Outpatient - private practitioner referral,,,45.0,,RM45,,Ministry of Health Malaysia – Caj Rawatan,https://www.moh.gov.my/teras/info-kesihatan/kadar-perkhidmatan/caj-rawatan,2025-09-23,2026-08-25T14:22:02.410314+00:00
moh_treatment-16fac3072a81c008,national_reference,MOH_TREATMENT,,,National,Radiotherapy / Oncology,Penandaan setempat,Penandaan setempat,treatment charge,Malaysian,citizen,Outpatient - government medical officer referral,,,0.0,,Percuma,,Ministry of Health Malaysia – Caj Rawatan,https://www.moh.gov.my/teras/info-kesihatan/kadar-perkhidmatan/caj-rawatan,2025-09-23,2026-08-25T14:22:02.410314+00:00
moh_treatment-f8ee7df271838e8f,national_reference,MOH_TREATMENT,,,National,Radiotherapy / Oncology,Simulasi konvensional,Simulasi konvensional,treatment charge,Malaysian,citizen,Inpatient,Class 1,,450.0,,RM450,,Ministry of Health Malaysia – Caj Rawatan,https://www.moh.gov.my/teras/info-kesihatan/kadar-perkhidmatan/caj-rawatan,2025-09-23,2026-08-25T14:22:02.410314+00:00
moh_treatment-bfd961024a897980,national_reference,MOH_TREATMENT,,,National,Radiotherapy / Oncology,Simulasi konvensional,Simulasi konvensional,treatment charge,Malaysian,citizen,Inpatient,Class 2,,200.0,,RM200,,Ministry of Health Malaysia – Caj Rawatan,https://www.moh.gov.my/teras/info-kesihatan/kadar-perkhidmatan/caj-rawatan,2025-09-23,2026-08-25T14:22:02.410314+00:00
moh_treatment-c6f5e0bc16427a7f,national_reference,MOH_TREATMENT,,,National,Radiotherapy / Oncology,Simulasi konvensional,Simulasi konvensional,treatment charge,Malaysian,citizen,Inpatient,Class 3,,0.0,,Percuma,,Ministry of Health Malaysia – Caj Rawatan,https://www.moh.gov.my/teras/info-kesihatan/kadar-perkhidmatan/caj-rawatan,2025-09-23,2026-08-25T14:22:02.410314+00:00
moh_treatment-6561e3c7df89505c,national_reference,MOH_TREATMENT,,,National,Radiotherapy / Oncology,Simulasi konvensional,Simulasi konvensional,treatment charge,Malaysian,citizen,Outpatient - private practitioner referral,,,450.0,,RM450,,Ministry of Health Malaysia – Caj Rawatan,https://www.moh.gov.my/teras/info-kesihatan/kadar-perkhidmatan/caj-rawatan,2025-09-23,2026-08-25T14:22:02.410314+00:00
moh_treatment-360e718fc6d1fabe,national_reference,MOH_TREATMENT,,,National,Radiotherapy / Oncology,Simulasi konvensional,Simulasi konvensional,treatment charge,Malaysian,citizen,Outpatient - government medical officer referral,,,0.0,,Percuma,,Ministry of Health Malaysia – Caj Rawatan,https://www.moh.gov.my/teras/info-kesihatan/kadar-perkhidmatan/caj-rawatan,2025-09-23,2026-08-25T14:22:02.410314+00:00
moh_treatment-8fc5077f95d145d3,national_reference,MOH_TREATMENT,,,National,Radiotherapy / Oncology,Biasa (tanpa kontras),Biasa (tanpa kontras),treatment charge,Malaysian,citizen,Inpatient,Class 1,,450.0,,RM450,,Ministry of Health Malaysia – Caj Rawatan,https://www.moh.gov.my/teras/info-kesihatan/kadar-perkhidmatan/caj-rawatan,2025-09-23,2026-08-25T14:22:02.410314+00:00
moh_treatment-fb3b859156427331,national_reference,MOH_TREATMENT,,,National,Radiotherapy / Oncology,Biasa (tanpa kontras),Biasa (tanpa kontras),treatment charge,Malaysian,citizen,Inpatient,Class 2,,200.0,,RM200,,Ministry of Health Malaysia – Caj Rawatan,https://www.moh.gov.my/teras/info-kesihatan/kadar-perkhidmatan/caj-rawatan,2025-09-23,2026-08-25T14:22:02.410314+00:00
moh_treatment-8f65d187b6f5465d,national_reference,MOH_TREATMENT,,,National,Radiotherapy / Oncology,Biasa (tanpa kontras),Biasa (tanpa kontras),treatment charge,Malaysian,citizen,Inpatient,Class 3,,0.0,,Percuma,,Ministry of Health Malaysia – Caj Rawatan,https://www.moh.gov.my/teras/info-kesihatan/kadar-perkhidmatan/caj-rawatan,2025-09-23,2026-08-25T14:22:02.410314+00:00
moh_treatment-a754c7e7f90217db,national_reference,MOH_TREATMENT,,,National,Radiotherapy / Oncology,Biasa (tanpa kontras),Biasa (tanpa kontras),treatment charge,Malaysian,citizen,Outpatient - private practitioner referral,,,450.0,,RM450,,Ministry of Health Malaysia – Caj Rawatan,https://www.moh.gov.my/teras/info-kesihatan/kadar-perkhidmatan/caj-rawatan,2025-09-23,2026-08-25T14:22:02.410314+00:00
moh_treatment-fa1531554a108c08,national_reference,MOH_TREATMENT,,,National,Radiotherapy / Oncology,Biasa (tanpa kontras),Biasa (tanpa kontras),treatment charge,Malaysian,citizen,Outpatient - government medical officer referral,,,0.0,,Percuma,,Ministry of Health Malaysia – Caj Rawatan,https://www.moh.gov.my/teras/info-kesihatan/kadar-perkhidmatan/caj-rawatan,2025-09-23,2026-08-25T14:22:02.410314+00:00
moh_treatment-8af46148f1e4c0de,national_reference,MOH_TREATMENT,,,National,Radiotherapy / Oncology,Rumit (dengan kontras),Rumit (dengan kontras),treatment charge,Malaysian,citizen,Inpatient,Class 1,,450.0,,RM450,,Ministry of Health Malaysia – Caj Rawatan,https://www.moh.gov.my/teras/info-kesihatan/kadar-perkhidmatan/caj-rawatan,2025-09-23,2026-08-25T14:22:02.410314+00:00
moh_treatment-d311caf0be03586d,national_reference,MOH_TREATMENT,,,National,Radiotherapy / Oncology,Rumit (dengan kontras),Rumit (dengan kontras),treatment charge,Malaysian,citizen,Inpatient,Class 2,,200.0,,RM200,,Ministry of Health Malaysia – Caj Rawatan,https://www.moh.gov.my/teras/info-kesihatan/kadar-perkhidmatan/caj-rawatan,2025-09-23,2026-08-25T14:22:02.410314+00:00
moh_treatment-62cf0cb260517c37,national_reference,MOH_TREATMENT,,,National,Radiotherapy / Oncology,Rumit (dengan kontras),Rumit (dengan kontras),treatment charge,Malaysian,citizen,Inpatient,Class 3,,0.0,,Percuma,,Ministry of Health Malaysia – Caj Rawatan,https://www.moh.gov.my/teras/info-kesihatan/kadar-perkhidmatan/caj-rawatan,2025-09-23,2026-08-25T14:22:02.410314+00:00
moh_treatment-fa9c2b1c2175b570,national_reference,MOH_TREATMENT,,,National,Radiotherapy / Oncology,Rumit (dengan kontras),Rumit (dengan kontras),treatment charge,Malaysian,citizen,Outpatient - private practitioner referral,,,450.0,,RM450,,Ministry of Health Malaysia – Caj Rawatan,https://www.moh.gov.my/teras/info-kesihatan/kadar-perkhidmatan/caj-rawatan,2025-09-23,2026-08-25T14:22:02.410314+00:00
moh_treatment-81581d840568920b,national_reference,MOH_TREATMENT,,,National,Radiotherapy / Oncology,Rumit (dengan kontras),Rumit (dengan kontras),treatment charge,Malaysian,citizen,Outpatient - government medical officer referral,,,0.0,,Percuma,,Ministry of Health Malaysia – Caj Rawatan,https://www.moh.gov.my/teras/info-kesihatan/kadar-perkhidmatan/caj-rawatan,2025-09-23,2026-08-25T14:22:02.410314+00:00
moh_treatment-2ba287447d0e32a5,national_reference,MOH_TREATMENT,,,National,Radiotherapy / Oncology,Radioterapi Keamatan Bermodulasi (IMRT),Radioterapi Keamatan Bermodulasi (IMRT),treatment charge,Malaysian,citizen,Inpatient,Class 1,,450.0,,RM450,,Ministry of Health Malaysia – Caj Rawatan,https://www.moh.gov.my/teras/info-kesihatan/kadar-perkhidmatan/caj-rawatan,2025-09-23,2026-08-25T14:22:02.410314+00:00
moh_treatment-328a58af98a9b236,national_reference,MOH_TREATMENT,,,National,Radiotherapy / Oncology,Radioterapi Keamatan Bermodulasi (IMRT),Radioterapi Keamatan Bermodulasi (IMRT),treatment charge,Malaysian,citizen,Inpatient,Class 2,,200.0,,RM200,,Ministry of Health Malaysia – Caj Rawatan,https://www.moh.gov.my/teras/info-kesihatan/kadar-perkhidmatan/caj-rawatan,2025-09-23,2026-08-25T14:22:02.410314+00:00
moh_treatment-3190288a06b82b9f,national_reference,MOH_TREATMENT,,,National,Radiotherapy / Oncology,Radioterapi Keamatan Bermodulasi (IMRT),Radioterapi Keamatan Bermodulasi (IMRT),treatment charge,Malaysian,citizen,Inpatient,Class 3,,0.0,,Percuma,,Ministry of Health Malaysia – Caj Rawatan,https://www.moh.gov.my/teras/info-kesihatan/kadar-perkhidmatan/caj-rawatan,2025-09-23,2026-08-25T14:22:02.410314+00:00
moh_treatment-2eac1dbcc5f5217e,national_reference,MOH_TREATMENT,,,National,Radiotherapy / Oncology,Radioterapi Keamatan Bermodulasi (IMRT),Radioterapi Keamatan Bermodulasi (IMRT),treatment charge,Malaysian,citizen,Outpatient - private practitioner referral,,,450.0,,RM450,,Ministry of Health Malaysia – Caj Rawatan,https://www.moh.gov.my/teras/info-kesihatan/kadar-perkhidmatan/caj-rawatan,2025-09-23,2026-08-25T14:22:02.410314+00:00
moh_treatment-ff93e578c368945c,national_reference,MOH_TREATMENT,,,National,Radiotherapy / Oncology,Radioterapi Keamatan Bermodulasi (IMRT),Radioterapi Keamatan Bermodulasi (IMRT),treatment charge,Malaysian,citizen,Outpatient - government medical officer referral,,,0.0,,Percuma,,Ministry of Health Malaysia – Caj Rawatan,https://www.moh.gov.my/teras/info-kesihatan/kadar-perkhidmatan/caj-rawatan,2025-09-23,2026-08-25T14:22:02.410314+00:00
moh_treatment-1441465966ce5802,national_reference,MOH_TREATMENT,,,National,Radiotherapy / Oncology,Penyinaran Seluruh Badan (TBI),Penyinaran Seluruh Badan (TBI),treatment charge,Malaysian,citizen,Inpatient,Class 1,,450.0,,RM450,,Ministry of Health Malaysia – Caj Rawatan,https://www.moh.gov.my/teras/info-kesihatan/kadar-perkhidmatan/caj-rawatan,2025-09-23,2026-08-25T14:22:02.410314+00:00
moh_treatment-bf9362ee61875c2c,national_reference,MOH_TREATMENT,,,National,Radiotherapy / Oncology,Penyinaran Seluruh Badan (TBI),Penyinaran Seluruh Badan (TBI),treatment charge,Malaysian,citizen,Inpatient,Class 2,,200.0,,RM200,,Ministry of Health Malaysia – Caj Rawatan,https://www.moh.gov.my/teras/info-kesihatan/kadar-perkhidmatan/caj-rawatan,2025-09-23,2026-08-25T14:22:02.410314+00:00
moh_treatment-3e34f7379cb05e30,national_reference,MOH_TREATMENT,,,National,Radiotherapy / Oncology,Penyinaran Seluruh Badan (TBI),Penyinaran Seluruh Badan (TBI),treatment charge,Malaysian,citizen,Inpatient,Class 3,,0.0,,Percuma,,Ministry of Health Malaysia – Caj Rawatan,https://www.moh.gov.my/teras/info-kesihatan/kadar-perkhidmatan/caj-rawatan,2025-09-23,2026-08-25T14:22:02.410314+00:00
moh_treatment-2f7122709b946859,national_reference,MOH_TREATMENT,,,National,Radiotherapy / Oncology,Penyinaran Seluruh Badan (TBI),Penyinaran Seluruh Badan (TBI),treatment charge,Malaysian,citizen,Outpatient - private practitioner referral,,,450.0,,RM450,,Ministry of Health Malaysia – Caj Rawatan,https://www.moh.gov.my/teras/info-kesihatan/kadar-perkhidmatan/caj-rawatan,2025-09-23,2026-08-25T14:22:02.410314+00:00
moh_treatment-8e4c692fa3be0896,national_reference,MOH_TREATMENT,,,National,Radiotherapy / Oncology,Penyinaran Seluruh Badan (TBI),Penyinaran Seluruh Badan (TBI),treatment charge,Malaysian,citizen,Outpatient - government medical officer referral,,,0.0,,Percuma,,Ministry of Health Malaysia – Caj Rawatan,https://www.moh.gov.my/teras/info-kesihatan/kadar-perkhidmatan/caj-rawatan,2025-09-23,2026-08-25T14:22:02.410314+00:00
moh_treatment-a2f98f76ff250de9,national_reference,MOH_TREATMENT,,,National,Radiotherapy / Oncology,Penyinaran Seluruh Nodal (TNI),Penyinaran Seluruh Nodal (TNI),treatment charge,Malaysian,citizen,Inpatient,Class 1,,450.0,,RM450,,Ministry of Health Malaysia – Caj Rawatan,https://www.moh.gov.my/teras/info-kesihatan/kadar-perkhidmatan/caj-rawatan,2025-09-23,2026-08-25T14:22:02.410314+00:00
moh_treatment-d2f0eb10ea3de5c8,national_reference,MOH_TREATMENT,,,National,Radiotherapy / Oncology,Penyinaran Seluruh Nodal (TNI),Penyinaran Seluruh Nodal (TNI),treatment charge,Malaysian,citizen,Inpatient,Class 2,,200.0,,RM200,,Ministry of Health Malaysia – Caj Rawatan,https://www.moh.gov.my/teras/info-kesihatan/kadar-perkhidmatan/caj-rawatan,2025-09-23,2026-08-25T14:22:02.410314+00:00
moh_treatment-fa36a082da5cc796,national_reference,MOH_TREATMENT,,,National,Radiotherapy / Oncology,Penyinaran Seluruh Nodal (TNI),Penyinaran Seluruh Nodal (TNI),treatment charge,Malaysian,citizen,Inpatient,Class 3,,0.0,,Percuma,,Ministry of Health Malaysia – Caj Rawatan,https://www.moh.gov.my/teras/info-kesihatan/kadar-perkhidmatan/caj-rawatan,2025-09-23,2026-08-25T14:22:02.410314+00:00
moh_treatment-94b9634a7fa7d16b,national_reference,MOH_TREATMENT,,,National,Radiotherapy / Oncology,Penyinaran Seluruh Nodal (TNI),Penyinaran Seluruh Nodal (TNI),treatment charge,Malaysian,citizen,Outpatient - private practitioner referral,,,450.0,,RM450,,Ministry of Health Malaysia – Caj Rawatan,https://www.moh.gov.my/teras/info-kesihatan/kadar-perkhidmatan/caj-rawatan,2025-09-23,2026-08-25T14:22:02.410314+00:00
moh_treatment-a3a966f3b7d32dca,national_reference,MOH_TREATMENT,,,National,Radiotherapy / Oncology,Penyinaran Seluruh Nodal (TNI),Penyinaran Seluruh Nodal (TNI),treatment charge,Malaysian,citizen,Outpatient - government medical officer referral,,,0.0,,Percuma,,Ministry of Health Malaysia – Caj Rawatan,https://www.moh.gov.my/teras/info-kesihatan/kadar-perkhidmatan/caj-rawatan,2025-09-23,2026-08-25T14:22:02.410314+00:00
moh_treatment-429127e156b818b4,national_reference,MOH_TREATMENT,,,National,Radiotherapy / Oncology,Elektron Suluruh Badan (TBE),Elektron Suluruh Badan (TBE),treatment charge,Malaysian,citizen,Inpatient,Class 1,,450.0,,RM450,,Ministry of Health Malaysia – Caj Rawatan,https://www.moh.gov.my/teras/info-kesihatan/kadar-perkhidmatan/caj-rawatan,2025-09-23,2026-08-25T14:22:02.410314+00:00
moh_treatment-1edd60f75bc418c0,national_reference,MOH_TREATMENT,,,National,Radiotherapy / Oncology,Elektron Suluruh Badan (TBE),Elektron Suluruh Badan (TBE),treatment charge,Malaysian,citizen,Inpatient,Class 2,,200.0,,RM200,,Ministry of Health Malaysia – Caj Rawatan,https://www.moh.gov.my/teras/info-kesihatan/kadar-perkhidmatan/caj-rawatan,2025-09-23,2026-08-25T14:22:02.410314+00:00
moh_treatment-789ff66bb5b0ede8,national_reference,MOH_TREATMENT,,,National,Radiotherapy / Oncology,Elektron Suluruh Badan (TBE),Elektron Suluruh Badan (TBE),treatment charge,Malaysian,citizen,Inpatient,Class 3,,0.0,,Percuma,,Ministry of Health Malaysia – Caj Rawatan,https://www.moh.gov.my/teras/info-kesihatan/kadar-perkhidmatan/caj-rawatan,2025-09-23,2026-08-25T14:22:02.410314+00:00
moh_treatment-b12460c922e3802b,national_reference,MOH_TREATMENT,,,National,Radiotherapy / Oncology,Elektron Suluruh Badan (TBE),Elektron Suluruh Badan (TBE),treatment charge,Malaysian,citizen,Outpatient - private practitioner referral,,,450.0,,RM450,,Ministry of Health Malaysia – Caj Rawatan,https://www.moh.gov.my/teras/info-kesihatan/kadar-perkhidmatan/caj-rawatan,2025-09-23,2026-08-25T14:22:02.410314+00:00
moh_treatment-8893770137eee914,national_reference,MOH_TREATMENT,,,National,Radiotherapy / Oncology,Elektron Suluruh Badan (TBE),Elektron Suluruh Badan (TBE),treatment charge,Malaysian,citizen,Outpatient - government medical officer referral,,,0.0,,Percuma,,Ministry of Health Malaysia – Caj Rawatan,https://www.moh.gov.my/teras/info-kesihatan/kadar-perkhidmatan/caj-rawatan,2025-09-23,2026-08-25T14:22:02.410314+00:00
moh_treatment-7f494e56b98627dc,national_reference,MOH_TREATMENT,,,National,Radiotherapy / Oncology,Radioterapi Stereotaktik (SRT),Radioterapi Stereotaktik (SRT),treatment charge,Malaysian,citizen,Inpatient,Class 1,,450.0,,RM450,,Ministry of Health Malaysia – Caj Rawatan,https://www.moh.gov.my/teras/info-kesihatan/kadar-perkhidmatan/caj-rawatan,2025-09-23,2026-08-25T14:22:02.410314+00:00
moh_treatment-18a9d09b79139548,national_reference,MOH_TREATMENT,,,National,Radiotherapy / Oncology,Radioterapi Stereotaktik (SRT),Radioterapi Stereotaktik (SRT),treatment charge,Malaysian,citizen,Inpatient,Class 2,,200.0,,RM200,,Ministry of Health Malaysia – Caj Rawatan,https://www.moh.gov.my/teras/info-kesihatan/kadar-perkhidmatan/caj-rawatan,2025-09-23,2026-08-25T14:22:02.410314+00:00
moh_treatment-8781aec6d916b018,national_reference,MOH_TREATMENT,,,National,Radiotherapy / Oncology,Radioterapi Stereotaktik (SRT),Radioterapi Stereotaktik (SRT),treatment charge,Malaysian,citizen,Inpatient,Class 3,,0.0,,Percuma,,Ministry of Health Malaysia – Caj Rawatan,https://www.moh.gov.my/teras/info-kesihatan/kadar-perkhidmatan/caj-rawatan,2025-09-23,2026-08-25T14:22:02.410314+00:00
moh_treatment-ec99add0f03e5caf,national_reference,MOH_TREATMENT,,,National,Radiotherapy / Oncology,Radioterapi Stereotaktik (SRT),Radioterapi Stereotaktik (SRT),treatment charge,Malaysian,citizen,Outpatient - private practitioner referral,,,450.0,,RM450,,Ministry of Health Malaysia – Caj Rawatan,https://www.moh.gov.my/teras/info-kesihatan/kadar-perkhidmatan/caj-rawatan,2025-09-23,2026-08-25T14:22:02.410314+00:00
moh_treatment-aff8452050976582,national_reference,MOH_TREATMENT,,,National,Radiotherapy / Oncology,Radioterapi Stereotaktik (SRT),Radioterapi Stereotaktik (SRT),treatment charge,Malaysian,citizen,Outpatient - government medical officer referral,,,0.0,,Percuma,,Ministry of Health Malaysia – Caj Rawatan,https://www.moh.gov.my/teras/info-kesihatan/kadar-perkhidmatan/caj-rawatan,2025-09-23,2026-08-25T14:22:02.410314+00:00
moh_treatment-f02b1464b8c221dc,national_reference,MOH_TREATMENT,,,National,Radiotherapy / Oncology,Radiosurgeri Stereotaktik (SRS),Radiosurgeri Stereotaktik (SRS),treatment charge,Malaysian,citizen,Inpatient,Class 1,,450.0,,RM450,,Ministry of Health Malaysia – Caj Rawatan,https://www.moh.gov.my/teras/info-kesihatan/kadar-perkhidmatan/caj-rawatan,2025-09-23,2026-08-25T14:22:02.410314+00:00
moh_treatment-a2dcc73d87fe8622,national_reference,MOH_TREATMENT,,,National,Radiotherapy / Oncology,Radiosurgeri Stereotaktik (SRS),Radiosurgeri Stereotaktik (SRS),treatment charge,Malaysian,citizen,Inpatient,Class 2,,200.0,,RM200,,Ministry of Health Malaysia – Caj Rawatan,https://www.moh.gov.my/teras/info-kesihatan/kadar-perkhidmatan/caj-rawatan,2025-09-23,2026-08-25T14:22:02.410314+00:00
moh_treatment-83781cccde3e316c,national_reference,MOH_TREATMENT,,,National,Radiotherapy / Oncology,Radiosurgeri Stereotaktik (SRS),Radiosurgeri Stereotaktik (SRS),treatment charge,Malaysian,citizen,Inpatient,Class 3,,0.0,,Percuma,,Ministry of Health Malaysia – Caj Rawatan,https://www.moh.gov.my/teras/info-kesihatan/kadar-perkhidmatan/caj-rawatan,2025-09-23,2026-08-25T14:22:02.410314+00:00
moh_treatment-b2596a2e45d206cd,national_reference,MOH_TREATMENT,,,National,Radiotherapy / Oncology,Radiosurgeri Stereotaktik (SRS),Radiosurgeri Stereotaktik (SRS),treatment charge,Malaysian,citizen,Outpatient - private practitioner referral,,,450.0,,RM450,,Ministry of Health Malaysia – Caj Rawatan,https://www.moh.gov.my/teras/info-kesihatan/kadar-perkhidmatan/caj-rawatan,2025-09-23,2026-08-25T14:22:02.410314+00:00
moh_treatment-609de6b789d43cc5,national_reference,MOH_TREATMENT,,,National,Radiotherapy / Oncology,Radiosurgeri Stereotaktik (SRS),Radiosurgeri Stereotaktik (SRS),treatment charge,Malaysian,citizen,Outpatient - government medical officer referral,,,0.0,,Percuma,,Ministry of Health Malaysia – Caj Rawatan,https://www.moh.gov.my/teras/info-kesihatan/kadar-perkhidmatan/caj-rawatan,2025-09-23,2026-08-25T14:22:02.410314+00:00
moh_treatment-72057ec2b78229a4,national_reference,MOH_TREATMENT,,,National,Radiotherapy / Oncology,Radioterapi Stereotaktik Badan (SBRT),Radioterapi Stereotaktik Badan (SBRT),treatment charge,Malaysian,citizen,Inpatient,Class 1,,450.0,,RM450,,Ministry of Health Malaysia – Caj Rawatan,https://www.moh.gov.my/teras/info-kesihatan/kadar-perkhidmatan/caj-rawatan,2025-09-23,2026-08-25T14:22:02.410314+00:00
moh_treatment-d82670c371c975eb,national_reference,MOH_TREATMENT,,,National,Radiotherapy / Oncology,Radioterapi Stereotaktik Badan (SBRT),Radioterapi Stereotaktik Badan (SBRT),treatment charge,Malaysian,citizen,Inpatient,Class 2,,200.0,,RM200,,Ministry of Health Malaysia – Caj Rawatan,https://www.moh.gov.my/teras/info-kesihatan/kadar-perkhidmatan/caj-rawatan,2025-09-23,2026-08-25T14:22:02.410314+00:00
moh_treatment-d45b4075ddc4c6d2,national_reference,MOH_TREATMENT,,,National,Radiotherapy / Oncology,Radioterapi Stereotaktik Badan (SBRT),Radioterapi Stereotaktik Badan (SBRT),treatment charge,Malaysian,citizen,Inpatient,Class 3,,0.0,,Percuma,,Ministry of Health Malaysia – Caj Rawatan,https://www.moh.gov.my/teras/info-kesihatan/kadar-perkhidmatan/caj-rawatan,2025-09-23,2026-08-25T14:22:02.410314+00:00
moh_treatment-852d687cdd780f5a,national_reference,MOH_TREATMENT,,,National,Radiotherapy / Oncology,Radioterapi Stereotaktik Badan (SBRT),Radioterapi Stereotaktik Badan (SBRT),treatment charge,Malaysian,citizen,Outpatient - private practitioner referral,,,450.0,,RM450,,Ministry of Health Malaysia – Caj Rawatan,https://www.moh.gov.my/teras/info-kesihatan/kadar-perkhidmatan/caj-rawatan,2025-09-23,2026-08-25T14:22:02.410314+00:00
moh_treatment-4b2a1770203cf096,national_reference,MOH_TREATMENT,,,National,Radiotherapy / Oncology,Radioterapi Stereotaktik Badan (SBRT),Radioterapi Stereotaktik Badan (SBRT),treatment charge,Malaysian,citizen,Outpatient - government medical officer referral,,,0.0,,Percuma,,Ministry of Health Malaysia – Caj Rawatan,https://www.moh.gov.my/teras/info-kesihatan/kadar-perkhidmatan/caj-rawatan,2025-09-23,2026-08-25T14:22:02.410314+00:00
moh_treatment-91e8eecf6f91ea56,national_reference,MOH_TREATMENT,,,National,Radiotherapy / Oncology,2D/ medan tunggal/ selari setentang (setiap pecahan),2D/ medan tunggal/ selari setentang (setiap pecahan),treatment charge,Malaysian,citizen,Inpatient,Class 1,,100.0,per fraction,RM100,,Ministry of Health Malaysia – Caj Rawatan,https://www.moh.gov.my/teras/info-kesihatan/kadar-perkhidmatan/caj-rawatan,2025-09-23,2026-08-25T14:22:02.410314+00:00
moh_treatment-9d0ec1636d556a97,national_reference,MOH_TREATMENT,,,National,Radiotherapy / Oncology,2D/ medan tunggal/ selari setentang (setiap pecahan),2D/ medan tunggal/ selari setentang (setiap pecahan),treatment charge,Malaysian,citizen,Inpatient,Class 2,,50.0,per fraction,RM50,,Ministry of Health Malaysia – Caj Rawatan,https://www.moh.gov.my/teras/info-kesihatan/kadar-perkhidmatan/caj-rawatan,2025-09-23,2026-08-25T14:22:02.410314+00:00
moh_treatment-7d5f1169c7e7ec9d,national_reference,MOH_TREATMENT,,,National,Radiotherapy / Oncology,2D/ medan tunggal/ selari setentang (setiap pecahan),2D/ medan tunggal/ selari setentang (setiap pecahan),treatment charge,Malaysian,citizen,Inpatient,Class 3,,12.0,per fraction,RM12,,Ministry of Health Malaysia – Caj Rawatan,https://www.moh.gov.my/teras/info-kesihatan/kadar-perkhidmatan/caj-rawatan,2025-09-23,2026-08-25T14:22:02.410314+00:00
moh_treatment-86d8c0b819747da9,national_reference,MOH_TREATMENT,,,National,Radiotherapy / Oncology,2D/ medan tunggal/ selari setentang (setiap pecahan),2D/ medan tunggal/ selari setentang (setiap pecahan),treatment charge,Malaysian,citizen,Outpatient - private practitioner referral,,,100.0,per fraction,RM100,,Ministry of Health Malaysia – Caj Rawatan,https://www.moh.gov.my/teras/info-kesihatan/kadar-perkhidmatan/caj-rawatan,2025-09-23,2026-08-25T14:22:02.410314+00:00
moh_treatment-b962c6dae5f2a190,national_reference,MOH_TREATMENT,,,National,Radiotherapy / Oncology,2D/ medan tunggal/ selari setentang (setiap pecahan),2D/ medan tunggal/ selari setentang (setiap pecahan),treatment charge,Malaysian,citizen,Outpatient - government medical officer referral,,,12.0,per fraction,RM12,,Ministry of Health Malaysia – Caj Rawatan,https://www.moh.gov.my/teras/info-kesihatan/kadar-perkhidmatan/caj-rawatan,2025-09-23,2026-08-25T14:22:02.410314+00:00
moh_treatment-ff20e2069b0fe43d,national_reference,MOH_TREATMENT,,,National,Radiotherapy / Oncology,3D/apa-apa rancangan dengan 3 atau lebih medan (setiap pecahan),3D/apa-apa rancangan dengan 3 atau lebih medan (setiap pecahan),treatment charge,Malaysian,citizen,Inpatient,Class 1,,100.0,per fraction,RM100,,Ministry of Health Malaysia – Caj Rawatan,https://www.moh.gov.my/teras/info-kesihatan/kadar-perkhidmatan/caj-rawatan,2025-09-23,2026-08-25T14:22:02.410314+00:00
moh_treatment-657476ca545647d6,national_reference,MOH_TREATMENT,,,National,Radiotherapy / Oncology,3D/apa-apa rancangan dengan 3 atau lebih medan (setiap pecahan),3D/apa-apa rancangan dengan 3 atau lebih medan (setiap pecahan),treatment charge,Malaysian,citizen,Inpatient,Class 2,,50.0,per fraction,RM50,,Ministry of Health Malaysia – Caj Rawatan,https://www.moh.gov.my/teras/info-kesihatan/kadar-perkhidmatan/caj-rawatan,2025-09-23,2026-08-25T14:22:02.410314+00:00
moh_treatment-93a2ef9d9353d682,national_reference,MOH_TREATMENT,,,National,Radiotherapy / Oncology,3D/apa-apa rancangan dengan 3 atau lebih medan (setiap pecahan),3D/apa-apa rancangan dengan 3 atau lebih medan (setiap pecahan),treatment charge,Malaysian,citizen,Inpatient,Class 3,,12.0,per fraction,RM12,,Ministry of Health Malaysia – Caj Rawatan,https://www.moh.gov.my/teras/info-kesihatan/kadar-perkhidmatan/caj-rawatan,2025-09-23,2026-08-25T14:22:02.410314+00:00
moh_treatment-30ecf6352db477db,national_reference,MOH_TREATMENT,,,National,Radiotherapy / Oncology,3D/apa-apa rancangan dengan 3 atau lebih medan (setiap pecahan),3D/apa-apa rancangan dengan 3 atau lebih medan (setiap pecahan),treatment charge,Malaysian,citizen,Outpatient - private practitioner referral,,,100.0,per fraction,RM100,,Ministry of Health Malaysia – Caj Rawatan,https://www.moh.gov.my/teras/info-kesihatan/kadar-perkhidmatan/caj-rawatan,2025-09-23,2026-08-25T14:22:02.410314+00:00
moh_treatment-0b4a8b05cba4352e,national_reference,MOH_TREATMENT,,,National,Radiotherapy / Oncology,3D/apa-apa rancangan dengan 3 atau lebih medan (setiap pecahan),3D/apa-apa rancangan dengan 3 atau lebih medan (setiap pecahan),treatment charge,Malaysian,citizen,Outpatient - government medical officer referral,,,12.0,per fraction,RM12,,Ministry of Health Malaysia – Caj Rawatan,https://www.moh.gov.my/teras/info-kesihatan/kadar-perkhidmatan/caj-rawatan,2025-09-23,2026-08-25T14:22:02.410314+00:00
moh_treatment-d4bd36b20db8fac6,national_reference,MOH_TREATMENT,,,National,Radiotherapy / Oncology,IMRT (setiap pecahan),IMRT (setiap pecahan),treatment charge,Malaysian,citizen,Inpatient,Class 1,,100.0,per fraction,RM100,,Ministry of Health Malaysia – Caj Rawatan,https://www.moh.gov.my/teras/info-kesihatan/kadar-perkhidmatan/caj-rawatan,2025-09-23,2026-08-25T14:22:02.410314+00:00
moh_treatment-6acdc2bdea8e5fa4,national_reference,MOH_TREATMENT,,,National,Radiotherapy / Oncology,IMRT (setiap pecahan),IMRT (setiap pecahan),treatment charge,Malaysian,citizen,Inpatient,Class 2,,50.0,per fraction,RM50,,Ministry of Health Malaysia – Caj Rawatan,https://www.moh.gov.my/teras/info-kesihatan/kadar-perkhidmatan/caj-rawatan,2025-09-23,2026-08-25T14:22:02.410314+00:00
moh_treatment-3b041182bcfc62a0,national_reference,MOH_TREATMENT,,,National,Radiotherapy / Oncology,IMRT (setiap pecahan),IMRT (setiap pecahan),treatment charge,Malaysian,citizen,Inpatient,Class 3,,12.0,per fraction,RM12,,Ministry of Health Malaysia – Caj Rawatan,https://www.moh.gov.my/teras/info-kesihatan/kadar-perkhidmatan/caj-rawatan,2025-09-23,2026-08-25T14:22:02.410314+00:00
moh_treatment-0b46d1cd31a9ea32,national_reference,MOH_TREATMENT,,,National,Radiotherapy / Oncology,IMRT (setiap pecahan),IMRT (setiap pecahan),treatment charge,Malaysian,citizen,Outpatient - private practitioner referral,,,100.0,per fraction,RM100,,Ministry of Health Malaysia – Caj Rawatan,https://www.moh.gov.my/teras/info-kesihatan/kadar-perkhidmatan/caj-rawatan,2025-09-23,2026-08-25T14:22:02.410314+00:00
moh_treatment-10f1998bc3dcf1f2,national_reference,MOH_TREATMENT,,,National,Radiotherapy / Oncology,IMRT (setiap pecahan),IMRT (setiap pecahan),treatment charge,Malaysian,citizen,Outpatient - government medical officer referral,,,12.0,per fraction,RM12,,Ministry of Health Malaysia – Caj Rawatan,https://www.moh.gov.my/teras/info-kesihatan/kadar-perkhidmatan/caj-rawatan,2025-09-23,2026-08-25T14:22:02.410314+00:00
moh_treatment-4dbc8ff270ba0db7,national_reference,MOH_TREATMENT,,,National,Radiotherapy / Oncology,TBI (setiap pecahan),TBI (setiap pecahan),treatment charge,Malaysian,citizen,Inpatient,Class 1,,100.0,per fraction,RM100,,Ministry of Health Malaysia – Caj Rawatan,https://www.moh.gov.my/teras/info-kesihatan/kadar-perkhidmatan/caj-rawatan,2025-09-23,2026-08-25T14:22:02.410314+00:00
moh_treatment-d227b5edf5c5bccd,national_reference,MOH_TREATMENT,,,National,Radiotherapy / Oncology,TBI (setiap pecahan),TBI (setiap pecahan),treatment charge,Malaysian,citizen,Inpatient,Class 2,,50.0,per fraction,RM50,,Ministry of Health Malaysia – Caj Rawatan,https://www.moh.gov.my/teras/info-kesihatan/kadar-perkhidmatan/caj-rawatan,2025-09-23,2026-08-25T14:22:02.410314+00:00
moh_treatment-1cd8b2f12bbd5d6b,national_reference,MOH_TREATMENT,,,National,Radiotherapy / Oncology,TBI (setiap pecahan),TBI (setiap pecahan),treatment charge,Malaysian,citizen,Inpatient,Class 3,,12.0,per fraction,RM12,,Ministry of Health Malaysia – Caj Rawatan,https://www.moh.gov.my/teras/info-kesihatan/kadar-perkhidmatan/caj-rawatan,2025-09-23,2026-08-25T14:22:02.410314+00:00
moh_treatment-7726d7f55849b272,national_reference,MOH_TREATMENT,,,National,Radiotherapy / Oncology,TBI (setiap pecahan),TBI (setiap pecahan),treatment charge,Malaysian,citizen,Outpatient - private practitioner referral,,,100.0,per fraction,RM100,,Ministry of Health Malaysia – Caj Rawatan,https://www.moh.gov.my/teras/info-kesihatan/kadar-perkhidmatan/caj-rawatan,2025-09-23,2026-08-25T14:22:02.410314+00:00
moh_treatment-d2dde126365b5289,national_reference,MOH_TREATMENT,,,National,Radiotherapy / Oncology,TBI (setiap pecahan),TBI (setiap pecahan),treatment charge,Malaysian,citizen,Outpatient - government medical officer referral,,,12.0,per fraction,RM12,,Ministry of Health Malaysia – Caj Rawatan,https://www.moh.gov.my/teras/info-kesihatan/kadar-perkhidmatan/caj-rawatan,2025-09-23,2026-08-25T14:22:02.410314+00:00
moh_treatment-c8dea87a4c1027ab,national_reference,MOH_TREATMENT,,,National,Radiotherapy / Oncology,TNI (setiap pecahan),TNI (setiap pecahan),treatment charge,Malaysian,citizen,Inpatient,Class 1,,100.0,per fraction,RM100,,Ministry of Health Malaysia – Caj Rawatan,https://www.moh.gov.my/teras/info-kesihatan/kadar-perkhidmatan/caj-rawatan,2025-09-23,2026-08-25T14:22:02.410314+00:00
moh_treatment-dfa1f980ad34fc93,national_reference,MOH_TREATMENT,,,National,Radiotherapy / Oncology,TNI (setiap pecahan),TNI (setiap pecahan),treatment charge,Malaysian,citizen,Inpatient,Class 2,,50.0,per fraction,RM50,,Ministry of Health Malaysia – Caj Rawatan,https://www.moh.gov.my/teras/info-kesihatan/kadar-perkhidmatan/caj-rawatan,2025-09-23,2026-08-25T14:22:02.410314+00:00
moh_treatment-3beb8f64f5ea6f8c,national_reference,MOH_TREATMENT,,,National,Radiotherapy / Oncology,TNI (setiap pecahan),TNI (setiap pecahan),treatment charge,Malaysian,citizen,Inpatient,Class 3,,12.0,per fraction,RM12,,Ministry of Health Malaysia – Caj Rawatan,https://www.moh.gov.my/teras/info-kesihatan/kadar-perkhidmatan/caj-rawatan,2025-09-23,2026-08-25T14:22:02.410314+00:00
moh_treatment-ca7fa887aecbe60d,national_reference,MOH_TREATMENT,,,National,Radiotherapy / Oncology,TNI (setiap pecahan),TNI (setiap pecahan),treatment charge,Malaysian,citizen,Outpatient - private practitioner referral,,,100.0,per fraction,RM100,,Ministry of Health Malaysia – Caj Rawatan,https://www.moh.gov.my/teras/info-kesihatan/kadar-perkhidmatan/caj-rawatan,2025-09-23,2026-08-25T14:22:02.410314+00:00
moh_treatment-659d88793156bdbb,national_reference,MOH_TREATMENT,,,National,Radiotherapy / Oncology,TNI (setiap pecahan),TNI (setiap pecahan),treatment charge,Malaysian,citizen,Outpatient - government medical officer referral,,,12.0,per fraction,RM12,,Ministry of Health Malaysia – Caj Rawatan,https://www.moh.gov.my/teras/info-kesihatan/kadar-perkhidmatan/caj-rawatan,2025-09-23,2026-08-25T14:22:02.410314+00:00
moh_treatment-37e56f006d077dd2,national_reference,MOH_TREATMENT,,,National,Radiotherapy / Oncology,SRT (setiap pecahan),SRT (setiap pecahan),treatment charge,Malaysian,citizen,Inpatient,Class 1,,100.0,per fraction,RM100,,Ministry of Health Malaysia – Caj Rawatan,https://www.moh.gov.my/teras/info-kesihatan/kadar-perkhidmatan/caj-rawatan,2025-09-23,2026-08-25T14:22:02.410314+00:00
moh_treatment-732f3b9d15789b3f,national_reference,MOH_TREATMENT,,,National,Radiotherapy / Oncology,SRT (setiap pecahan),SRT (setiap pecahan),treatment charge,Malaysian,citizen,Inpatient,Class 2,,50.0,per fraction,RM50,,Ministry of Health Malaysia – Caj Rawatan,https://www.moh.gov.my/teras/info-kesihatan/kadar-perkhidmatan/caj-rawatan,2025-09-23,2026-08-25T14:22:02.410314+00:00
moh_treatment-530115bfa0cf98fc,national_reference,MOH_TREATMENT,,,National,Radiotherapy / Oncology,SRT (setiap pecahan),SRT (setiap pecahan),treatment charge,Malaysian,citizen,Inpatient,Class 3,,12.0,per fraction,RM12,,Ministry of Health Malaysia – Caj Rawatan,https://www.moh.gov.my/teras/info-kesihatan/kadar-perkhidmatan/caj-rawatan,2025-09-23,2026-08-25T14:22:02.410314+00:00
moh_treatment-107c173a924528ac,national_reference,MOH_TREATMENT,,,National,Radiotherapy / Oncology,SRT (setiap pecahan),SRT (setiap pecahan),treatment charge,Malaysian,citizen,Outpatient - private practitioner referral,,,100.0,per fraction,RM100,,Ministry of Health Malaysia – Caj Rawatan,https://www.moh.gov.my/teras/info-kesihatan/kadar-perkhidmatan/caj-rawatan,2025-09-23,2026-08-25T14:22:02.410314+00:00
moh_treatment-01c58037dfbeb893,national_reference,MOH_TREATMENT,,,National,Radiotherapy / Oncology,SRT (setiap pecahan),SRT (setiap pecahan),treatment charge,Malaysian,citizen,Outpatient - government medical officer referral,,,12.0,per fraction,RM12,,Ministry of Health Malaysia – Caj Rawatan,https://www.moh.gov.my/teras/info-kesihatan/kadar-perkhidmatan/caj-rawatan,2025-09-23,2026-08-25T14:22:02.410314+00:00
moh_treatment-6b5fc8304051bc47,national_reference,MOH_TREATMENT,,,National,Radiotherapy / Oncology,SRS,SRS,treatment charge,Malaysian,citizen,Inpatient,Class 1,,7000.0,,"RM7,000 (rawatan pakej untuk sekali caj sahaja)",,Ministry of Health Malaysia – Caj Rawatan,https://www.moh.gov.my/teras/info-kesihatan/kadar-perkhidmatan/caj-rawatan,2025-09-23,2026-08-25T14:22:02.410314+00:00
moh_treatment-83d3e89a9219356c,national_reference,MOH_TREATMENT,,,National,Radiotherapy / Oncology,SRS,SRS,treatment charge,Malaysian,citizen,Inpatient,Class 2,,5000.0,,"RM5,000 (rawatan pakej untuk sekali caj sahaja)",,Ministry of Health Malaysia – Caj Rawatan,https://www.moh.gov.my/teras/info-kesihatan/kadar-perkhidmatan/caj-rawatan,2025-09-23,2026-08-25T14:22:02.410314+00:00
moh_treatment-aa86c972d835cc8d,national_reference,MOH_TREATMENT,,,National,Radiotherapy / Oncology,SRS,SRS,treatment charge,Malaysian,citizen,Inpatient,Class 3,,12.0,,RM12 (setiap rawatan),,Ministry of Health Malaysia – Caj Rawatan,https://www.moh.gov.my/teras/info-kesihatan/kadar-perkhidmatan/caj-rawatan,2025-09-23,2026-08-25T14:22:02.410314+00:00
moh_treatment-b71b1e887b18ae15,national_reference,MOH_TREATMENT,,,National,Radiotherapy / Oncology,SRS,SRS,treatment charge,Malaysian,citizen,Outpatient - private practitioner referral,,,7000.0,,"RM7,000 (rawatan pakej untuk sekali caj sahaja)",,Ministry of Health Malaysia – Caj Rawatan,https://www.moh.gov.my/teras/info-kesihatan/kadar-perkhidmatan/caj-rawatan,2025-09-23,2026-08-25T14:22:02.410314+00:00
moh_treatment-a881763d44702ce9,national_reference,MOH_TREATMENT,,,National,Radiotherapy / Oncology,SRS,SRS,treatment charge,Malaysian,citizen,Outpatient - government medical officer referral,,,12.0,,RM12 (setiap rawatan),,Ministry of Health Malaysia – Caj Rawatan,https://www.moh.gov.my/teras/info-kesihatan/kadar-perkhidmatan/caj-rawatan,2025-09-23,2026-08-25T14:22:02.410314+00:00
moh_treatment-cdc15b3c299174f8,national_reference,MOH_TREATMENT,,,National,Radiotherapy / Oncology,SBRT,SBRT,treatment charge,Malaysian,citizen,Inpatient,Class 1,,7000.0,,"RM7,000 (rawatan pakej untuk sekali caj sahaja)",,Ministry of Health Malaysia – Caj Rawatan,https://www.moh.gov.my/teras/info-kesihatan/kadar-perkhidmatan/caj-rawatan,2025-09-23,2026-08-25T14:22:02.410314+00:00
moh_treatment-e20d82844758d885,national_reference,MOH_TREATMENT,,,National,Radiotherapy / Oncology,SBRT,SBRT,treatment charge,Malaysian,citizen,Inpatient,Class 2,,5000.0,,"RM5,000 (rawatan pakej untuk sekali caj sahaja)",,Ministry of Health Malaysia – Caj Rawatan,https://www.moh.gov.my/teras/info-kesihatan/kadar-perkhidmatan/caj-rawatan,2025-09-23,2026-08-25T14:22:02.410314+00:00
moh_treatment-c4bf5378178bcf2e,national_reference,MOH_TREATMENT,,,National,Radiotherapy / Oncology,SBRT,SBRT,treatment charge,Malaysian,citizen,Inpatient,Class 3,,12.0,,RM12 (setiap rawatan),,Ministry of Health Malaysia – Caj Rawatan,https://www.moh.gov.my/teras/info-kesihatan/kadar-perkhidmatan/caj-rawatan,2025-09-23,2026-08-25T14:22:02.410314+00:00
moh_treatment-11b516b7410ddd05,national_reference,MOH_TREATMENT,,,National,Radiotherapy / Oncology,SBRT,SBRT,treatment charge,Malaysian,citizen,Outpatient - private practitioner referral,,,7000.0,,"RM7,000 (rawatan pakej untuk sekali caj sahaja)",,Ministry of Health Malaysia – Caj Rawatan,https://www.moh.gov.my/teras/info-kesihatan/kadar-perkhidmatan/caj-rawatan,2025-09-23,2026-08-25T14:22:02.410314+00:00
moh_treatment-78ea97e0f4a83f29,national_reference,MOH_TREATMENT,,,National,Radiotherapy / Oncology,SBRT,SBRT,treatment charge,Malaysian,citizen,Outpatient - government medical officer referral,,,12.0,,RM12 (setiap rawatan),,Ministry of Health Malaysia – Caj Rawatan,https://www.moh.gov.my/teras/info-kesihatan/kadar-perkhidmatan/caj-rawatan,2025-09-23,2026-08-25T14:22:02.410314+00:00
moh_treatment-6f18e5d7cbbb0a8b,national_reference,MOH_TREATMENT,,,National,Radiotherapy / Oncology,Intrakavitari: Dobi/sumber satu baris (setiap sesi),Intrakavitari: Dobi/sumber satu baris (setiap sesi),treatment charge,Malaysian,citizen,Inpatient,Class 1,,75.0,per session,RM75,,Ministry of Health Malaysia – Caj Rawatan,https://www.moh.gov.my/teras/info-kesihatan/kadar-perkhidmatan/caj-rawatan,2025-09-23,2026-08-25T14:22:02.410314+00:00
moh_treatment-d682fdeeaadbc1c1,national_reference,MOH_TREATMENT,,,National,Radiotherapy / Oncology,Intrakavitari: Dobi/sumber satu baris (setiap sesi),Intrakavitari: Dobi/sumber satu baris (setiap sesi),treatment charge,Malaysian,citizen,Inpatient,Class 2,,30.0,per session,RM30,,Ministry of Health Malaysia – Caj Rawatan,https://www.moh.gov.my/teras/info-kesihatan/kadar-perkhidmatan/caj-rawatan,2025-09-23,2026-08-25T14:22:02.410314+00:00
moh_treatment-3e289dbad174ce82,national_reference,MOH_TREATMENT,,,National,Radiotherapy / Oncology,Intrakavitari: Dobi/sumber satu baris (setiap sesi),Intrakavitari: Dobi/sumber satu baris (setiap sesi),treatment charge,Malaysian,citizen,Inpatient,Class 3,,6.0,per session,RM6,,Ministry of Health Malaysia – Caj Rawatan,https://www.moh.gov.my/teras/info-kesihatan/kadar-perkhidmatan/caj-rawatan,2025-09-23,2026-08-25T14:22:02.410314+00:00
moh_treatment-9709c136e3a83981,national_reference,MOH_TREATMENT,,,National,Radiotherapy / Oncology,Intrakavitari: Dobi/sumber satu baris (setiap sesi),Intrakavitari: Dobi/sumber satu baris (setiap sesi),treatment charge,Malaysian,citizen,Outpatient - private practitioner referral,,,75.0,per session,RM75,,Ministry of Health Malaysia – Caj Rawatan,https://www.moh.gov.my/teras/info-kesihatan/kadar-perkhidmatan/caj-rawatan,2025-09-23,2026-08-25T14:22:02.410314+00:00
moh_treatment-b70198025c922187,national_reference,MOH_TREATMENT,,,National,Radiotherapy / Oncology,Intrakavitari: Dobi/sumber satu baris (setiap sesi),Intrakavitari: Dobi/sumber satu baris (setiap sesi),treatment charge,Malaysian,citizen,Outpatient - government medical officer referral,,,6.0,per session,RM6,,Ministry of Health Malaysia – Caj Rawatan,https://www.moh.gov.my/teras/info-kesihatan/kadar-perkhidmatan/caj-rawatan,2025-09-23,2026-08-25T14:22:02.410314+00:00
moh_treatment-51be063d7fe213f4,national_reference,MOH_TREATMENT,,,National,Radiotherapy / Oncology,Intrakavitari: ovoid berpasangan (setiap sesi),Intrakavitari: ovoid berpasangan (setiap sesi),treatment charge,Malaysian,citizen,Inpatient,Class 1,,75.0,per session,RM75,,Ministry of Health Malaysia – Caj Rawatan,https://www.moh.gov.my/teras/info-kesihatan/kadar-perkhidmatan/caj-rawatan,2025-09-23,2026-08-25T14:22:02.410314+00:00
moh_treatment-43fcb43def7b91f2,national_reference,MOH_TREATMENT,,,National,Radiotherapy / Oncology,Intrakavitari: ovoid berpasangan (setiap sesi),Intrakavitari: ovoid berpasangan (setiap sesi),treatment charge,Malaysian,citizen,Inpatient,Class 2,,30.0,per session,RM30,,Ministry of Health Malaysia – Caj Rawatan,https://www.moh.gov.my/teras/info-kesihatan/kadar-perkhidmatan/caj-rawatan,2025-09-23,2026-08-25T14:22:02.410314+00:00
moh_treatment-7a47e2fb1d4adc12,national_reference,MOH_TREATMENT,,,National,Radiotherapy / Oncology,Intrakavitari: ovoid berpasangan (setiap sesi),Intrakavitari: ovoid berpasangan (setiap sesi),treatment charge,Malaysian,citizen,Inpatient,Class 3,,6.0,per session,RM6,,Ministry of Health Malaysia – Caj Rawatan,https://www.moh.gov.my/teras/info-kesihatan/kadar-perkhidmatan/caj-rawatan,2025-09-23,2026-08-25T14:22:02.410314+00:00
moh_treatment-fb348072134f9e55,national_reference,MOH_TREATMENT,,,National,Radiotherapy / Oncology,Intrakavitari: ovoid berpasangan (setiap sesi),Intrakavitari: ovoid berpasangan (setiap sesi),treatment charge,Malaysian,citizen,Outpatient - private practitioner referral,,,75.0,per session,RM75,,Ministry of Health Malaysia – Caj Rawatan,https://www.moh.gov.my/teras/info-kesihatan/kadar-perkhidmatan/caj-rawatan,2025-09-23,2026-08-25T14:22:02.410314+00:00
moh_treatment-bb6c3f9ae5d942f7,national_reference,MOH_TREATMENT,,,National,Radiotherapy / Oncology,Intrakavitari: ovoid berpasangan (setiap sesi),Intrakavitari: ovoid berpasangan (setiap sesi),treatment charge,Malaysian,citizen,Outpatient - government medical officer referral,,,6.0,per session,RM6,,Ministry of Health Malaysia – Caj Rawatan,https://www.moh.gov.my/teras/info-kesihatan/kadar-perkhidmatan/caj-rawatan,2025-09-23,2026-08-25T14:22:02.410314+00:00
moh_treatment-42b69dc00f532966,national_reference,MOH_TREATMENT,,,National,Radiotherapy / Oncology,Intrakavitari: intrakavitari penuh (setiap sesi),Intrakavitari: intrakavitari penuh (setiap sesi),treatment charge,Malaysian,citizen,Inpatient,Class 1,,75.0,per session,RM75,,Ministry of Health Malaysia – Caj Rawatan,https://www.moh.gov.my/teras/info-kesihatan/kadar-perkhidmatan/caj-rawatan,2025-09-23,2026-08-25T14:22:02.410314+00:00
moh_treatment-e4ec9ae1f2027fb0,national_reference,MOH_TREATMENT,,,National,Radiotherapy / Oncology,Intrakavitari: intrakavitari penuh (setiap sesi),Intrakavitari: intrakavitari penuh (setiap sesi),treatment charge,Malaysian,citizen,Inpatient,Class 2,,30.0,per session,RM30,,Ministry of Health Malaysia – Caj Rawatan,https://www.moh.gov.my/teras/info-kesihatan/kadar-perkhidmatan/caj-rawatan,2025-09-23,2026-08-25T14:22:02.410314+00:00
moh_treatment-9f0496a5e3328db6,national_reference,MOH_TREATMENT,,,National,Radiotherapy / Oncology,Intrakavitari: intrakavitari penuh (setiap sesi),Intrakavitari: intrakavitari penuh (setiap sesi),treatment charge,Malaysian,citizen,Inpatient,Class 3,,6.0,per session,RM6,,Ministry of Health Malaysia – Caj Rawatan,https://www.moh.gov.my/teras/info-kesihatan/kadar-perkhidmatan/caj-rawatan,2025-09-23,2026-08-25T14:22:02.410314+00:00
moh_treatment-aca444649ff537fa,national_reference,MOH_TREATMENT,,,National,Radiotherapy / Oncology,Intrakavitari: intrakavitari penuh (setiap sesi),Intrakavitari: intrakavitari penuh (setiap sesi),treatment charge,Malaysian,citizen,Outpatient - private practitioner referral,,,75.0,per session,RM75,,Ministry of Health Malaysia – Caj Rawatan,https://www.moh.gov.my/teras/info-kesihatan/kadar-perkhidmatan/caj-rawatan,2025-09-23,2026-08-25T14:22:02.410314+00:00
moh_treatment-3a88f219e2e23330,national_reference,MOH_TREATMENT,,,National,Radiotherapy / Oncology,Intrakavitari: intrakavitari penuh (setiap sesi),Intrakavitari: intrakavitari penuh (setiap sesi),treatment charge,Malaysian,citizen,Outpatient - government medical officer referral,,,6.0,per session,RM6,,Ministry of Health Malaysia – Caj Rawatan,https://www.moh.gov.my/teras/info-kesihatan/kadar-perkhidmatan/caj-rawatan,2025-09-23,2026-08-25T14:22:02.410314+00:00
moh_treatment-9e63c7b9fe531544,national_reference,MOH_TREATMENT,,,National,Radiotherapy / Oncology,Intrakavitari: bagi kanser nasofaringeal (NPC) (setiap sesi),Intrakavitari: bagi kanser nasofaringeal (NPC) (setiap sesi),treatment charge,Malaysian,citizen,Inpatient,Class 1,,75.0,per session,RM75,,Ministry of Health Malaysia – Caj Rawatan,https://www.moh.gov.my/teras/info-kesihatan/kadar-perkhidmatan/caj-rawatan,2025-09-23,2026-08-25T14:22:02.410314+00:00
moh_treatment-eec129543151ec02,national_reference,MOH_TREATMENT,,,National,Radiotherapy / Oncology,Intrakavitari: bagi kanser nasofaringeal (NPC) (setiap sesi),Intrakavitari: bagi kanser nasofaringeal (NPC) (setiap sesi),treatment charge,Malaysian,citizen,Inpatient,Class 2,,30.0,per session,RM30,,Ministry of Health Malaysia – Caj Rawatan,https://www.moh.gov.my/teras/info-kesihatan/kadar-perkhidmatan/caj-rawatan,2025-09-23,2026-08-25T14:22:02.410314+00:00
moh_treatment-6eb9fab6d376e3fe,national_reference,MOH_TREATMENT,,,National,Radiotherapy / Oncology,Intrakavitari: bagi kanser nasofaringeal (NPC) (setiap sesi),Intrakavitari: bagi kanser nasofaringeal (NPC) (setiap sesi),treatment charge,Malaysian,citizen,Inpatient,Class 3,,6.0,per session,RM6,,Ministry of Health Malaysia – Caj Rawatan,https://www.moh.gov.my/teras/info-kesihatan/kadar-perkhidmatan/caj-rawatan,2025-09-23,2026-08-25T14:22:02.410314+00:00
moh_treatment-6b7014e40c456d41,national_reference,MOH_TREATMENT,,,National,Radiotherapy / Oncology,Intrakavitari: bagi kanser nasofaringeal (NPC) (setiap sesi),Intrakavitari: bagi kanser nasofaringeal (NPC) (setiap sesi),treatment charge,Malaysian,citizen,Outpatient - private practitioner referral,,,75.0,per session,RM75,,Ministry of Health Malaysia – Caj Rawatan,https://www.moh.gov.my/teras/info-kesihatan/kadar-perkhidmatan/caj-rawatan,2025-09-23,2026-08-25T14:22:02.410314+00:00
moh_treatment-cd1a71d496baf51c,national_reference,MOH_TREATMENT,,,National,Radiotherapy / Oncology,Intrakavitari: bagi kanser nasofaringeal (NPC) (setiap sesi),Intrakavitari: bagi kanser nasofaringeal (NPC) (setiap sesi),treatment charge,Malaysian,citizen,Outpatient - government medical officer referral,,,6.0,per session,RM6,,Ministry of Health Malaysia – Caj Rawatan,https://www.moh.gov.my/teras/info-kesihatan/kadar-perkhidmatan/caj-rawatan,2025-09-23,2026-08-25T14:22:02.410314+00:00
moh_treatment-cd479555c64efe2a,national_reference,MOH_TREATMENT,,,National,Radiotherapy / Oncology,"Intraluminal: Esofagus, bronkus, anorektal (setiap sesi)","Intraluminal: Esofagus, bronkus, anorektal (setiap sesi)",treatment charge,Malaysian,citizen,Inpatient,Class 1,,75.0,per session,RM75,,Ministry of Health Malaysia – Caj Rawatan,https://www.moh.gov.my/teras/info-kesihatan/kadar-perkhidmatan/caj-rawatan,2025-09-23,2026-08-25T14:22:02.410314+00:00
moh_treatment-99276c13fe09b34d,national_reference,MOH_TREATMENT,,,National,Radiotherapy / Oncology,"Intraluminal: Esofagus, bronkus, anorektal (setiap sesi)","Intraluminal: Esofagus, bronkus, anorektal (setiap sesi)",treatment charge,Malaysian,citizen,Inpatient,Class 2,,30.0,per session,RM30,,Ministry of Health Malaysia – Caj Rawatan,https://www.moh.gov.my/teras/info-kesihatan/kadar-perkhidmatan/caj-rawatan,2025-09-23,2026-08-25T14:22:02.410314+00:00
moh_treatment-86b5b8b8c2997850,national_reference,MOH_TREATMENT,,,National,Radiotherapy / Oncology,"Intraluminal: Esofagus, bronkus, anorektal (setiap sesi)","Intraluminal: Esofagus, bronkus, anorektal (setiap sesi)",treatment charge,Malaysian,citizen,Inpatient,Class 3,,6.0,per session,RM6,,Ministry of Health Malaysia – Caj Rawatan,https://www.moh.gov.my/teras/info-kesihatan/kadar-perkhidmatan/caj-rawatan,2025-09-23,2026-08-25T14:22:02.410314+00:00
moh_treatment-6ccfb3ba888bcb07,national_reference,MOH_TREATMENT,,,National,Radiotherapy / Oncology,"Intraluminal: Esofagus, bronkus, anorektal (setiap sesi)","Intraluminal: Esofagus, bronkus, anorektal (setiap sesi)",treatment charge,Malaysian,citizen,Outpatient - private practitioner referral,,,75.0,per session,RM75,,Ministry of Health Malaysia – Caj Rawatan,https://www.moh.gov.my/teras/info-kesihatan/kadar-perkhidmatan/caj-rawatan,2025-09-23,2026-08-25T14:22:02.410314+00:00
moh_treatment-7119b5a6ea86920f,national_reference,MOH_TREATMENT,,,National,Radiotherapy / Oncology,"Intraluminal: Esofagus, bronkus, anorektal (setiap sesi)","Intraluminal: Esofagus, bronkus, anorektal (setiap sesi)",treatment charge,Malaysian,citizen,Outpatient - government medical officer referral,,,6.0,per session,RM6,,Ministry of Health Malaysia – Caj Rawatan,https://www.moh.gov.my/teras/info-kesihatan/kadar-perkhidmatan/caj-rawatan,2025-09-23,2026-08-25T14:22:02.410314+00:00
moh_treatment-79c196c2eea5e291,national_reference,MOH_TREATMENT,,,National,Radiotherapy / Oncology,Implan brakiterapi interstisial: implan brakiterapi payudara (setiap sesi),Implan brakiterapi interstisial: implan brakiterapi payudara (setiap sesi),treatment charge,Malaysian,citizen,Inpatient,Class 1,,75.0,per session,RM75,,Ministry of Health Malaysia – Caj Rawatan,https://www.moh.gov.my/teras/info-kesihatan/kadar-perkhidmatan/caj-rawatan,2025-09-23,2026-08-25T14:22:02.410314+00:00
moh_treatment-4ba4fe40dbb1183c,national_reference,MOH_TREATMENT,,,National,Radiotherapy / Oncology,Implan brakiterapi interstisial: implan brakiterapi payudara (setiap sesi),Implan brakiterapi interstisial: implan brakiterapi payudara (setiap sesi),treatment charge,Malaysian,citizen,Inpatient,Class 2,,30.0,per session,RM30,,Ministry of Health Malaysia – Caj Rawatan,https://www.moh.gov.my/teras/info-kesihatan/kadar-perkhidmatan/caj-rawatan,2025-09-23,2026-08-25T14:22:02.410314+00:00
moh_treatment-9f556ae18bfb68a1,national_reference,MOH_TREATMENT,,,National,Radiotherapy / Oncology,Implan brakiterapi interstisial: implan brakiterapi payudara (setiap sesi),Implan brakiterapi interstisial: implan brakiterapi payudara (setiap sesi),treatment charge,Malaysian,citizen,Inpatient,Class 3,,6.0,per session,RM6,,Ministry of Health Malaysia – Caj Rawatan,https://www.moh.gov.my/teras/info-kesihatan/kadar-perkhidmatan/caj-rawatan,2025-09-23,2026-08-25T14:22:02.410314+00:00
moh_treatment-11162d962269fc9d,national_reference,MOH_TREATMENT,,,National,Radiotherapy / Oncology,Implan brakiterapi interstisial: implan brakiterapi payudara (setiap sesi),Implan brakiterapi interstisial: implan brakiterapi payudara (setiap sesi),treatment charge,Malaysian,citizen,Outpatient - private practitioner referral,,,75.0,per session,RM75,,Ministry of Health Malaysia – Caj Rawatan,https://www.moh.gov.my/teras/info-kesihatan/kadar-perkhidmatan/caj-rawatan,2025-09-23,2026-08-25T14:22:02.410314+00:00
moh_treatment-44cf3a1b9feec13d,national_reference,MOH_TREATMENT,,,National,Radiotherapy / Oncology,Implan brakiterapi interstisial: implan brakiterapi payudara (setiap sesi),Implan brakiterapi interstisial: implan brakiterapi payudara (setiap sesi),treatment charge,Malaysian,citizen,Outpatient - government medical officer referral,,,6.0,per session,RM6,,Ministry of Health Malaysia – Caj Rawatan,https://www.moh.gov.my/teras/info-kesihatan/kadar-perkhidmatan/caj-rawatan,2025-09-23,2026-08-25T14:22:02.410314+00:00
moh_treatment-8e293b3a1d984455,national_reference,MOH_TREATMENT,,,National,Radiotherapy / Oncology,Implan brakiterapi interstisial: implant ekstremiti (setiap sesi),Implan brakiterapi interstisial: implant ekstremiti (setiap sesi),treatment charge,Malaysian,citizen,Inpatient,Class 1,,75.0,per session,RM75,,Ministry of Health Malaysia – Caj Rawatan,https://www.moh.gov.my/teras/info-kesihatan/kadar-perkhidmatan/caj-rawatan,2025-09-23,2026-08-25T14:22:02.410314+00:00
moh_treatment-6cedec12fdccb2a0,national_reference,MOH_TREATMENT,,,National,Radiotherapy / Oncology,Implan brakiterapi interstisial: implant ekstremiti (setiap sesi),Implan brakiterapi interstisial: implant ekstremiti (setiap sesi),treatment charge,Malaysian,citizen,Inpatient,Class 2,,30.0,per session,RM30,,Ministry of Health Malaysia – Caj Rawatan,https://www.moh.gov.my/teras/info-kesihatan/kadar-perkhidmatan/caj-rawatan,2025-09-23,2026-08-25T14:22:02.410314+00:00
moh_treatment-e38fd129795bfacc,national_reference,MOH_TREATMENT,,,National,Radiotherapy / Oncology,Implan brakiterapi interstisial: implant ekstremiti (setiap sesi),Implan brakiterapi interstisial: implant ekstremiti (setiap sesi),treatment charge,Malaysian,citizen,Inpatient,Class 3,,6.0,per session,RM6,,Ministry of Health Malaysia – Caj Rawatan,https://www.moh.gov.my/teras/info-kesihatan/kadar-perkhidmatan/caj-rawatan,2025-09-23,2026-08-25T14:22:02.410314+00:00
moh_treatment-9f4f4b2ec1a404e3,national_reference,MOH_TREATMENT,,,National,Radiotherapy / Oncology,Implan brakiterapi interstisial: implant ekstremiti (setiap sesi),Implan brakiterapi interstisial: implant ekstremiti (setiap sesi),treatment charge,Malaysian,citizen,Outpatient - private practitioner referral,,,75.0,per session,RM75,,Ministry of Health Malaysia – Caj Rawatan,https://www.moh.gov.my/teras/info-kesihatan/kadar-perkhidmatan/caj-rawatan,2025-09-23,2026-08-25T14:22:02.410314+00:00
moh_treatment-d790594f95ca56d0,national_reference,MOH_TREATMENT,,,National,Radiotherapy / Oncology,Implan brakiterapi interstisial: implant ekstremiti (setiap sesi),Implan brakiterapi interstisial: implant ekstremiti (setiap sesi),treatment charge,Malaysian,citizen,Outpatient - government medical officer referral,,,6.0,per session,RM6,,Ministry of Health Malaysia – Caj Rawatan,https://www.moh.gov.my/teras/info-kesihatan/kadar-perkhidmatan/caj-rawatan,2025-09-23,2026-08-25T14:22:02.410314+00:00
moh_treatment-2103b6b4f0445367,national_reference,MOH_TREATMENT,,,National,Radiotherapy / Oncology,Implan brakiterapi: implan kaviti oral/ anorektal/ prostat/ mata dan lain-lain (setiap sesi),Implan brakiterapi: implan kaviti oral/ anorektal/ prostat/ mata dan lain-lain (setiap sesi),treatment charge,Malaysian,citizen,Inpatient,Class 1,,75.0,per session,RM75,,Ministry of Health Malaysia – Caj Rawatan,https://www.moh.gov.my/teras/info-kesihatan/kadar-perkhidmatan/caj-rawatan,2025-09-23,2026-08-25T14:22:02.410314+00:00
moh_treatment-99e2dfeb63b2b4c0,national_reference,MOH_TREATMENT,,,National,Radiotherapy / Oncology,Implan brakiterapi: implan kaviti oral/ anorektal/ prostat/ mata dan lain-lain (setiap sesi),Implan brakiterapi: implan kaviti oral/ anorektal/ prostat/ mata dan lain-lain (setiap sesi),treatment charge,Malaysian,citizen,Inpatient,Class 2,,30.0,per session,RM30,,Ministry of Health Malaysia – Caj Rawatan,https://www.moh.gov.my/teras/info-kesihatan/kadar-perkhidmatan/caj-rawatan,2025-09-23,2026-08-25T14:22:02.410314+00:00
moh_treatment-d99eeade9f081396,national_reference,MOH_TREATMENT,,,National,Radiotherapy / Oncology,Implan brakiterapi: implan kaviti oral/ anorektal/ prostat/ mata dan lain-lain (setiap sesi),Implan brakiterapi: implan kaviti oral/ anorektal/ prostat/ mata dan lain-lain (setiap sesi),treatment charge,Malaysian,citizen,Inpatient,Class 3,,6.0,per session,RM6,,Ministry of Health Malaysia – Caj Rawatan,https://www.moh.gov.my/teras/info-kesihatan/kadar-perkhidmatan/caj-rawatan,2025-09-23,2026-08-25T14:22:02.410314+00:00
moh_treatment-591e725bd71d51b5,national_reference,MOH_TREATMENT,,,National,Radiotherapy / Oncology,Implan brakiterapi: implan kaviti oral/ anorektal/ prostat/ mata dan lain-lain (setiap sesi),Implan brakiterapi: implan kaviti oral/ anorektal/ prostat/ mata dan lain-lain (setiap sesi),treatment charge,Malaysian,citizen,Outpatient - private practitioner referral,,,75.0,per session,RM75,,Ministry of Health Malaysia – Caj Rawatan,https://www.moh.gov.my/teras/info-kesihatan/kadar-perkhidmatan/caj-rawatan,2025-09-23,2026-08-25T14:22:02.410314+00:00
moh_treatment-57dd8b0ae9d52ec6,national_reference,MOH_TREATMENT,,,National,Radiotherapy / Oncology,Implan brakiterapi: implan kaviti oral/ anorektal/ prostat/ mata dan lain-lain (setiap sesi),Implan brakiterapi: implan kaviti oral/ anorektal/ prostat/ mata dan lain-lain (setiap sesi),treatment charge,Malaysian,citizen,Outpatient - government medical officer referral,,,6.0,per session,RM6,,Ministry of Health Malaysia – Caj Rawatan,https://www.moh.gov.my/teras/info-kesihatan/kadar-perkhidmatan/caj-rawatan,2025-09-23,2026-08-25T14:22:02.410314+00:00
moh_treatment-32fba403b857d8f5,national_reference,MOH_TREATMENT,,,National,Radiotherapy / Oncology,Prosedur brakiterapi prostat (rawatan pakej),Prosedur brakiterapi prostat (rawatan pakej),treatment charge,Malaysian,citizen,Inpatient,Class 1,,7000.0,,"RM7,000",,Ministry of Health Malaysia – Caj Rawatan,https://www.moh.gov.my/teras/info-kesihatan/kadar-perkhidmatan/caj-rawatan,2025-09-23,2026-08-25T14:22:02.410314+00:00
moh_treatment-0b8b281f2775cf77,national_reference,MOH_TREATMENT,,,National,Radiotherapy / Oncology,Prosedur brakiterapi prostat (rawatan pakej),Prosedur brakiterapi prostat (rawatan pakej),treatment charge,Malaysian,citizen,Inpatient,Class 2,,5000.0,,"RM5,000",,Ministry of Health Malaysia – Caj Rawatan,https://www.moh.gov.my/teras/info-kesihatan/kadar-perkhidmatan/caj-rawatan,2025-09-23,2026-08-25T14:22:02.410314+00:00
moh_treatment-a6c3937db760f3eb,national_reference,MOH_TREATMENT,,,National,Radiotherapy / Oncology,Prosedur brakiterapi prostat (rawatan pakej),Prosedur brakiterapi prostat (rawatan pakej),treatment charge,Malaysian,citizen,Inpatient,Class 3,,6.0,,RM6,,Ministry of Health Malaysia – Caj Rawatan,https://www.moh.gov.my/teras/info-kesihatan/kadar-perkhidmatan/caj-rawatan,2025-09-23,2026-08-25T14:22:02.410314+00:00
moh_treatment-bbefa723ccc0cbef,national_reference,MOH_TREATMENT,,,National,Radiotherapy / Oncology,Rawatan anti-neoplastik untuk kanser (selain terapi sasaran) (setiap rawatan),Rawatan anti-neoplastik untuk kanser (selain terapi sasaran) (setiap rawatan),treatment charge,Malaysian,citizen,Inpatient,Class 1,,400.0,per treatment,RM400,,Ministry of Health Malaysia – Caj Rawatan,https://www.moh.gov.my/teras/info-kesihatan/kadar-perkhidmatan/caj-rawatan,2025-09-23,2026-08-25T14:22:02.410314+00:00
moh_treatment-beb7e90b712aa238,national_reference,MOH_TREATMENT,,,National,Radiotherapy / Oncology,Rawatan anti-neoplastik untuk kanser (selain terapi sasaran) (setiap rawatan),Rawatan anti-neoplastik untuk kanser (selain terapi sasaran) (setiap rawatan),treatment charge,Malaysian,citizen,Inpatient,Class 2,,200.0,per treatment,RM200,,Ministry of Health Malaysia – Caj Rawatan,https://www.moh.gov.my/teras/info-kesihatan/kadar-perkhidmatan/caj-rawatan,2025-09-23,2026-08-25T14:22:02.410314+00:00
moh_treatment-4672bbb037e6bb77,national_reference,MOH_TREATMENT,,,National,Radiotherapy / Oncology,Rawatan anti-neoplastik untuk kanser (selain terapi sasaran) (setiap rawatan),Rawatan anti-neoplastik untuk kanser (selain terapi sasaran) (setiap rawatan),treatment charge,Malaysian,citizen,Inpatient,Class 3,,50.0,per treatment,RM50,,Ministry of Health Malaysia – Caj Rawatan,https://www.moh.gov.my/teras/info-kesihatan/kadar-perkhidmatan/caj-rawatan,2025-09-23,2026-08-25T14:22:02.410314+00:00
moh_treatment-1a61add839ffc662,national_reference,MOH_TREATMENT,,,National,Radiotherapy / Oncology,Rawatan anti-neoplastik untuk kanser (selain terapi sasaran) (setiap rawatan),Rawatan anti-neoplastik untuk kanser (selain terapi sasaran) (setiap rawatan),treatment charge,Malaysian,citizen,Outpatient - private practitioner referral,,,400.0,per treatment,RM400,,Ministry of Health Malaysia – Caj Rawatan,https://www.moh.gov.my/teras/info-kesihatan/kadar-perkhidmatan/caj-rawatan,2025-09-23,2026-08-25T14:22:02.410314+00:00
moh_treatment-6da6144427f52b02,national_reference,MOH_TREATMENT,,,National,Radiotherapy / Oncology,Rawatan anti-neoplastik untuk kanser (selain terapi sasaran) (setiap rawatan),Rawatan anti-neoplastik untuk kanser (selain terapi sasaran) (setiap rawatan),treatment charge,Malaysian,citizen,Outpatient - government medical officer referral,,,50.0,per treatment,RM50,,Ministry of Health Malaysia – Caj Rawatan,https://www.moh.gov.my/teras/info-kesihatan/kadar-perkhidmatan/caj-rawatan,2025-09-23,2026-08-25T14:22:02.410314+00:00
moh_treatment-93326b9f28cb2c86,national_reference,MOH_TREATMENT,,,National,Radiotherapy / Oncology,Rawatan terapi sasaran untuk kanser (setiap rawatan),Rawatan terapi sasaran untuk kanser (setiap rawatan),treatment charge,Malaysian,citizen,Inpatient,Class 1,,600.0,per treatment,RM600,,Ministry of Health Malaysia – Caj Rawatan,https://www.moh.gov.my/teras/info-kesihatan/kadar-perkhidmatan/caj-rawatan,2025-09-23,2026-08-25T14:22:02.410314+00:00
moh_treatment-2606cfb74a2b2207,national_reference,MOH_TREATMENT,,,National,Radiotherapy / Oncology,Rawatan terapi sasaran untuk kanser (setiap rawatan),Rawatan terapi sasaran untuk kanser (setiap rawatan),treatment charge,Malaysian,citizen,Inpatient,Class 2,,400.0,per treatment,RM400,,Ministry of Health Malaysia – Caj Rawatan,https://www.moh.gov.my/teras/info-kesihatan/kadar-perkhidmatan/caj-rawatan,2025-09-23,2026-08-25T14:22:02.410314+00:00
moh_treatment-f046bec7b03b54c8,national_reference,MOH_TREATMENT,,,National,Radiotherapy / Oncology,Rawatan terapi sasaran untuk kanser (setiap rawatan),Rawatan terapi sasaran untuk kanser (setiap rawatan),treatment charge,Malaysian,citizen,Inpatient,Class 3,,50.0,per treatment,RM50,,Ministry of Health Malaysia – Caj Rawatan,https://www.moh.gov.my/teras/info-kesihatan/kadar-perkhidmatan/caj-rawatan,2025-09-23,2026-08-25T14:22:02.410314+00:00
moh_treatment-0fef37b434273833,national_reference,MOH_TREATMENT,,,National,Radiotherapy / Oncology,Rawatan terapi sasaran untuk kanser (setiap rawatan),Rawatan terapi sasaran untuk kanser (setiap rawatan),treatment charge,Malaysian,citizen,Outpatient - private practitioner referral,,,600.0,per treatment,RM600,,Ministry of Health Malaysia – Caj Rawatan,https://www.moh.gov.my/teras/info-kesihatan/kadar-perkhidmatan/caj-rawatan,2025-09-23,2026-08-25T14:22:02.410314+00:00
moh_treatment-9f06303e4ad221a3,national_reference,MOH_TREATMENT,,,National,Radiotherapy / Oncology,Rawatan terapi sasaran untuk kanser (setiap rawatan),Rawatan terapi sasaran untuk kanser (setiap rawatan),treatment charge,Malaysian,citizen,Outpatient - government medical officer referral,,,50.0,per treatment,RM50,,Ministry of Health Malaysia – Caj Rawatan,https://www.moh.gov.my/teras/info-kesihatan/kadar-perkhidmatan/caj-rawatan,2025-09-23,2026-08-25T14:22:02.410314+00:00
moh_treatment-6f20608f63cdf4d9,national_reference,MOH_TREATMENT,,,National,Radiotherapy / Oncology,Rawatan kanser yang memerlukan kelulusan khas Ketua Pengarah Kesihatan (KPK) (setiap rawatan),Rawatan kanser yang memerlukan kelulusan khas Ketua Pengarah Kesihatan (KPK) (setiap rawatan),treatment charge,Malaysian,citizen,Inpatient,Class 1,,800.0,per treatment,RM800,,Ministry of Health Malaysia – Caj Rawatan,https://www.moh.gov.my/teras/info-kesihatan/kadar-perkhidmatan/caj-rawatan,2025-09-23,2026-08-25T14:22:02.410314+00:00
moh_treatment-b420db104a0f31ba,national_reference,MOH_TREATMENT,,,National,Radiotherapy / Oncology,Rawatan kanser yang memerlukan kelulusan khas Ketua Pengarah Kesihatan (KPK) (setiap rawatan),Rawatan kanser yang memerlukan kelulusan khas Ketua Pengarah Kesihatan (KPK) (setiap rawatan),treatment charge,Malaysian,citizen,Inpatient,Class 2,,200.0,per treatment,RM200,,Ministry of Health Malaysia – Caj Rawatan,https://www.moh.gov.my/teras/info-kesihatan/kadar-perkhidmatan/caj-rawatan,2025-09-23,2026-08-25T14:22:02.410314+00:00
moh_treatment-72dd8f2efdacb31e,national_reference,MOH_TREATMENT,,,National,Radiotherapy / Oncology,Rawatan kanser yang memerlukan kelulusan khas Ketua Pengarah Kesihatan (KPK) (setiap rawatan),Rawatan kanser yang memerlukan kelulusan khas Ketua Pengarah Kesihatan (KPK) (setiap rawatan),treatment charge,Malaysian,citizen,Inpatient,Class 3,,50.0,per treatment,RM50,,Ministry of Health Malaysia – Caj Rawatan,https://www.moh.gov.my/teras/info-kesihatan/kadar-perkhidmatan/caj-rawatan,2025-09-23,2026-08-25T14:22:02.410314+00:00
moh_treatment-a60b98b3e78ee3cb,national_reference,MOH_TREATMENT,,,National,Radiotherapy / Oncology,Rawatan kanser yang memerlukan kelulusan khas Ketua Pengarah Kesihatan (KPK) (setiap rawatan),Rawatan kanser yang memerlukan kelulusan khas Ketua Pengarah Kesihatan (KPK) (setiap rawatan),treatment charge,Malaysian,citizen,Outpatient - private practitioner referral,,,800.0,per treatment,RM800,,Ministry of Health Malaysia – Caj Rawatan,https://www.moh.gov.my/teras/info-kesihatan/kadar-perkhidmatan/caj-rawatan,2025-09-23,2026-08-25T14:22:02.410314+00:00
moh_treatment-d831b1831782b5ff,national_reference,MOH_TREATMENT,,,National,Radiotherapy / Oncology,Rawatan kanser yang memerlukan kelulusan khas Ketua Pengarah Kesihatan (KPK) (setiap rawatan),Rawatan kanser yang memerlukan kelulusan khas Ketua Pengarah Kesihatan (KPK) (setiap rawatan),treatment charge,Malaysian,citizen,Outpatient - government medical officer referral,,,50.0,per treatment,RM50,,Ministry of Health Malaysia – Caj Rawatan,https://www.moh.gov.my/teras/info-kesihatan/kadar-perkhidmatan/caj-rawatan,2025-09-23,2026-08-25T14:22:02.410314+00:00
moh_treatment-36504fb4660abcbf,national_reference,MOH_TREATMENT,,,National,Radiotherapy / Oncology,(i) Diagnosis,(i) Diagnosis,treatment charge,Malaysian,citizen,Inpatient,Class 1,,150.0,,RM150,,Ministry of Health Malaysia – Caj Rawatan,https://www.moh.gov.my/teras/info-kesihatan/kadar-perkhidmatan/caj-rawatan,2025-09-23,2026-08-25T14:22:02.410314+00:00
moh_treatment-bea9dcac5822328d,national_reference,MOH_TREATMENT,,,National,Radiotherapy / Oncology,(i) Diagnosis,(i) Diagnosis,treatment charge,Malaysian,citizen,Inpatient,Class 2,,50.0,,RM50,,Ministry of Health Malaysia – Caj Rawatan,https://www.moh.gov.my/teras/info-kesihatan/kadar-perkhidmatan/caj-rawatan,2025-09-23,2026-08-25T14:22:02.410314+00:00
moh_treatment-ab18109e83dcfdec,national_reference,MOH_TREATMENT,,,National,Radiotherapy / Oncology,(i) Diagnosis,(i) Diagnosis,treatment charge,Malaysian,citizen,Inpatient,Class 3,,25.0,,RM25,,Ministry of Health Malaysia – Caj Rawatan,https://www.moh.gov.my/teras/info-kesihatan/kadar-perkhidmatan/caj-rawatan,2025-09-23,2026-08-25T14:22:02.410314+00:00
moh_treatment-37cf94d948458a46,national_reference,MOH_TREATMENT,,,National,Radiotherapy / Oncology,(i) Diagnosis,(i) Diagnosis,treatment charge,Malaysian,citizen,Outpatient - private practitioner referral,,,150.0,,RM150,,Ministry of Health Malaysia – Caj Rawatan,https://www.moh.gov.my/teras/info-kesihatan/kadar-perkhidmatan/caj-rawatan,2025-09-23,2026-08-25T14:22:02.410314+00:00
moh_treatment-abf4c215cc4f4b8e,national_reference,MOH_TREATMENT,,,National,Radiotherapy / Oncology,(i) Diagnosis,(i) Diagnosis,treatment charge,Malaysian,citizen,Outpatient - government medical officer referral,,,25.0,,RM25,,Ministry of Health Malaysia – Caj Rawatan,https://www.moh.gov.my/teras/info-kesihatan/kadar-perkhidmatan/caj-rawatan,2025-09-23,2026-08-25T14:22:02.410314+00:00
moh_treatment-b5798d3f9b58782d,national_reference,MOH_TREATMENT,,,National,Radiotherapy / Oncology,(ii) Terapi,(ii) Terapi,treatment charge,Malaysian,citizen,Inpatient,Class 1,,750.0,,RM750,,Ministry of Health Malaysia – Caj Rawatan,https://www.moh.gov.my/teras/info-kesihatan/kadar-perkhidmatan/caj-rawatan,2025-09-23,2026-08-25T14:22:02.410314+00:00
moh_treatment-6b9b8e55e1156f59,national_reference,MOH_TREATMENT,,,National,Radiotherapy / Oncology,(ii) Terapi,(ii) Terapi,treatment charge,Malaysian,citizen,Inpatient,Class 2,,250.0,,RM250,,Ministry of Health Malaysia – Caj Rawatan,https://www.moh.gov.my/teras/info-kesihatan/kadar-perkhidmatan/caj-rawatan,2025-09-23,2026-08-25T14:22:02.410314+00:00
moh_treatment-31f9d2c1e7c7f337,national_reference,MOH_TREATMENT,,,National,Radiotherapy / Oncology,(ii) Terapi,(ii) Terapi,treatment charge,Malaysian,citizen,Inpatient,Class 3,,125.0,,RM125,,Ministry of Health Malaysia – Caj Rawatan,https://www.moh.gov.my/teras/info-kesihatan/kadar-perkhidmatan/caj-rawatan,2025-09-23,2026-08-25T14:22:02.410314+00:00
moh_treatment-75b8f1e0b8221411,national_reference,MOH_TREATMENT,,,National,Radiotherapy / Oncology,(ii) Terapi,(ii) Terapi,treatment charge,Malaysian,citizen,Outpatient - private practitioner referral,,,750.0,,RM750,,Ministry of Health Malaysia – Caj Rawatan,https://www.moh.gov.my/teras/info-kesihatan/kadar-perkhidmatan/caj-rawatan,2025-09-23,2026-08-25T14:22:02.410314+00:00
moh_treatment-408cadcd33021b1e,national_reference,MOH_TREATMENT,,,National,Radiotherapy / Oncology,(ii) Terapi,(ii) Terapi,treatment charge,Malaysian,citizen,Outpatient - government medical officer referral,,,125.0,,RM125,,Ministry of Health Malaysia – Caj Rawatan,https://www.moh.gov.my/teras/info-kesihatan/kadar-perkhidmatan/caj-rawatan,2025-09-23,2026-08-25T14:22:02.410314+00:00
moh_treatment-e0e24e6e59f09bbd,national_reference,MOH_TREATMENT,,,National,Nephrology,Dialisis berselang-selang peritoneal (setiap rawatan),Dialisis berselang-selang peritoneal (setiap rawatan),treatment charge,Malaysian,citizen,Inpatient,Class 1,,275.0,per treatment,RM275,,Ministry of Health Malaysia – Caj Rawatan,https://www.moh.gov.my/teras/info-kesihatan/kadar-perkhidmatan/caj-rawatan,2025-09-23,2026-08-25T14:22:02.410314+00:00
moh_treatment-61ded8882f19a580,national_reference,MOH_TREATMENT,,,National,Nephrology,Dialisis berselang-selang peritoneal (setiap rawatan),Dialisis berselang-selang peritoneal (setiap rawatan),treatment charge,Malaysian,citizen,Inpatient,Class 2,,100.0,per treatment,RM100,,Ministry of Health Malaysia – Caj Rawatan,https://www.moh.gov.my/teras/info-kesihatan/kadar-perkhidmatan/caj-rawatan,2025-09-23,2026-08-25T14:22:02.410314+00:00
moh_treatment-8beef8d82fc29672,national_reference,MOH_TREATMENT,,,National,Nephrology,Dialisis berselang-selang peritoneal (setiap rawatan),Dialisis berselang-selang peritoneal (setiap rawatan),treatment charge,Malaysian,citizen,Inpatient,Class 3,,50.0,per treatment,RM50,,Ministry of Health Malaysia – Caj Rawatan,https://www.moh.gov.my/teras/info-kesihatan/kadar-perkhidmatan/caj-rawatan,2025-09-23,2026-08-25T14:22:02.410314+00:00
moh_treatment-76633ecac8d70836,national_reference,MOH_TREATMENT,,,National,Nephrology,Rawatan Dialisis Peritoneal Ambulasi Berterusan (CAPD) (sebulan),Rawatan Dialisis Peritoneal Ambulasi Berterusan (CAPD) (sebulan),treatment charge,Malaysian,citizen,Inpatient,Class 1,,750.0,per month,RM750,,Ministry of Health Malaysia – Caj Rawatan,https://www.moh.gov.my/teras/info-kesihatan/kadar-perkhidmatan/caj-rawatan,2025-09-23,2026-08-25T14:22:02.410314+00:00
moh_treatment-a96759c78bd1769e,national_reference,MOH_TREATMENT,,,National,Nephrology,Rawatan Dialisis Peritoneal Ambulasi Berterusan (CAPD) (sebulan),Rawatan Dialisis Peritoneal Ambulasi Berterusan (CAPD) (sebulan),treatment charge,Malaysian,citizen,Inpatient,Class 2,,200.0,per month,RM200,,Ministry of Health Malaysia – Caj Rawatan,https://www.moh.gov.my/teras/info-kesihatan/kadar-perkhidmatan/caj-rawatan,2025-09-23,2026-08-25T14:22:02.410314+00:00
moh_treatment-7993a702e2a2498e,national_reference,MOH_TREATMENT,,,National,Nephrology,Rawatan Dialisis Peritoneal Ambulasi Berterusan (CAPD) (sebulan),Rawatan Dialisis Peritoneal Ambulasi Berterusan (CAPD) (sebulan),treatment charge,Malaysian,citizen,Inpatient,Class 3,,100.0,per month,RM100,,Ministry of Health Malaysia – Caj Rawatan,https://www.moh.gov.my/teras/info-kesihatan/kadar-perkhidmatan/caj-rawatan,2025-09-23,2026-08-25T14:22:02.410314+00:00
moh_treatment-ce53dc31685f3a49,national_reference,MOH_TREATMENT,,,National,Nephrology,(i) satu kegunaan buah pinggang tiruan,(i) satu kegunaan buah pinggang tiruan,treatment charge,Malaysian,citizen,Inpatient,Class 1,,190.0,,RM190,,Ministry of Health Malaysia – Caj Rawatan,https://www.moh.gov.my/teras/info-kesihatan/kadar-perkhidmatan/caj-rawatan,2025-09-23,2026-08-25T14:22:02.410314+00:00
moh_treatment-78c64cd5fb48427b,national_reference,MOH_TREATMENT,,,National,Nephrology,(i) satu kegunaan buah pinggang tiruan,(i) satu kegunaan buah pinggang tiruan,treatment charge,Malaysian,citizen,Inpatient,Class 2,,50.0,,RM50,,Ministry of Health Malaysia – Caj Rawatan,https://www.moh.gov.my/teras/info-kesihatan/kadar-perkhidmatan/caj-rawatan,2025-09-23,2026-08-25T14:22:02.410314+00:00
moh_treatment-a0d962daff6d385c,national_reference,MOH_TREATMENT,,,National,Nephrology,(i) satu kegunaan buah pinggang tiruan,(i) satu kegunaan buah pinggang tiruan,treatment charge,Malaysian,citizen,Inpatient,Class 3,,25.0,,RM25,,Ministry of Health Malaysia – Caj Rawatan,https://www.moh.gov.my/teras/info-kesihatan/kadar-perkhidmatan/caj-rawatan,2025-09-23,2026-08-25T14:22:02.410314+00:00
moh_treatment-a1795fb2c1166ed2,national_reference,MOH_TREATMENT,,,National,Nephrology,(ii) kegunaan semula buah pinggang tiruan,(ii) kegunaan semula buah pinggang tiruan,treatment charge,Malaysian,citizen,Inpatient,Class 1,,75.0,,RM75,,Ministry of Health Malaysia – Caj Rawatan,https://www.moh.gov.my/teras/info-kesihatan/kadar-perkhidmatan/caj-rawatan,2025-09-23,2026-08-25T14:22:02.410314+00:00
moh_treatment-4c8407d882ada449,national_reference,MOH_TREATMENT,,,National,Nephrology,(ii) kegunaan semula buah pinggang tiruan,(ii) kegunaan semula buah pinggang tiruan,treatment charge,Malaysian,citizen,Inpatient,Class 2,,20.0,,RM20,,Ministry of Health Malaysia – Caj Rawatan,https://www.moh.gov.my/teras/info-kesihatan/kadar-perkhidmatan/caj-rawatan,2025-09-23,2026-08-25T14:22:02.410314+00:00
moh_treatment-bf8eb631f65c366a,national_reference,MOH_TREATMENT,,,National,Nephrology,(ii) kegunaan semula buah pinggang tiruan,(ii) kegunaan semula buah pinggang tiruan,treatment charge,Malaysian,citizen,Inpatient,Class 3,,10.0,,RM10,,Ministry of Health Malaysia – Caj Rawatan,https://www.moh.gov.my/teras/info-kesihatan/kadar-perkhidmatan/caj-rawatan,2025-09-23,2026-08-25T14:22:02.410314+00:00
moh_treatment-66332e8463ccae73,national_reference,MOH_TREATMENT,,,National,Nephrology,Biopsi buah pinggang (tidak termasuk laporan),Biopsi buah pinggang (tidak termasuk laporan),treatment charge,Malaysian,citizen,Inpatient,Class 1,,75.0,,RM75,,Ministry of Health Malaysia – Caj Rawatan,https://www.moh.gov.my/teras/info-kesihatan/kadar-perkhidmatan/caj-rawatan,2025-09-23,2026-08-25T14:22:02.410314+00:00
moh_treatment-d9edafe21369680e,national_reference,MOH_TREATMENT,,,National,Nephrology,Biopsi buah pinggang (tidak termasuk laporan),Biopsi buah pinggang (tidak termasuk laporan),treatment charge,Malaysian,citizen,Inpatient,Class 2,,20.0,,RM20,,Ministry of Health Malaysia – Caj Rawatan,https://www.moh.gov.my/teras/info-kesihatan/kadar-perkhidmatan/caj-rawatan,2025-09-23,2026-08-25T14:22:02.410314+00:00
moh_treatment-fe0d8671fb698000,national_reference,MOH_TREATMENT,,,National,Nephrology,Biopsi buah pinggang (tidak termasuk laporan),Biopsi buah pinggang (tidak termasuk laporan),treatment charge,Malaysian,citizen,Inpatient,Class 3,,10.0,,RM10,,Ministry of Health Malaysia – Caj Rawatan,https://www.moh.gov.my/teras/info-kesihatan/kadar-perkhidmatan/caj-rawatan,2025-09-23,2026-08-25T14:22:02.410314+00:00
moh_treatment-4c411ffc09aeff8c,national_reference,MOH_TREATMENT,,,National,Nephrology,Pengkateteran femoral/ subklavian untuk hemodialisis,Pengkateteran femoral/ subklavian untuk hemodialisis,treatment charge,Malaysian,citizen,Inpatient,Class 1,,75.0,,RM75,,Ministry of Health Malaysia – Caj Rawatan,https://www.moh.gov.my/teras/info-kesihatan/kadar-perkhidmatan/caj-rawatan,2025-09-23,2026-08-25T14:22:02.410314+00:00
moh_treatment-0f72ab05935b2ec8,national_reference,MOH_TREATMENT,,,National,Nephrology,Pengkateteran femoral/ subklavian untuk hemodialisis,Pengkateteran femoral/ subklavian untuk hemodialisis,treatment charge,Malaysian,citizen,Inpatient,Class 2,,20.0,,RM20,,Ministry of Health Malaysia – Caj Rawatan,https://www.moh.gov.my/teras/info-kesihatan/kadar-perkhidmatan/caj-rawatan,2025-09-23,2026-08-25T14:22:02.410314+00:00
moh_treatment-f553a7a2a64cb9b6,national_reference,MOH_TREATMENT,,,National,Nephrology,Pengkateteran femoral/ subklavian untuk hemodialisis,Pengkateteran femoral/ subklavian untuk hemodialisis,treatment charge,Malaysian,citizen,Inpatient,Class 3,,10.0,,RM10,,Ministry of Health Malaysia – Caj Rawatan,https://www.moh.gov.my/teras/info-kesihatan/kadar-perkhidmatan/caj-rawatan,2025-09-23,2026-08-25T14:22:02.410314+00:00
moh_treatment-3b3af277d1492ec1,national_reference,MOH_TREATMENT,,,National,Nephrology,Hemoperfusi,Hemoperfusi,treatment charge,Malaysian,citizen,Inpatient,Class 1,,375.0,,RM375,,Ministry of Health Malaysia – Caj Rawatan,https://www.moh.gov.my/teras/info-kesihatan/kadar-perkhidmatan/caj-rawatan,2025-09-23,2026-08-25T14:22:02.410314+00:00
moh_treatment-387033bfefeda873,national_reference,MOH_TREATMENT,,,National,Nephrology,Hemoperfusi,Hemoperfusi,treatment charge,Malaysian,citizen,Inpatient,Class 2,,100.0,,RM100,,Ministry of Health Malaysia – Caj Rawatan,https://www.moh.gov.my/teras/info-kesihatan/kadar-perkhidmatan/caj-rawatan,2025-09-23,2026-08-25T14:22:02.410314+00:00
moh_treatment-797e61c695266e70,national_reference,MOH_TREATMENT,,,National,Nephrology,Hemoperfusi,Hemoperfusi,treatment charge,Malaysian,citizen,Inpatient,Class 3,,50.0,,RM50,,Ministry of Health Malaysia – Caj Rawatan,https://www.moh.gov.my/teras/info-kesihatan/kadar-perkhidmatan/caj-rawatan,2025-09-23,2026-08-25T14:22:02.410314+00:00
moh_treatment-42543d5e290a7ac5,national_reference,MOH_TREATMENT,,,National,Nephrology,Implantasi kateter tenkoff,Implantasi kateter tenkoff,treatment charge,Malaysian,citizen,Inpatient,Class 1,,150.0,,RM150,,Ministry of Health Malaysia – Caj Rawatan,https://www.moh.gov.my/teras/info-kesihatan/kadar-perkhidmatan/caj-rawatan,2025-09-23,2026-08-25T14:22:02.410314+00:00
moh_treatment-67346e3d22a7a393,national_reference,MOH_TREATMENT,,,National,Nephrology,Implantasi kateter tenkoff,Implantasi kateter tenkoff,treatment charge,Malaysian,citizen,Inpatient,Class 2,,40.0,,RM40,,Ministry of Health Malaysia – Caj Rawatan,https://www.moh.gov.my/teras/info-kesihatan/kadar-perkhidmatan/caj-rawatan,2025-09-23,2026-08-25T14:22:02.410314+00:00
moh_treatment-e5770783ce72d7e8,national_reference,MOH_TREATMENT,,,National,Nephrology,Implantasi kateter tenkoff,Implantasi kateter tenkoff,treatment charge,Malaysian,citizen,Inpatient,Class 3,,20.0,,RM20,,Ministry of Health Malaysia – Caj Rawatan,https://www.moh.gov.my/teras/info-kesihatan/kadar-perkhidmatan/caj-rawatan,2025-09-23,2026-08-25T14:22:02.410314+00:00
moh_treatment-d6fc954bfb2da3a8,national_reference,MOH_TREATMENT,,,National,Nephrology,Rawatan dialisis prapemindahan,Rawatan dialisis prapemindahan,treatment charge,Malaysian,citizen,Inpatient,Class 1,,1500.0,,"RM1,500",,Ministry of Health Malaysia – Caj Rawatan,https://www.moh.gov.my/teras/info-kesihatan/kadar-perkhidmatan/caj-rawatan,2025-09-23,2026-08-25T14:22:02.410314+00:00
moh_treatment-d37e7ae3efa1e4c8,national_reference,MOH_TREATMENT,,,National,Nephrology,Rawatan dialisis prapemindahan,Rawatan dialisis prapemindahan,treatment charge,Malaysian,citizen,Inpatient,Class 2,,400.0,,RM400,,Ministry of Health Malaysia – Caj Rawatan,https://www.moh.gov.my/teras/info-kesihatan/kadar-perkhidmatan/caj-rawatan,2025-09-23,2026-08-25T14:22:02.410314+00:00
moh_treatment-51f440040971f61f,national_reference,MOH_TREATMENT,,,National,Nephrology,Rawatan dialisis prapemindahan,Rawatan dialisis prapemindahan,treatment charge,Malaysian,citizen,Inpatient,Class 3,,200.0,,RM200,,Ministry of Health Malaysia – Caj Rawatan,https://www.moh.gov.my/teras/info-kesihatan/kadar-perkhidmatan/caj-rawatan,2025-09-23,2026-08-25T14:22:02.410314+00:00
moh_treatment-ff8cf24ce964a0c1,national_reference,MOH_TREATMENT,,,National,Nephrology,Lawatan di rumah bagi setiap hemodialisis,Lawatan di rumah bagi setiap hemodialisis,treatment charge,Malaysian,citizen,Inpatient,Class 1,,100.0,,RM100 (setiap lawatan),,Ministry of Health Malaysia – Caj Rawatan,https://www.moh.gov.my/teras/info-kesihatan/kadar-perkhidmatan/caj-rawatan,2025-09-23,2026-08-25T14:22:02.410314+00:00
moh_treatment-789b11a47e44f617,national_reference,MOH_TREATMENT,,,National,Nephrology,Lawatan di rumah bagi setiap hemodialisis,Lawatan di rumah bagi setiap hemodialisis,treatment charge,Malaysian,citizen,Inpatient,Class 2,,100.0,,RM100 (setiap lawatan),,Ministry of Health Malaysia – Caj Rawatan,https://www.moh.gov.my/teras/info-kesihatan/kadar-perkhidmatan/caj-rawatan,2025-09-23,2026-08-25T14:22:02.410314+00:00
moh_treatment-eec023d017ca41ef,national_reference,MOH_TREATMENT,,,National,Nephrology,Lawatan di rumah bagi setiap hemodialisis,Lawatan di rumah bagi setiap hemodialisis,treatment charge,Malaysian,citizen,Inpatient,Class 3,,100.0,,RM100 (setiap lawatan),,Ministry of Health Malaysia – Caj Rawatan,https://www.moh.gov.my/teras/info-kesihatan/kadar-perkhidmatan/caj-rawatan,2025-09-23,2026-08-25T14:22:02.410314+00:00
moh_treatment-31412b33972de0c6,national_reference,MOH_TREATMENT,,,National,Inpatient Treatment,Psychiatric inpatient treatment,Kelas Satu,inpatient treatment charge,Malaysian,citizen,Inpatient,Class 1,,1125.0,per admission,"RM1,125",,Ministry of Health Malaysia – Caj Rawatan,https://www.moh.gov.my/teras/info-kesihatan/kadar-perkhidmatan/caj-rawatan,2025-09-23,2026-08-25T14:22:02.410314+00:00
moh_treatment-b707d699f808b51c,national_reference,MOH_TREATMENT,,,National,Inpatient Treatment,Psychiatric inpatient treatment,Kelas Dua,inpatient treatment charge,Malaysian,citizen,Inpatient,Class 2,,300.0,per admission,RM300,,Ministry of Health Malaysia – Caj Rawatan,https://www.moh.gov.my/teras/info-kesihatan/kadar-perkhidmatan/caj-rawatan,2025-09-23,2026-08-25T14:22:02.410314+00:00
moh_treatment-049575bb322bbd3d,national_reference,MOH_TREATMENT,,,National,Inpatient Treatment,Psychiatric inpatient treatment,Kelas Tiga,inpatient treatment charge,Malaysian,citizen,Inpatient,Class 3,,0.0,per admission,Percuma,,Ministry of Health Malaysia – Caj Rawatan,https://www.moh.gov.my/teras/info-kesihatan/kadar-perkhidmatan/caj-rawatan,2025-09-23,2026-08-25T14:22:02.410314+00:00
moh_treatment-bdece1a3d62ae941,national_reference,MOH_TREATMENT,,,National,Occupational Therapy,Ukuran Pelaksanaan Terapi Cara Kerja Kanada (C.O.P.M),Ukuran Pelaksanaan Terapi Cara Kerja Kanada (C.O.P.M),occupational therapy service,Malaysian,citizen,Inpatient,Class 1,,20.0,,20,,Ministry of Health Malaysia – Caj Rawatan,https://www.moh.gov.my/teras/info-kesihatan/kadar-perkhidmatan/caj-rawatan,2025-09-23,2026-08-25T14:22:02.410314+00:00
moh_treatment-27a4c4c1e3dd4eaf,national_reference,MOH_TREATMENT,,,National,Occupational Therapy,Ukuran Pelaksanaan Terapi Cara Kerja Kanada (C.O.P.M),Ukuran Pelaksanaan Terapi Cara Kerja Kanada (C.O.P.M),occupational therapy service,Malaysian,citizen,Inpatient,Class 2,,10.0,,10,,Ministry of Health Malaysia – Caj Rawatan,https://www.moh.gov.my/teras/info-kesihatan/kadar-perkhidmatan/caj-rawatan,2025-09-23,2026-08-25T14:22:02.410314+00:00
moh_treatment-f9c39565e46c72a8,national_reference,MOH_TREATMENT,,,National,Occupational Therapy,Ukuran Pelaksanaan Terapi Cara Kerja Kanada (C.O.P.M),Ukuran Pelaksanaan Terapi Cara Kerja Kanada (C.O.P.M),occupational therapy service,Malaysian,citizen,Inpatient,Class 3,,0.0,,Percuma,,Ministry of Health Malaysia – Caj Rawatan,https://www.moh.gov.my/teras/info-kesihatan/kadar-perkhidmatan/caj-rawatan,2025-09-23,2026-08-25T14:22:02.410314+00:00
moh_treatment-2a5dfc649c209a9c,national_reference,MOH_TREATMENT,,,National,Occupational Therapy,Jadual Pendek Penafsiran Keperluan Camberwell (CANSAS),Jadual Pendek Penafsiran Keperluan Camberwell (CANSAS),occupational therapy service,Malaysian,citizen,Inpatient,Class 1,,20.0,,20,,Ministry of Health Malaysia – Caj Rawatan,https://www.moh.gov.my/teras/info-kesihatan/kadar-perkhidmatan/caj-rawatan,2025-09-23,2026-08-25T14:22:02.410314+00:00
moh_treatment-9e12a54b22bf6643,national_reference,MOH_TREATMENT,,,National,Occupational Therapy,Jadual Pendek Penafsiran Keperluan Camberwell (CANSAS),Jadual Pendek Penafsiran Keperluan Camberwell (CANSAS),occupational therapy service,Malaysian,citizen,Inpatient,Class 2,,10.0,,10,,Ministry of Health Malaysia – Caj Rawatan,https://www.moh.gov.my/teras/info-kesihatan/kadar-perkhidmatan/caj-rawatan,2025-09-23,2026-08-25T14:22:02.410314+00:00
moh_treatment-a0f5f5d1cb407c4f,national_reference,MOH_TREATMENT,,,National,Occupational Therapy,Jadual Pendek Penafsiran Keperluan Camberwell (CANSAS),Jadual Pendek Penafsiran Keperluan Camberwell (CANSAS),occupational therapy service,Malaysian,citizen,Inpatient,Class 3,,0.0,,Percuma,,Ministry of Health Malaysia – Caj Rawatan,https://www.moh.gov.my/teras/info-kesihatan/kadar-perkhidmatan/caj-rawatan,2025-09-23,2026-08-25T14:22:02.410314+00:00
moh_treatment-e5df8d36b996ffb1,national_reference,MOH_TREATMENT,,,National,Occupational Therapy,Penilaian Keupayaan Kefungsian (FAA),Penilaian Keupayaan Kefungsian (FAA),occupational therapy service,Malaysian,citizen,Inpatient,Class 1,,20.0,,20,,Ministry of Health Malaysia – Caj Rawatan,https://www.moh.gov.my/teras/info-kesihatan/kadar-perkhidmatan/caj-rawatan,2025-09-23,2026-08-25T14:22:02.410314+00:00
moh_treatment-ec6ad025200f13b7,national_reference,MOH_TREATMENT,,,National,Occupational Therapy,Penilaian Keupayaan Kefungsian (FAA),Penilaian Keupayaan Kefungsian (FAA),occupational therapy service,Malaysian,citizen,Inpatient,Class 2,,10.0,,10,,Ministry of Health Malaysia – Caj Rawatan,https://www.moh.gov.my/teras/info-kesihatan/kadar-perkhidmatan/caj-rawatan,2025-09-23,2026-08-25T14:22:02.410314+00:00
moh_treatment-a13253c515cdb2a8,national_reference,MOH_TREATMENT,,,National,Occupational Therapy,Penilaian Keupayaan Kefungsian (FAA),Penilaian Keupayaan Kefungsian (FAA),occupational therapy service,Malaysian,citizen,Inpatient,Class 3,,0.0,,Percuma,,Ministry of Health Malaysia – Caj Rawatan,https://www.moh.gov.my/teras/info-kesihatan/kadar-perkhidmatan/caj-rawatan,2025-09-23,2026-08-25T14:22:02.410314+00:00
moh_treatment-881cbf434bcd80ce,national_reference,MOH_TREATMENT,,,National,Occupational Therapy,Ukuran Kebebasan Kefungsian (FIM),Ukuran Kebebasan Kefungsian (FIM),occupational therapy service,Malaysian,citizen,Inpatient,Class 1,,20.0,,20,,Ministry of Health Malaysia – Caj Rawatan,https://www.moh.gov.my/teras/info-kesihatan/kadar-perkhidmatan/caj-rawatan,2025-09-23,2026-08-25T14:22:02.410314+00:00
moh_treatment-c9b785ac3ac9215c,national_reference,MOH_TREATMENT,,,National,Occupational Therapy,Ukuran Kebebasan Kefungsian (FIM),Ukuran Kebebasan Kefungsian (FIM),occupational therapy service,Malaysian,citizen,Inpatient,Class 2,,10.0,,10,,Ministry of Health Malaysia – Caj Rawatan,https://www.moh.gov.my/teras/info-kesihatan/kadar-perkhidmatan/caj-rawatan,2025-09-23,2026-08-25T14:22:02.410314+00:00
moh_treatment-7c01fd3e123e8594,national_reference,MOH_TREATMENT,,,National,Occupational Therapy,Ukuran Kebebasan Kefungsian (FIM),Ukuran Kebebasan Kefungsian (FIM),occupational therapy service,Malaysian,citizen,Inpatient,Class 3,,0.0,,Percuma,,Ministry of Health Malaysia – Caj Rawatan,https://www.moh.gov.my/teras/info-kesihatan/kadar-perkhidmatan/caj-rawatan,2025-09-23,2026-08-25T14:22:02.410314+00:00
moh_treatment-6f1e7754ffbc8cff,national_reference,MOH_TREATMENT,,,National,Occupational Therapy,Penilaian Kemahiran Hidup Kohlman (KELS),Penilaian Kemahiran Hidup Kohlman (KELS),occupational therapy service,Malaysian,citizen,Inpatient,Class 1,,20.0,,20,,Ministry of Health Malaysia – Caj Rawatan,https://www.moh.gov.my/teras/info-kesihatan/kadar-perkhidmatan/caj-rawatan,2025-09-23,2026-08-25T14:22:02.410314+00:00
moh_treatment-dbcdc50f33901690,national_reference,MOH_TREATMENT,,,National,Occupational Therapy,Penilaian Kemahiran Hidup Kohlman (KELS),Penilaian Kemahiran Hidup Kohlman (KELS),occupational therapy service,Malaysian,citizen,Inpatient,Class 2,,10.0,,10,,Ministry of Health Malaysia – Caj Rawatan,https://www.moh.gov.my/teras/info-kesihatan/kadar-perkhidmatan/caj-rawatan,2025-09-23,2026-08-25T14:22:02.410314+00:00
moh_treatment-27f4ddf777aab9ee,national_reference,MOH_TREATMENT,,,National,Occupational Therapy,Penilaian Kemahiran Hidup Kohlman (KELS),Penilaian Kemahiran Hidup Kohlman (KELS),occupational therapy service,Malaysian,citizen,Inpatient,Class 3,,0.0,,Percuma,,Ministry of Health Malaysia – Caj Rawatan,https://www.moh.gov.my/teras/info-kesihatan/kadar-perkhidmatan/caj-rawatan,2025-09-23,2026-08-25T14:22:02.410314+00:00
moh_treatment-45c629d9be268785,national_reference,MOH_TREATMENT,,,National,Occupational Therapy,Aktiviti instrumental skala kehidupan seharian Lawton,Aktiviti instrumental skala kehidupan seharian Lawton,occupational therapy service,Malaysian,citizen,Inpatient,Class 1,,20.0,per day,20,,Ministry of Health Malaysia – Caj Rawatan,https://www.moh.gov.my/teras/info-kesihatan/kadar-perkhidmatan/caj-rawatan,2025-09-23,2026-08-25T14:22:02.410314+00:00
moh_treatment-6d982e2ce50df1c6,national_reference,MOH_TREATMENT,,,National,Occupational Therapy,Aktiviti instrumental skala kehidupan seharian Lawton,Aktiviti instrumental skala kehidupan seharian Lawton,occupational therapy service,Malaysian,citizen,Inpatient,Class 2,,10.0,per day,10,,Ministry of Health Malaysia – Caj Rawatan,https://www.moh.gov.my/teras/info-kesihatan/kadar-perkhidmatan/caj-rawatan,2025-09-23,2026-08-25T14:22:02.410314+00:00
moh_treatment-799eb882a8634cb7,national_reference,MOH_TREATMENT,,,National,Occupational Therapy,Aktiviti instrumental skala kehidupan seharian Lawton,Aktiviti instrumental skala kehidupan seharian Lawton,occupational therapy service,Malaysian,citizen,Inpatient,Class 3,,0.0,per day,Percuma,,Ministry of Health Malaysia – Caj Rawatan,https://www.moh.gov.my/teras/info-kesihatan/kadar-perkhidmatan/caj-rawatan,2025-09-23,2026-08-25T14:22:02.410314+00:00
moh_treatment-a3744b41b591315d,national_reference,MOH_TREATMENT,,,National,Occupational Therapy,Indeks terubah suai Barthel (MBI),Indeks terubah suai Barthel (MBI),occupational therapy service,Malaysian,citizen,Inpatient,Class 1,,20.0,,20,,Ministry of Health Malaysia – Caj Rawatan,https://www.moh.gov.my/teras/info-kesihatan/kadar-perkhidmatan/caj-rawatan,2025-09-23,2026-08-25T14:22:02.410314+00:00
moh_treatment-5dea5eb0317670b2,national_reference,MOH_TREATMENT,,,National,Occupational Therapy,Indeks terubah suai Barthel (MBI),Indeks terubah suai Barthel (MBI),occupational therapy service,Malaysian,citizen,Inpatient,Class 2,,10.0,,10,,Ministry of Health Malaysia – Caj Rawatan,https://www.moh.gov.my/teras/info-kesihatan/kadar-perkhidmatan/caj-rawatan,2025-09-23,2026-08-25T14:22:02.410314+00:00
moh_treatment-fb8a8b050539a54a,national_reference,MOH_TREATMENT,,,National,Occupational Therapy,Indeks terubah suai Barthel (MBI),Indeks terubah suai Barthel (MBI),occupational therapy service,Malaysian,citizen,Inpatient,Class 3,,0.0,,Percuma,,Ministry of Health Malaysia – Caj Rawatan,https://www.moh.gov.my/teras/info-kesihatan/kadar-perkhidmatan/caj-rawatan,2025-09-23,2026-08-25T14:22:02.410314+00:00
moh_treatment-3616c885a1e3d5ce,national_reference,MOH_TREATMENT,,,National,Occupational Therapy,Terapi cara kerja bagi penilaian jantung,Terapi cara kerja bagi penilaian jantung,occupational therapy service,Malaysian,citizen,Inpatient,Class 1,,20.0,,20,,Ministry of Health Malaysia – Caj Rawatan,https://www.moh.gov.my/teras/info-kesihatan/kadar-perkhidmatan/caj-rawatan,2025-09-23,2026-08-25T14:22:02.410314+00:00
moh_treatment-5842a5e120c2786f,national_reference,MOH_TREATMENT,,,National,Occupational Therapy,Terapi cara kerja bagi penilaian jantung,Terapi cara kerja bagi penilaian jantung,occupational therapy service,Malaysian,citizen,Inpatient,Class 2,,10.0,,10,,Ministry of Health Malaysia – Caj Rawatan,https://www.moh.gov.my/teras/info-kesihatan/kadar-perkhidmatan/caj-rawatan,2025-09-23,2026-08-25T14:22:02.410314+00:00
moh_treatment-465ee67e14ae476c,national_reference,MOH_TREATMENT,,,National,Occupational Therapy,Terapi cara kerja bagi penilaian jantung,Terapi cara kerja bagi penilaian jantung,occupational therapy service,Malaysian,citizen,Inpatient,Class 3,,0.0,,Percuma,,Ministry of Health Malaysia – Caj Rawatan,https://www.moh.gov.my/teras/info-kesihatan/kadar-perkhidmatan/caj-rawatan,2025-09-23,2026-08-25T14:22:02.410314+00:00
moh_treatment-a3032d50e6738309,national_reference,MOH_TREATMENT,,,National,Occupational Therapy,Inventori penilaian kehilangan upaya pediatrik (PEDI),Inventori penilaian kehilangan upaya pediatrik (PEDI),occupational therapy service,Malaysian,citizen,Inpatient,Class 1,,20.0,,20,,Ministry of Health Malaysia – Caj Rawatan,https://www.moh.gov.my/teras/info-kesihatan/kadar-perkhidmatan/caj-rawatan,2025-09-23,2026-08-25T14:22:02.410314+00:00
moh_treatment-3e51dc1e262b60da,national_reference,MOH_TREATMENT,,,National,Occupational Therapy,Inventori penilaian kehilangan upaya pediatrik (PEDI),Inventori penilaian kehilangan upaya pediatrik (PEDI),occupational therapy service,Malaysian,citizen,Inpatient,Class 2,,10.0,,10,,Ministry of Health Malaysia – Caj Rawatan,https://www.moh.gov.my/teras/info-kesihatan/kadar-perkhidmatan/caj-rawatan,2025-09-23,2026-08-25T14:22:02.410314+00:00
moh_treatment-d77b45f9ac476a7c,national_reference,MOH_TREATMENT,,,National,Occupational Therapy,Inventori penilaian kehilangan upaya pediatrik (PEDI),Inventori penilaian kehilangan upaya pediatrik (PEDI),occupational therapy service,Malaysian,citizen,Inpatient,Class 3,,0.0,,Percuma,,Ministry of Health Malaysia – Caj Rawatan,https://www.moh.gov.my/teras/info-kesihatan/kadar-perkhidmatan/caj-rawatan,2025-09-23,2026-08-25T14:22:02.410314+00:00
moh_treatment-2f779d326c166716,national_reference,MOH_TREATMENT,,,National,Occupational Therapy,Penilaian Pelaksanaan Kemahiran Pengurusan Diri (PASS),Penilaian Pelaksanaan Kemahiran Pengurusan Diri (PASS),occupational therapy service,Malaysian,citizen,Inpatient,Class 1,,20.0,,20,,Ministry of Health Malaysia – Caj Rawatan,https://www.moh.gov.my/teras/info-kesihatan/kadar-perkhidmatan/caj-rawatan,2025-09-23,2026-08-25T14:22:02.410314+00:00
moh_treatment-ebb430a94467aa47,national_reference,MOH_TREATMENT,,,National,Occupational Therapy,Penilaian Pelaksanaan Kemahiran Pengurusan Diri (PASS),Penilaian Pelaksanaan Kemahiran Pengurusan Diri (PASS),occupational therapy service,Malaysian,citizen,Inpatient,Class 2,,10.0,,10,,Ministry of Health Malaysia – Caj Rawatan,https://www.moh.gov.my/teras/info-kesihatan/kadar-perkhidmatan/caj-rawatan,2025-09-23,2026-08-25T14:22:02.410314+00:00
moh_treatment-29f1b38f19dd06e9,national_reference,MOH_TREATMENT,,,National,Occupational Therapy,Penilaian Pelaksanaan Kemahiran Pengurusan Diri (PASS),Penilaian Pelaksanaan Kemahiran Pengurusan Diri (PASS),occupational therapy service,Malaysian,citizen,Inpatient,Class 3,,0.0,,Percuma,,Ministry of Health Malaysia – Caj Rawatan,https://www.moh.gov.my/teras/info-kesihatan/kadar-perkhidmatan/caj-rawatan,2025-09-23,2026-08-25T14:22:02.410314+00:00
moh_treatment-f3b564fc00ba677a,national_reference,MOH_TREATMENT,,,National,Occupational Therapy,Penilaian Kemahiran Motor dan Pemprosesan bagi Kesihatan Mental (AMPS),Penilaian Kemahiran Motor dan Pemprosesan bagi Kesihatan Mental (AMPS),occupational therapy service,Malaysian,citizen,Inpatient,Class 1,,20.0,,20,,Ministry of Health Malaysia – Caj Rawatan,https://www.moh.gov.my/teras/info-kesihatan/kadar-perkhidmatan/caj-rawatan,2025-09-23,2026-08-25T14:22:02.410314+00:00
moh_treatment-71da65ac2212ecb3,national_reference,MOH_TREATMENT,,,National,Occupational Therapy,Penilaian Kemahiran Motor dan Pemprosesan bagi Kesihatan Mental (AMPS),Penilaian Kemahiran Motor dan Pemprosesan bagi Kesihatan Mental (AMPS),occupational therapy service,Malaysian,citizen,Inpatient,Class 2,,10.0,,10,,Ministry of Health Malaysia – Caj Rawatan,https://www.moh.gov.my/teras/info-kesihatan/kadar-perkhidmatan/caj-rawatan,2025-09-23,2026-08-25T14:22:02.410314+00:00
moh_treatment-d9cb31ea3110db4a,national_reference,MOH_TREATMENT,,,National,Occupational Therapy,Penilaian Kemahiran Motor dan Pemprosesan bagi Kesihatan Mental (AMPS),Penilaian Kemahiran Motor dan Pemprosesan bagi Kesihatan Mental (AMPS),occupational therapy service,Malaysian,citizen,Inpatient,Class 3,,0.0,,Percuma,,Ministry of Health Malaysia – Caj Rawatan,https://www.moh.gov.my/teras/info-kesihatan/kadar-perkhidmatan/caj-rawatan,2025-09-23,2026-08-25T14:22:02.410314+00:00
moh_treatment-980195525af99fce,national_reference,MOH_TREATMENT,,,National,Occupational Therapy,Ujian Manual Otot (MMT),Ujian Manual Otot (MMT),occupational therapy service,Malaysian,citizen,Inpatient,Class 1,,20.0,,20,,Ministry of Health Malaysia – Caj Rawatan,https://www.moh.gov.my/teras/info-kesihatan/kadar-perkhidmatan/caj-rawatan,2025-09-23,2026-08-25T14:22:02.410314+00:00
moh_treatment-7769d42194e74216,national_reference,MOH_TREATMENT,,,National,Occupational Therapy,Ujian Manual Otot (MMT),Ujian Manual Otot (MMT),occupational therapy service,Malaysian,citizen,Inpatient,Class 2,,10.0,,10,,Ministry of Health Malaysia – Caj Rawatan,https://www.moh.gov.my/teras/info-kesihatan/kadar-perkhidmatan/caj-rawatan,2025-09-23,2026-08-25T14:22:02.410314+00:00
moh_treatment-55fb2116877c5c5e,national_reference,MOH_TREATMENT,,,National,Occupational Therapy,Ujian Manual Otot (MMT),Ujian Manual Otot (MMT),occupational therapy service,Malaysian,citizen,Inpatient,Class 3,,0.0,,Percuma,,Ministry of Health Malaysia – Caj Rawatan,https://www.moh.gov.my/teras/info-kesihatan/kadar-perkhidmatan/caj-rawatan,2025-09-23,2026-08-25T14:22:02.410314+00:00
moh_treatment-04ae6c722af47af2,national_reference,MOH_TREATMENT,,,National,Occupational Therapy,Kekuatan dinamometer/ tolok kutil,Kekuatan dinamometer/ tolok kutil,occupational therapy service,Malaysian,citizen,Inpatient,Class 1,,20.0,,20,,Ministry of Health Malaysia – Caj Rawatan,https://www.moh.gov.my/teras/info-kesihatan/kadar-perkhidmatan/caj-rawatan,2025-09-23,2026-08-25T14:22:02.410314+00:00
moh_treatment-cdcd00125bb47e48,national_reference,MOH_TREATMENT,,,National,Occupational Therapy,Kekuatan dinamometer/ tolok kutil,Kekuatan dinamometer/ tolok kutil,occupational therapy service,Malaysian,citizen,Inpatient,Class 2,,10.0,,10,,Ministry of Health Malaysia – Caj Rawatan,https://www.moh.gov.my/teras/info-kesihatan/kadar-perkhidmatan/caj-rawatan,2025-09-23,2026-08-25T14:22:02.410314+00:00
moh_treatment-071d8cfa2a9a9870,national_reference,MOH_TREATMENT,,,National,Occupational Therapy,Kekuatan dinamometer/ tolok kutil,Kekuatan dinamometer/ tolok kutil,occupational therapy service,Malaysian,citizen,Inpatient,Class 3,,0.0,,Percuma,,Ministry of Health Malaysia – Caj Rawatan,https://www.moh.gov.my/teras/info-kesihatan/kadar-perkhidmatan/caj-rawatan,2025-09-23,2026-08-25T14:22:02.410314+00:00
moh_treatment-e1beb2e32aa6d2f6,national_reference,MOH_TREATMENT,,,National,Occupational Therapy,Ujian pembezaan 2 titik,Ujian pembezaan 2 titik,occupational therapy service,Malaysian,citizen,Inpatient,Class 1,,20.0,,20,,Ministry of Health Malaysia – Caj Rawatan,https://www.moh.gov.my/teras/info-kesihatan/kadar-perkhidmatan/caj-rawatan,2025-09-23,2026-08-25T14:22:02.410314+00:00
moh_treatment-27a45bb75b7956ca,national_reference,MOH_TREATMENT,,,National,Occupational Therapy,Ujian pembezaan 2 titik,Ujian pembezaan 2 titik,occupational therapy service,Malaysian,citizen,Inpatient,Class 2,,10.0,,10,,Ministry of Health Malaysia – Caj Rawatan,https://www.moh.gov.my/teras/info-kesihatan/kadar-perkhidmatan/caj-rawatan,2025-09-23,2026-08-25T14:22:02.410314+00:00
moh_treatment-319bf0a409dc42f0,national_reference,MOH_TREATMENT,,,National,Occupational Therapy,Ujian pembezaan 2 titik,Ujian pembezaan 2 titik,occupational therapy service,Malaysian,citizen,Inpatient,Class 3,,0.0,,Percuma,,Ministry of Health Malaysia – Caj Rawatan,https://www.moh.gov.my/teras/info-kesihatan/kadar-perkhidmatan/caj-rawatan,2025-09-23,2026-08-25T14:22:02.410314+00:00
moh_treatment-f5bca43fdeb91df6,national_reference,MOH_TREATMENT,,,National,Occupational Therapy,Ujian pasak 9 lubang,Ujian pasak 9 lubang,occupational therapy service,Malaysian,citizen,Inpatient,Class 1,,20.0,,20,,Ministry of Health Malaysia – Caj Rawatan,https://www.moh.gov.my/teras/info-kesihatan/kadar-perkhidmatan/caj-rawatan,2025-09-23,2026-08-25T14:22:02.410314+00:00
moh_treatment-0d86f254fbad1437,national_reference,MOH_TREATMENT,,,National,Occupational Therapy,Ujian pasak 9 lubang,Ujian pasak 9 lubang,occupational therapy service,Malaysian,citizen,Inpatient,Class 2,,10.0,,10,,Ministry of Health Malaysia – Caj Rawatan,https://www.moh.gov.my/teras/info-kesihatan/kadar-perkhidmatan/caj-rawatan,2025-09-23,2026-08-25T14:22:02.410314+00:00
moh_treatment-2cf68b58b2df2ed3,national_reference,MOH_TREATMENT,,,National,Occupational Therapy,Ujian pasak 9 lubang,Ujian pasak 9 lubang,occupational therapy service,Malaysian,citizen,Inpatient,Class 3,,0.0,,Percuma,,Ministry of Health Malaysia – Caj Rawatan,https://www.moh.gov.my/teras/info-kesihatan/kadar-perkhidmatan/caj-rawatan,2025-09-23,2026-08-25T14:22:02.410314+00:00
moh_treatment-0ce106552aad103a,national_reference,MOH_TREATMENT,,,National,Occupational Therapy,Ujian imbangan Berg,Ujian imbangan Berg,occupational therapy service,Malaysian,citizen,Inpatient,Class 1,,20.0,,20,,Ministry of Health Malaysia – Caj Rawatan,https://www.moh.gov.my/teras/info-kesihatan/kadar-perkhidmatan/caj-rawatan,2025-09-23,2026-08-25T14:22:02.410314+00:00
moh_treatment-a1c02df7ea49d69e,national_reference,MOH_TREATMENT,,,National,Occupational Therapy,Ujian imbangan Berg,Ujian imbangan Berg,occupational therapy service,Malaysian,citizen,Inpatient,Class 2,,10.0,,10,,Ministry of Health Malaysia – Caj Rawatan,https://www.moh.gov.my/teras/info-kesihatan/kadar-perkhidmatan/caj-rawatan,2025-09-23,2026-08-25T14:22:02.410314+00:00
moh_treatment-f7f389883c0f00ae,national_reference,MOH_TREATMENT,,,National,Occupational Therapy,Ujian imbangan Berg,Ujian imbangan Berg,occupational therapy service,Malaysian,citizen,Inpatient,Class 3,,0.0,,Percuma,,Ministry of Health Malaysia – Caj Rawatan,https://www.moh.gov.my/teras/info-kesihatan/kadar-perkhidmatan/caj-rawatan,2025-09-23,2026-08-25T14:22:02.410314+00:00
moh_treatment-7a594812ea3685b4,national_reference,MOH_TREATMENT,,,National,Occupational Therapy,Papan pasak beralur,Papan pasak beralur,occupational therapy service,Malaysian,citizen,Inpatient,Class 1,,20.0,,20,,Ministry of Health Malaysia – Caj Rawatan,https://www.moh.gov.my/teras/info-kesihatan/kadar-perkhidmatan/caj-rawatan,2025-09-23,2026-08-25T14:22:02.410314+00:00
moh_treatment-3a083d0e7bb3661b,national_reference,MOH_TREATMENT,,,National,Occupational Therapy,Papan pasak beralur,Papan pasak beralur,occupational therapy service,Malaysian,citizen,Inpatient,Class 2,,10.0,,10,,Ministry of Health Malaysia – Caj Rawatan,https://www.moh.gov.my/teras/info-kesihatan/kadar-perkhidmatan/caj-rawatan,2025-09-23,2026-08-25T14:22:02.410314+00:00
moh_treatment-00eb6191fe214b9b,national_reference,MOH_TREATMENT,,,National,Occupational Therapy,Papan pasak beralur,Papan pasak beralur,occupational therapy service,Malaysian,citizen,Inpatient,Class 3,,0.0,,Percuma,,Ministry of Health Malaysia – Caj Rawatan,https://www.moh.gov.my/teras/info-kesihatan/kadar-perkhidmatan/caj-rawatan,2025-09-23,2026-08-25T14:22:02.410314+00:00
moh_treatment-aeb31a18e45af9e3,national_reference,MOH_TREATMENT,,,National,Occupational Therapy,Ujian fungsi tangan Jebsen Taylor,Ujian fungsi tangan Jebsen Taylor,occupational therapy service,Malaysian,citizen,Inpatient,Class 1,,20.0,,20,,Ministry of Health Malaysia – Caj Rawatan,https://www.moh.gov.my/teras/info-kesihatan/kadar-perkhidmatan/caj-rawatan,2025-09-23,2026-08-25T14:22:02.410314+00:00
moh_treatment-f90bb90ae053e649,national_reference,MOH_TREATMENT,,,National,Occupational Therapy,Ujian fungsi tangan Jebsen Taylor,Ujian fungsi tangan Jebsen Taylor,occupational therapy service,Malaysian,citizen,Inpatient,Class 2,,10.0,,10,,Ministry of Health Malaysia – Caj Rawatan,https://www.moh.gov.my/teras/info-kesihatan/kadar-perkhidmatan/caj-rawatan,2025-09-23,2026-08-25T14:22:02.410314+00:00
moh_treatment-ac4f274d558bbe56,national_reference,MOH_TREATMENT,,,National,Occupational Therapy,Ujian fungsi tangan Jebsen Taylor,Ujian fungsi tangan Jebsen Taylor,occupational therapy service,Malaysian,citizen,Inpatient,Class 3,,0.0,,Percuma,,Ministry of Health Malaysia – Caj Rawatan,https://www.moh.gov.my/teras/info-kesihatan/kadar-perkhidmatan/caj-rawatan,2025-09-23,2026-08-25T14:22:02.410314+00:00
moh_treatment-04a0dc0f1d48c9eb,national_reference,MOH_TREATMENT,,,National,Occupational Therapy,Ujian kecakatan manual Minnesota,Ujian kecakatan manual Minnesota,occupational therapy service,Malaysian,citizen,Inpatient,Class 1,,20.0,,20,,Ministry of Health Malaysia – Caj Rawatan,https://www.moh.gov.my/teras/info-kesihatan/kadar-perkhidmatan/caj-rawatan,2025-09-23,2026-08-25T14:22:02.410314+00:00
moh_treatment-387892ca0e02ae06,national_reference,MOH_TREATMENT,,,National,Occupational Therapy,Ujian kecakatan manual Minnesota,Ujian kecakatan manual Minnesota,occupational therapy service,Malaysian,citizen,Inpatient,Class 2,,10.0,,10,,Ministry of Health Malaysia – Caj Rawatan,https://www.moh.gov.my/teras/info-kesihatan/kadar-perkhidmatan/caj-rawatan,2025-09-23,2026-08-25T14:22:02.410314+00:00
moh_treatment-73a1651c288c7c67,national_reference,MOH_TREATMENT,,,National,Occupational Therapy,Ujian kecakatan manual Minnesota,Ujian kecakatan manual Minnesota,occupational therapy service,Malaysian,citizen,Inpatient,Class 3,,0.0,,Percuma,,Ministry of Health Malaysia – Caj Rawatan,https://www.moh.gov.my/teras/info-kesihatan/kadar-perkhidmatan/caj-rawatan,2025-09-23,2026-08-25T14:22:02.410314+00:00
moh_treatment-1809449620780647,national_reference,MOH_TREATMENT,,,National,Occupational Therapy,Skala kesakitan,Skala kesakitan,occupational therapy service,Malaysian,citizen,Inpatient,Class 1,,20.0,,20,,Ministry of Health Malaysia – Caj Rawatan,https://www.moh.gov.my/teras/info-kesihatan/kadar-perkhidmatan/caj-rawatan,2025-09-23,2026-08-25T14:22:02.410314+00:00
moh_treatment-1bbe5a79291b139f,national_reference,MOH_TREATMENT,,,National,Occupational Therapy,Skala kesakitan,Skala kesakitan,occupational therapy service,Malaysian,citizen,Inpatient,Class 2,,10.0,,10,,Ministry of Health Malaysia – Caj Rawatan,https://www.moh.gov.my/teras/info-kesihatan/kadar-perkhidmatan/caj-rawatan,2025-09-23,2026-08-25T14:22:02.410314+00:00
moh_treatment-6821b97b5d5ac382,national_reference,MOH_TREATMENT,,,National,Occupational Therapy,Skala kesakitan,Skala kesakitan,occupational therapy service,Malaysian,citizen,Inpatient,Class 3,,0.0,,Percuma,,Ministry of Health Malaysia – Caj Rawatan,https://www.moh.gov.my/teras/info-kesihatan/kadar-perkhidmatan/caj-rawatan,2025-09-23,2026-08-25T14:22:02.410314+00:00
moh_treatment-dc8482d95d43ceef,national_reference,MOH_TREATMENT,,,National,Occupational Therapy,Ujian kecakatan jari O’Connor,Ujian kecakatan jari O’Connor,occupational therapy service,Malaysian,citizen,Inpatient,Class 1,,20.0,,20,,Ministry of Health Malaysia – Caj Rawatan,https://www.moh.gov.my/teras/info-kesihatan/kadar-perkhidmatan/caj-rawatan,2025-09-23,2026-08-25T14:22:02.410314+00:00
moh_treatment-56171f4fb7bbf49e,national_reference,MOH_TREATMENT,,,National,Occupational Therapy,Ujian kecakatan jari O’Connor,Ujian kecakatan jari O’Connor,occupational therapy service,Malaysian,citizen,Inpatient,Class 2,,10.0,,10,,Ministry of Health Malaysia – Caj Rawatan,https://www.moh.gov.my/teras/info-kesihatan/kadar-perkhidmatan/caj-rawatan,2025-09-23,2026-08-25T14:22:02.410314+00:00
moh_treatment-3111d9a7114c9bb1,national_reference,MOH_TREATMENT,,,National,Occupational Therapy,Ujian kecakatan jari O’Connor,Ujian kecakatan jari O’Connor,occupational therapy service,Malaysian,citizen,Inpatient,Class 3,,0.0,,Percuma,,Ministry of Health Malaysia – Caj Rawatan,https://www.moh.gov.my/teras/info-kesihatan/kadar-perkhidmatan/caj-rawatan,2025-09-23,2026-08-25T14:22:02.410314+00:00
moh_treatment-b37aa2549fa82261,national_reference,MOH_TREATMENT,,,National,Occupational Therapy,Ujian kecakatan penyepit O’Connor,Ujian kecakatan penyepit O’Connor,occupational therapy service,Malaysian,citizen,Inpatient,Class 1,,20.0,,20,,Ministry of Health Malaysia – Caj Rawatan,https://www.moh.gov.my/teras/info-kesihatan/kadar-perkhidmatan/caj-rawatan,2025-09-23,2026-08-25T14:22:02.410314+00:00
moh_treatment-2449ce48a6cdabe6,national_reference,MOH_TREATMENT,,,National,Occupational Therapy,Ujian kecakatan penyepit O’Connor,Ujian kecakatan penyepit O’Connor,occupational therapy service,Malaysian,citizen,Inpatient,Class 2,,10.0,,10,,Ministry of Health Malaysia – Caj Rawatan,https://www.moh.gov.my/teras/info-kesihatan/kadar-perkhidmatan/caj-rawatan,2025-09-23,2026-08-25T14:22:02.410314+00:00
moh_treatment-7827db8b5c77654d,national_reference,MOH_TREATMENT,,,National,Occupational Therapy,Ujian kecakatan penyepit O’Connor,Ujian kecakatan penyepit O’Connor,occupational therapy service,Malaysian,citizen,Inpatient,Class 3,,0.0,,Percuma,,Ministry of Health Malaysia – Caj Rawatan,https://www.moh.gov.my/teras/info-kesihatan/kadar-perkhidmatan/caj-rawatan,2025-09-23,2026-08-25T14:22:02.410314+00:00
moh_treatment-3157728b3d7223e1,national_reference,MOH_TREATMENT,,,National,Occupational Therapy,Ton otot,Ton otot,occupational therapy service,Malaysian,citizen,Inpatient,Class 1,,20.0,,20,,Ministry of Health Malaysia – Caj Rawatan,https://www.moh.gov.my/teras/info-kesihatan/kadar-perkhidmatan/caj-rawatan,2025-09-23,2026-08-25T14:22:02.410314+00:00
moh_treatment-630a3ee7cff77b21,national_reference,MOH_TREATMENT,,,National,Occupational Therapy,Ton otot,Ton otot,occupational therapy service,Malaysian,citizen,Inpatient,Class 2,,10.0,,10,,Ministry of Health Malaysia – Caj Rawatan,https://www.moh.gov.my/teras/info-kesihatan/kadar-perkhidmatan/caj-rawatan,2025-09-23,2026-08-25T14:22:02.410314+00:00
moh_treatment-92b325d61b99c4ff,national_reference,MOH_TREATMENT,,,National,Occupational Therapy,Ton otot,Ton otot,occupational therapy service,Malaysian,citizen,Inpatient,Class 3,,0.0,,Percuma,,Ministry of Health Malaysia – Caj Rawatan,https://www.moh.gov.my/teras/info-kesihatan/kadar-perkhidmatan/caj-rawatan,2025-09-23,2026-08-25T14:22:02.410314+00:00
moh_treatment-ca021abb9fcce3bc,national_reference,MOH_TREATMENT,,,National,Occupational Therapy,Ujian papan pasak Purdue,Ujian papan pasak Purdue,occupational therapy service,Malaysian,citizen,Inpatient,Class 1,,20.0,,20,,Ministry of Health Malaysia – Caj Rawatan,https://www.moh.gov.my/teras/info-kesihatan/kadar-perkhidmatan/caj-rawatan,2025-09-23,2026-08-25T14:22:02.410314+00:00
moh_treatment-0bef236c84d2fa02,national_reference,MOH_TREATMENT,,,National,Occupational Therapy,Ujian papan pasak Purdue,Ujian papan pasak Purdue,occupational therapy service,Malaysian,citizen,Inpatient,Class 2,,10.0,,10,,Ministry of Health Malaysia – Caj Rawatan,https://www.moh.gov.my/teras/info-kesihatan/kadar-perkhidmatan/caj-rawatan,2025-09-23,2026-08-25T14:22:02.410314+00:00
moh_treatment-edfafd10dc31eca8,national_reference,MOH_TREATMENT,,,National,Occupational Therapy,Ujian papan pasak Purdue,Ujian papan pasak Purdue,occupational therapy service,Malaysian,citizen,Inpatient,Class 3,,0.0,,Percuma,,Ministry of Health Malaysia – Caj Rawatan,https://www.moh.gov.my/teras/info-kesihatan/kadar-perkhidmatan/caj-rawatan,2025-09-23,2026-08-25T14:22:02.410314+00:00
moh_treatment-0e11815a539997c4,national_reference,MOH_TREATMENT,,,National,Occupational Therapy,Julat pergerakan sendi (Goniometer),Julat pergerakan sendi (Goniometer),occupational therapy service,Malaysian,citizen,Inpatient,Class 1,,20.0,,20,,Ministry of Health Malaysia – Caj Rawatan,https://www.moh.gov.my/teras/info-kesihatan/kadar-perkhidmatan/caj-rawatan,2025-09-23,2026-08-25T14:22:02.410314+00:00
moh_treatment-bbc10c8631db6545,national_reference,MOH_TREATMENT,,,National,Occupational Therapy,Julat pergerakan sendi (Goniometer),Julat pergerakan sendi (Goniometer),occupational therapy service,Malaysian,citizen,Inpatient,Class 2,,10.0,,10,,Ministry of Health Malaysia – Caj Rawatan,https://www.moh.gov.my/teras/info-kesihatan/kadar-perkhidmatan/caj-rawatan,2025-09-23,2026-08-25T14:22:02.410314+00:00
moh_treatment-7c4006e05dec5bf7,national_reference,MOH_TREATMENT,,,National,Occupational Therapy,Julat pergerakan sendi (Goniometer),Julat pergerakan sendi (Goniometer),occupational therapy service,Malaysian,citizen,Inpatient,Class 3,,0.0,,Percuma,,Ministry of Health Malaysia – Caj Rawatan,https://www.moh.gov.my/teras/info-kesihatan/kadar-perkhidmatan/caj-rawatan,2025-09-23,2026-08-25T14:22:02.410314+00:00
moh_treatment-d2ea4d544d2a9c59,national_reference,MOH_TREATMENT,,,National,Occupational Therapy,Ujian aptitud manipulatif Roeder,Ujian aptitud manipulatif Roeder,occupational therapy service,Malaysian,citizen,Inpatient,Class 1,,20.0,,20,,Ministry of Health Malaysia – Caj Rawatan,https://www.moh.gov.my/teras/info-kesihatan/kadar-perkhidmatan/caj-rawatan,2025-09-23,2026-08-25T14:22:02.410314+00:00
moh_treatment-b7372c2d1e425eb1,national_reference,MOH_TREATMENT,,,National,Occupational Therapy,Ujian aptitud manipulatif Roeder,Ujian aptitud manipulatif Roeder,occupational therapy service,Malaysian,citizen,Inpatient,Class 2,,10.0,,10,,Ministry of Health Malaysia – Caj Rawatan,https://www.moh.gov.my/teras/info-kesihatan/kadar-perkhidmatan/caj-rawatan,2025-09-23,2026-08-25T14:22:02.410314+00:00
moh_treatment-01abd643aea9a902,national_reference,MOH_TREATMENT,,,National,Occupational Therapy,Ujian aptitud manipulatif Roeder,Ujian aptitud manipulatif Roeder,occupational therapy service,Malaysian,citizen,Inpatient,Class 3,,0.0,,Percuma,,Ministry of Health Malaysia – Caj Rawatan,https://www.moh.gov.my/teras/info-kesihatan/kadar-perkhidmatan/caj-rawatan,2025-09-23,2026-08-25T14:22:02.410314+00:00
moh_treatment-01bfed1202fd4092,national_reference,MOH_TREATMENT,,,National,Occupational Therapy,Ujian monofilamen Semmes-Weinstein,Ujian monofilamen Semmes-Weinstein,occupational therapy service,Malaysian,citizen,Inpatient,Class 1,,20.0,,20,,Ministry of Health Malaysia – Caj Rawatan,https://www.moh.gov.my/teras/info-kesihatan/kadar-perkhidmatan/caj-rawatan,2025-09-23,2026-08-25T14:22:02.410314+00:00
moh_treatment-8fb68d7eba9ac22e,national_reference,MOH_TREATMENT,,,National,Occupational Therapy,Ujian monofilamen Semmes-Weinstein,Ujian monofilamen Semmes-Weinstein,occupational therapy service,Malaysian,citizen,Inpatient,Class 2,,10.0,,10,,Ministry of Health Malaysia – Caj Rawatan,https://www.moh.gov.my/teras/info-kesihatan/kadar-perkhidmatan/caj-rawatan,2025-09-23,2026-08-25T14:22:02.410314+00:00
moh_treatment-5e60b0991867df7b,national_reference,MOH_TREATMENT,,,National,Occupational Therapy,Ujian monofilamen Semmes-Weinstein,Ujian monofilamen Semmes-Weinstein,occupational therapy service,Malaysian,citizen,Inpatient,Class 3,,0.0,,Percuma,,Ministry of Health Malaysia – Caj Rawatan,https://www.moh.gov.my/teras/info-kesihatan/kadar-perkhidmatan/caj-rawatan,2025-09-23,2026-08-25T14:22:02.410314+00:00
moh_treatment-27e3d55af8c129b2,national_reference,MOH_TREATMENT,,,National,Occupational Therapy,Profil sensori,Profil sensori,occupational therapy service,Malaysian,citizen,Inpatient,Class 1,,20.0,,20,,Ministry of Health Malaysia – Caj Rawatan,https://www.moh.gov.my/teras/info-kesihatan/kadar-perkhidmatan/caj-rawatan,2025-09-23,2026-08-25T14:22:02.410314+00:00
moh_treatment-8b960f1d63a683db,national_reference,MOH_TREATMENT,,,National,Occupational Therapy,Profil sensori,Profil sensori,occupational therapy service,Malaysian,citizen,Inpatient,Class 2,,10.0,,10,,Ministry of Health Malaysia – Caj Rawatan,https://www.moh.gov.my/teras/info-kesihatan/kadar-perkhidmatan/caj-rawatan,2025-09-23,2026-08-25T14:22:02.410314+00:00
moh_treatment-24032a68c13b00a7,national_reference,MOH_TREATMENT,,,National,Occupational Therapy,Profil sensori,Profil sensori,occupational therapy service,Malaysian,citizen,Inpatient,Class 3,,0.0,,Percuma,,Ministry of Health Malaysia – Caj Rawatan,https://www.moh.gov.my/teras/info-kesihatan/kadar-perkhidmatan/caj-rawatan,2025-09-23,2026-08-25T14:22:02.410314+00:00
moh_treatment-72b328053d8b8e95,national_reference,MOH_TREATMENT,,,National,Occupational Therapy,Ujian stereognosis,Ujian stereognosis,occupational therapy service,Malaysian,citizen,Inpatient,Class 1,,20.0,,20,,Ministry of Health Malaysia – Caj Rawatan,https://www.moh.gov.my/teras/info-kesihatan/kadar-perkhidmatan/caj-rawatan,2025-09-23,2026-08-25T14:22:02.410314+00:00
moh_treatment-c228b41f6061a918,national_reference,MOH_TREATMENT,,,National,Occupational Therapy,Ujian stereognosis,Ujian stereognosis,occupational therapy service,Malaysian,citizen,Inpatient,Class 2,,10.0,,10,,Ministry of Health Malaysia – Caj Rawatan,https://www.moh.gov.my/teras/info-kesihatan/kadar-perkhidmatan/caj-rawatan,2025-09-23,2026-08-25T14:22:02.410314+00:00
moh_treatment-dc2eba2206176388,national_reference,MOH_TREATMENT,,,National,Occupational Therapy,Ujian stereognosis,Ujian stereognosis,occupational therapy service,Malaysian,citizen,Inpatient,Class 3,,0.0,,Percuma,,Ministry of Health Malaysia – Caj Rawatan,https://www.moh.gov.my/teras/info-kesihatan/kadar-perkhidmatan/caj-rawatan,2025-09-23,2026-08-25T14:22:02.410314+00:00
moh_treatment-d444294d62959445,national_reference,MOH_TREATMENT,,,National,Occupational Therapy,Getaran,Getaran,occupational therapy service,Malaysian,citizen,Inpatient,Class 1,,20.0,,20,,Ministry of Health Malaysia – Caj Rawatan,https://www.moh.gov.my/teras/info-kesihatan/kadar-perkhidmatan/caj-rawatan,2025-09-23,2026-08-25T14:22:02.410314+00:00
moh_treatment-6163038a39ebe1b2,national_reference,MOH_TREATMENT,,,National,Occupational Therapy,Getaran,Getaran,occupational therapy service,Malaysian,citizen,Inpatient,Class 2,,10.0,,10,,Ministry of Health Malaysia – Caj Rawatan,https://www.moh.gov.my/teras/info-kesihatan/kadar-perkhidmatan/caj-rawatan,2025-09-23,2026-08-25T14:22:02.410314+00:00
moh_treatment-7455210e1169ce06,national_reference,MOH_TREATMENT,,,National,Occupational Therapy,Getaran,Getaran,occupational therapy service,Malaysian,citizen,Inpatient,Class 3,,0.0,,Percuma,,Ministry of Health Malaysia – Caj Rawatan,https://www.moh.gov.my/teras/info-kesihatan/kadar-perkhidmatan/caj-rawatan,2025-09-23,2026-08-25T14:22:02.410314+00:00
moh_treatment-e265cd67690325bc,national_reference,MOH_TREATMENT,,,National,Occupational Therapy,Volumeter,Volumeter,occupational therapy service,Malaysian,citizen,Inpatient,Class 1,,20.0,,20,,Ministry of Health Malaysia – Caj Rawatan,https://www.moh.gov.my/teras/info-kesihatan/kadar-perkhidmatan/caj-rawatan,2025-09-23,2026-08-25T14:22:02.410314+00:00
moh_treatment-a22c247108a1ae06,national_reference,MOH_TREATMENT,,,National,Occupational Therapy,Volumeter,Volumeter,occupational therapy service,Malaysian,citizen,Inpatient,Class 2,,10.0,,10,,Ministry of Health Malaysia – Caj Rawatan,https://www.moh.gov.my/teras/info-kesihatan/kadar-perkhidmatan/caj-rawatan,2025-09-23,2026-08-25T14:22:02.410314+00:00
moh_treatment-499f9e6575f3beb6,national_reference,MOH_TREATMENT,,,National,Occupational Therapy,Volumeter,Volumeter,occupational therapy service,Malaysian,citizen,Inpatient,Class 3,,0.0,,Percuma,,Ministry of Health Malaysia – Caj Rawatan,https://www.moh.gov.my/teras/info-kesihatan/kadar-perkhidmatan/caj-rawatan,2025-09-23,2026-08-25T14:22:02.410314+00:00
moh_treatment-2725921ce1b8a6a0,national_reference,MOH_TREATMENT,,,National,Occupational Therapy,Ujian imbangan Tinnetti,Ujian imbangan Tinnetti,occupational therapy service,Malaysian,citizen,Inpatient,Class 1,,20.0,,20,,Ministry of Health Malaysia – Caj Rawatan,https://www.moh.gov.my/teras/info-kesihatan/kadar-perkhidmatan/caj-rawatan,2025-09-23,2026-08-25T14:22:02.410314+00:00
moh_treatment-37af74b42811424b,national_reference,MOH_TREATMENT,,,National,Occupational Therapy,Ujian imbangan Tinnetti,Ujian imbangan Tinnetti,occupational therapy service,Malaysian,citizen,Inpatient,Class 2,,10.0,,10,,Ministry of Health Malaysia – Caj Rawatan,https://www.moh.gov.my/teras/info-kesihatan/kadar-perkhidmatan/caj-rawatan,2025-09-23,2026-08-25T14:22:02.410314+00:00
moh_treatment-28849420bebd1b0b,national_reference,MOH_TREATMENT,,,National,Occupational Therapy,Ujian imbangan Tinnetti,Ujian imbangan Tinnetti,occupational therapy service,Malaysian,citizen,Inpatient,Class 3,,0.0,,Percuma,,Ministry of Health Malaysia – Caj Rawatan,https://www.moh.gov.my/teras/info-kesihatan/kadar-perkhidmatan/caj-rawatan,2025-09-23,2026-08-25T14:22:02.410314+00:00
moh_treatment-7499e1507c89459a,national_reference,MOH_TREATMENT,,,National,Occupational Therapy,Alat Senaman Anggota Atas Mikrokomputer (MULE),Alat Senaman Anggota Atas Mikrokomputer (MULE),occupational therapy service,Malaysian,citizen,Inpatient,Class 1,,20.0,,20,,Ministry of Health Malaysia – Caj Rawatan,https://www.moh.gov.my/teras/info-kesihatan/kadar-perkhidmatan/caj-rawatan,2025-09-23,2026-08-25T14:22:02.410314+00:00
moh_treatment-269c14682ad5455d,national_reference,MOH_TREATMENT,,,National,Occupational Therapy,Alat Senaman Anggota Atas Mikrokomputer (MULE),Alat Senaman Anggota Atas Mikrokomputer (MULE),occupational therapy service,Malaysian,citizen,Inpatient,Class 2,,10.0,,10,,Ministry of Health Malaysia – Caj Rawatan,https://www.moh.gov.my/teras/info-kesihatan/kadar-perkhidmatan/caj-rawatan,2025-09-23,2026-08-25T14:22:02.410314+00:00
moh_treatment-cca9ec705e1d3ee6,national_reference,MOH_TREATMENT,,,National,Occupational Therapy,Alat Senaman Anggota Atas Mikrokomputer (MULE),Alat Senaman Anggota Atas Mikrokomputer (MULE),occupational therapy service,Malaysian,citizen,Inpatient,Class 3,,0.0,,Percuma,,Ministry of Health Malaysia – Caj Rawatan,https://www.moh.gov.my/teras/info-kesihatan/kadar-perkhidmatan/caj-rawatan,2025-09-23,2026-08-25T14:22:02.410314+00:00
moh_treatment-099f1fc3f0fc4e08,national_reference,MOH_TREATMENT,,,National,Occupational Therapy,Ujian Bruininks-Oseretsky,Ujian Bruininks-Oseretsky,occupational therapy service,Malaysian,citizen,Inpatient,Class 1,,20.0,,20,,Ministry of Health Malaysia – Caj Rawatan,https://www.moh.gov.my/teras/info-kesihatan/kadar-perkhidmatan/caj-rawatan,2025-09-23,2026-08-25T14:22:02.410314+00:00
moh_treatment-96ab56bd8a2d2097,national_reference,MOH_TREATMENT,,,National,Occupational Therapy,Ujian Bruininks-Oseretsky,Ujian Bruininks-Oseretsky,occupational therapy service,Malaysian,citizen,Inpatient,Class 2,,10.0,,10,,Ministry of Health Malaysia – Caj Rawatan,https://www.moh.gov.my/teras/info-kesihatan/kadar-perkhidmatan/caj-rawatan,2025-09-23,2026-08-25T14:22:02.410314+00:00
moh_treatment-983388d9fa12490e,national_reference,MOH_TREATMENT,,,National,Occupational Therapy,Ujian Bruininks-Oseretsky,Ujian Bruininks-Oseretsky,occupational therapy service,Malaysian,citizen,Inpatient,Class 3,,0.0,,Percuma,,Ministry of Health Malaysia – Caj Rawatan,https://www.moh.gov.my/teras/info-kesihatan/kadar-perkhidmatan/caj-rawatan,2025-09-23,2026-08-25T14:22:02.410314+00:00
moh_treatment-9678cdcada4cf7fb,national_reference,MOH_TREATMENT,,,National,Occupational Therapy,Carta tapisan perkembangan Denver,Carta tapisan perkembangan Denver,occupational therapy service,Malaysian,citizen,Inpatient,Class 1,,20.0,,20,,Ministry of Health Malaysia – Caj Rawatan,https://www.moh.gov.my/teras/info-kesihatan/kadar-perkhidmatan/caj-rawatan,2025-09-23,2026-08-25T14:22:02.410314+00:00
moh_treatment-6eee74fbe49911f2,national_reference,MOH_TREATMENT,,,National,Occupational Therapy,Carta tapisan perkembangan Denver,Carta tapisan perkembangan Denver,occupational therapy service,Malaysian,citizen,Inpatient,Class 2,,10.0,,10,,Ministry of Health Malaysia – Caj Rawatan,https://www.moh.gov.my/teras/info-kesihatan/kadar-perkhidmatan/caj-rawatan,2025-09-23,2026-08-25T14:22:02.410314+00:00
moh_treatment-4589f923077e7c5a,national_reference,MOH_TREATMENT,,,National,Occupational Therapy,Carta tapisan perkembangan Denver,Carta tapisan perkembangan Denver,occupational therapy service,Malaysian,citizen,Inpatient,Class 3,,0.0,,Percuma,,Ministry of Health Malaysia – Caj Rawatan,https://www.moh.gov.my/teras/info-kesihatan/kadar-perkhidmatan/caj-rawatan,2025-09-23,2026-08-25T14:22:02.410314+00:00
moh_treatment-d3e158b665a78bee,national_reference,MOH_TREATMENT,,,National,Occupational Therapy,Skala pengadaran motor oral,Skala pengadaran motor oral,occupational therapy service,Malaysian,citizen,Inpatient,Class 1,,20.0,,20,,Ministry of Health Malaysia – Caj Rawatan,https://www.moh.gov.my/teras/info-kesihatan/kadar-perkhidmatan/caj-rawatan,2025-09-23,2026-08-25T14:22:02.410314+00:00
moh_treatment-bca5646e318848fd,national_reference,MOH_TREATMENT,,,National,Occupational Therapy,Skala pengadaran motor oral,Skala pengadaran motor oral,occupational therapy service,Malaysian,citizen,Inpatient,Class 2,,10.0,,10,,Ministry of Health Malaysia – Caj Rawatan,https://www.moh.gov.my/teras/info-kesihatan/kadar-perkhidmatan/caj-rawatan,2025-09-23,2026-08-25T14:22:02.410314+00:00
moh_treatment-8d76b19a959d0bdf,national_reference,MOH_TREATMENT,,,National,Occupational Therapy,Skala pengadaran motor oral,Skala pengadaran motor oral,occupational therapy service,Malaysian,citizen,Inpatient,Class 3,,0.0,,Percuma,,Ministry of Health Malaysia – Caj Rawatan,https://www.moh.gov.my/teras/info-kesihatan/kadar-perkhidmatan/caj-rawatan,2025-09-23,2026-08-25T14:22:02.410314+00:00
moh_treatment-0cea761dd124e38e,national_reference,MOH_TREATMENT,,,National,Occupational Therapy,Peabody,Peabody,occupational therapy service,Malaysian,citizen,Inpatient,Class 1,,20.0,,20,,Ministry of Health Malaysia – Caj Rawatan,https://www.moh.gov.my/teras/info-kesihatan/kadar-perkhidmatan/caj-rawatan,2025-09-23,2026-08-25T14:22:02.410314+00:00
moh_treatment-463c71c1a263be1d,national_reference,MOH_TREATMENT,,,National,Occupational Therapy,Peabody,Peabody,occupational therapy service,Malaysian,citizen,Inpatient,Class 2,,10.0,,10,,Ministry of Health Malaysia – Caj Rawatan,https://www.moh.gov.my/teras/info-kesihatan/kadar-perkhidmatan/caj-rawatan,2025-09-23,2026-08-25T14:22:02.410314+00:00
moh_treatment-7e636ea1952e2ff7,national_reference,MOH_TREATMENT,,,National,Occupational Therapy,Peabody,Peabody,occupational therapy service,Malaysian,citizen,Inpatient,Class 3,,0.0,,Percuma,,Ministry of Health Malaysia – Caj Rawatan,https://www.moh.gov.my/teras/info-kesihatan/kadar-perkhidmatan/caj-rawatan,2025-09-23,2026-08-25T14:22:02.410314+00:00
moh_treatment-7024388667c7cf63,national_reference,MOH_TREATMENT,,,National,Occupational Therapy,Ujian Perkembangan Integrasi Visual-Motor Beery Buktenica (Beery VMI),Ujian Perkembangan Integrasi Visual-Motor Beery Buktenica (Beery VMI),occupational therapy service,Malaysian,citizen,Inpatient,Class 1,,20.0,,20,,Ministry of Health Malaysia – Caj Rawatan,https://www.moh.gov.my/teras/info-kesihatan/kadar-perkhidmatan/caj-rawatan,2025-09-23,2026-08-25T14:22:02.410314+00:00
moh_treatment-52989fa32c5cf52e,national_reference,MOH_TREATMENT,,,National,Occupational Therapy,Ujian Perkembangan Integrasi Visual-Motor Beery Buktenica (Beery VMI),Ujian Perkembangan Integrasi Visual-Motor Beery Buktenica (Beery VMI),occupational therapy service,Malaysian,citizen,Inpatient,Class 2,,10.0,,10,,Ministry of Health Malaysia – Caj Rawatan,https://www.moh.gov.my/teras/info-kesihatan/kadar-perkhidmatan/caj-rawatan,2025-09-23,2026-08-25T14:22:02.410314+00:00
moh_treatment-c48732992c84bc35,national_reference,MOH_TREATMENT,,,National,Occupational Therapy,Ujian Perkembangan Integrasi Visual-Motor Beery Buktenica (Beery VMI),Ujian Perkembangan Integrasi Visual-Motor Beery Buktenica (Beery VMI),occupational therapy service,Malaysian,citizen,Inpatient,Class 3,,0.0,,Percuma,,Ministry of Health Malaysia – Caj Rawatan,https://www.moh.gov.my/teras/info-kesihatan/kadar-perkhidmatan/caj-rawatan,2025-09-23,2026-08-25T14:22:02.410314+00:00
moh_treatment-1e3c4e975f8016aa,national_reference,MOH_TREATMENT,,,National,Occupational Therapy,Bateri Penilaian Neurologi Terapi Cara Kerja Chessington (C.O.T.N.A.B),Bateri Penilaian Neurologi Terapi Cara Kerja Chessington (C.O.T.N.A.B),occupational therapy service,Malaysian,citizen,Inpatient,Class 1,,20.0,,20,,Ministry of Health Malaysia – Caj Rawatan,https://www.moh.gov.my/teras/info-kesihatan/kadar-perkhidmatan/caj-rawatan,2025-09-23,2026-08-25T14:22:02.410314+00:00
moh_treatment-48356a17af05aa4d,national_reference,MOH_TREATMENT,,,National,Occupational Therapy,Bateri Penilaian Neurologi Terapi Cara Kerja Chessington (C.O.T.N.A.B),Bateri Penilaian Neurologi Terapi Cara Kerja Chessington (C.O.T.N.A.B),occupational therapy service,Malaysian,citizen,Inpatient,Class 2,,10.0,,10,,Ministry of Health Malaysia – Caj Rawatan,https://www.moh.gov.my/teras/info-kesihatan/kadar-perkhidmatan/caj-rawatan,2025-09-23,2026-08-25T14:22:02.410314+00:00
moh_treatment-308e17906512750f,national_reference,MOH_TREATMENT,,,National,Occupational Therapy,Bateri Penilaian Neurologi Terapi Cara Kerja Chessington (C.O.T.N.A.B),Bateri Penilaian Neurologi Terapi Cara Kerja Chessington (C.O.T.N.A.B),occupational therapy service,Malaysian,citizen,Inpatient,Class 3,,0.0,,Percuma,,Ministry of Health Malaysia – Caj Rawatan,https://www.moh.gov.my/teras/info-kesihatan/kadar-perkhidmatan/caj-rawatan,2025-09-23,2026-08-25T14:22:02.410314+00:00
moh_treatment-8015d8c3bfcecdd1,national_reference,MOH_TREATMENT,,,National,Occupational Therapy,Skala keresahan dan kemurungan hospital,Skala keresahan dan kemurungan hospital,occupational therapy service,Malaysian,citizen,Inpatient,Class 1,,20.0,,20,,Ministry of Health Malaysia – Caj Rawatan,https://www.moh.gov.my/teras/info-kesihatan/kadar-perkhidmatan/caj-rawatan,2025-09-23,2026-08-25T14:22:02.410314+00:00
moh_treatment-c67eaebbb08eba79,national_reference,MOH_TREATMENT,,,National,Occupational Therapy,Skala keresahan dan kemurungan hospital,Skala keresahan dan kemurungan hospital,occupational therapy service,Malaysian,citizen,Inpatient,Class 2,,10.0,,10,,Ministry of Health Malaysia – Caj Rawatan,https://www.moh.gov.my/teras/info-kesihatan/kadar-perkhidmatan/caj-rawatan,2025-09-23,2026-08-25T14:22:02.410314+00:00
moh_treatment-45413eb71a064ccb,national_reference,MOH_TREATMENT,,,National,Occupational Therapy,Skala keresahan dan kemurungan hospital,Skala keresahan dan kemurungan hospital,occupational therapy service,Malaysian,citizen,Inpatient,Class 3,,0.0,,Percuma,,Ministry of Health Malaysia – Caj Rawatan,https://www.moh.gov.my/teras/info-kesihatan/kadar-perkhidmatan/caj-rawatan,2025-09-23,2026-08-25T14:22:02.410314+00:00
moh_treatment-07de45f313dec709,national_reference,MOH_TREATMENT,,,National,Occupational Therapy,Penilaian Kognitif Terapi Cara Kerja Lowerstein (LOCTA),Penilaian Kognitif Terapi Cara Kerja Lowerstein (LOCTA),occupational therapy service,Malaysian,citizen,Inpatient,Class 1,,20.0,,20,,Ministry of Health Malaysia – Caj Rawatan,https://www.moh.gov.my/teras/info-kesihatan/kadar-perkhidmatan/caj-rawatan,2025-09-23,2026-08-25T14:22:02.410314+00:00
moh_treatment-13312e85c4c9ef15,national_reference,MOH_TREATMENT,,,National,Occupational Therapy,Penilaian Kognitif Terapi Cara Kerja Lowerstein (LOCTA),Penilaian Kognitif Terapi Cara Kerja Lowerstein (LOCTA),occupational therapy service,Malaysian,citizen,Inpatient,Class 2,,10.0,,10,,Ministry of Health Malaysia – Caj Rawatan,https://www.moh.gov.my/teras/info-kesihatan/kadar-perkhidmatan/caj-rawatan,2025-09-23,2026-08-25T14:22:02.410314+00:00
moh_treatment-7b1c89ddaa709850,national_reference,MOH_TREATMENT,,,National,Occupational Therapy,Penilaian Kognitif Terapi Cara Kerja Lowerstein (LOCTA),Penilaian Kognitif Terapi Cara Kerja Lowerstein (LOCTA),occupational therapy service,Malaysian,citizen,Inpatient,Class 3,,0.0,,Percuma,,Ministry of Health Malaysia – Caj Rawatan,https://www.moh.gov.my/teras/info-kesihatan/kadar-perkhidmatan/caj-rawatan,2025-09-23,2026-08-25T14:22:02.410314+00:00
moh_treatment-acb0280dc2ce4042,national_reference,MOH_TREATMENT,,,National,Occupational Therapy,-LOCTA-A (bagi kes dewasa am),-LOCTA-A (bagi kes dewasa am),occupational therapy service,Malaysian,citizen,Inpatient,Class 1,,20.0,,20,,Ministry of Health Malaysia – Caj Rawatan,https://www.moh.gov.my/teras/info-kesihatan/kadar-perkhidmatan/caj-rawatan,2025-09-23,2026-08-25T14:22:02.410314+00:00
moh_treatment-36a94116da9a03f2,national_reference,MOH_TREATMENT,,,National,Occupational Therapy,-LOCTA-A (bagi kes dewasa am),-LOCTA-A (bagi kes dewasa am),occupational therapy service,Malaysian,citizen,Inpatient,Class 2,,10.0,,10,,Ministry of Health Malaysia – Caj Rawatan,https://www.moh.gov.my/teras/info-kesihatan/kadar-perkhidmatan/caj-rawatan,2025-09-23,2026-08-25T14:22:02.410314+00:00
moh_treatment-e6ff47691f28a417,national_reference,MOH_TREATMENT,,,National,Occupational Therapy,-LOCTA-A (bagi kes dewasa am),-LOCTA-A (bagi kes dewasa am),occupational therapy service,Malaysian,citizen,Inpatient,Class 3,,0.0,,Percuma,,Ministry of Health Malaysia – Caj Rawatan,https://www.moh.gov.my/teras/info-kesihatan/kadar-perkhidmatan/caj-rawatan,2025-09-23,2026-08-25T14:22:02.410314+00:00
moh_treatment-f46c7fc6e7239934,national_reference,MOH_TREATMENT,,,National,Occupational Therapy,-LOTCA-G (bagi kes geriatrik),-LOTCA-G (bagi kes geriatrik),occupational therapy service,Malaysian,citizen,Inpatient,Class 1,,20.0,,20,,Ministry of Health Malaysia – Caj Rawatan,https://www.moh.gov.my/teras/info-kesihatan/kadar-perkhidmatan/caj-rawatan,2025-09-23,2026-08-25T14:22:02.410314+00:00
moh_treatment-0dcf97bf3f3fd7cf,national_reference,MOH_TREATMENT,,,National,Occupational Therapy,-LOTCA-G (bagi kes geriatrik),-LOTCA-G (bagi kes geriatrik),occupational therapy service,Malaysian,citizen,Inpatient,Class 2,,10.0,,10,,Ministry of Health Malaysia – Caj Rawatan,https://www.moh.gov.my/teras/info-kesihatan/kadar-perkhidmatan/caj-rawatan,2025-09-23,2026-08-25T14:22:02.410314+00:00
moh_treatment-037e73a5165748d0,national_reference,MOH_TREATMENT,,,National,Occupational Therapy,-LOTCA-G (bagi kes geriatrik),-LOTCA-G (bagi kes geriatrik),occupational therapy service,Malaysian,citizen,Inpatient,Class 3,,0.0,,Percuma,,Ministry of Health Malaysia – Caj Rawatan,https://www.moh.gov.my/teras/info-kesihatan/kadar-perkhidmatan/caj-rawatan,2025-09-23,2026-08-25T14:22:02.410314+00:00
moh_treatment-1d3a1385001c9d73,national_reference,MOH_TREATMENT,,,National,Occupational Therapy,-LOTCA-D (bagi kes kanak-kanak/ perkembangan),-LOTCA-D (bagi kes kanak-kanak/ perkembangan),occupational therapy service,Malaysian,citizen,Inpatient,Class 1,,20.0,,20,,Ministry of Health Malaysia – Caj Rawatan,https://www.moh.gov.my/teras/info-kesihatan/kadar-perkhidmatan/caj-rawatan,2025-09-23,2026-08-25T14:22:02.410314+00:00
moh_treatment-40f5e1baf77a6dec,national_reference,MOH_TREATMENT,,,National,Occupational Therapy,-LOTCA-D (bagi kes kanak-kanak/ perkembangan),-LOTCA-D (bagi kes kanak-kanak/ perkembangan),occupational therapy service,Malaysian,citizen,Inpatient,Class 2,,10.0,,10,,Ministry of Health Malaysia – Caj Rawatan,https://www.moh.gov.my/teras/info-kesihatan/kadar-perkhidmatan/caj-rawatan,2025-09-23,2026-08-25T14:22:02.410314+00:00
moh_treatment-c003e0f269e2315d,national_reference,MOH_TREATMENT,,,National,Occupational Therapy,-LOTCA-D (bagi kes kanak-kanak/ perkembangan),-LOTCA-D (bagi kes kanak-kanak/ perkembangan),occupational therapy service,Malaysian,citizen,Inpatient,Class 3,,0.0,,Percuma,,Ministry of Health Malaysia – Caj Rawatan,https://www.moh.gov.my/teras/info-kesihatan/kadar-perkhidmatan/caj-rawatan,2025-09-23,2026-08-25T14:22:02.410314+00:00
moh_treatment-c61ba7dab5f09d82,national_reference,MOH_TREATMENT,,,National,Occupational Therapy,Pemeriksaan Mini Keadaan Mental (MMSE),Pemeriksaan Mini Keadaan Mental (MMSE),occupational therapy service,Malaysian,citizen,Inpatient,Class 1,,20.0,,20,,Ministry of Health Malaysia – Caj Rawatan,https://www.moh.gov.my/teras/info-kesihatan/kadar-perkhidmatan/caj-rawatan,2025-09-23,2026-08-25T14:22:02.410314+00:00
moh_treatment-8ae47c361801fbe9,national_reference,MOH_TREATMENT,,,National,Occupational Therapy,Pemeriksaan Mini Keadaan Mental (MMSE),Pemeriksaan Mini Keadaan Mental (MMSE),occupational therapy service,Malaysian,citizen,Inpatient,Class 2,,10.0,,10,,Ministry of Health Malaysia – Caj Rawatan,https://www.moh.gov.my/teras/info-kesihatan/kadar-perkhidmatan/caj-rawatan,2025-09-23,2026-08-25T14:22:02.410314+00:00
moh_treatment-26d3d4d3f924d988,national_reference,MOH_TREATMENT,,,National,Occupational Therapy,Pemeriksaan Mini Keadaan Mental (MMSE),Pemeriksaan Mini Keadaan Mental (MMSE),occupational therapy service,Malaysian,citizen,Inpatient,Class 3,,0.0,,Percuma,,Ministry of Health Malaysia – Caj Rawatan,https://www.moh.gov.my/teras/info-kesihatan/kadar-perkhidmatan/caj-rawatan,2025-09-23,2026-08-25T14:22:02.410314+00:00
moh_treatment-b141f14fa74a14a8,national_reference,MOH_TREATMENT,,,National,Occupational Therapy,Penilaian Kognitif Montreal (MoCA),Penilaian Kognitif Montreal (MoCA),occupational therapy service,Malaysian,citizen,Inpatient,Class 1,,20.0,,20,,Ministry of Health Malaysia – Caj Rawatan,https://www.moh.gov.my/teras/info-kesihatan/kadar-perkhidmatan/caj-rawatan,2025-09-23,2026-08-25T14:22:02.410314+00:00
moh_treatment-b4cc05c246953b55,national_reference,MOH_TREATMENT,,,National,Occupational Therapy,Penilaian Kognitif Montreal (MoCA),Penilaian Kognitif Montreal (MoCA),occupational therapy service,Malaysian,citizen,Inpatient,Class 2,,10.0,,10,,Ministry of Health Malaysia – Caj Rawatan,https://www.moh.gov.my/teras/info-kesihatan/kadar-perkhidmatan/caj-rawatan,2025-09-23,2026-08-25T14:22:02.410314+00:00
moh_treatment-80e021f16d39193e,national_reference,MOH_TREATMENT,,,National,Occupational Therapy,Penilaian Kognitif Montreal (MoCA),Penilaian Kognitif Montreal (MoCA),occupational therapy service,Malaysian,citizen,Inpatient,Class 3,,0.0,,Percuma,,Ministry of Health Malaysia – Caj Rawatan,https://www.moh.gov.my/teras/info-kesihatan/kadar-perkhidmatan/caj-rawatan,2025-09-23,2026-08-25T14:22:02.410314+00:00
moh_treatment-f65b6e764658859a,national_reference,MOH_TREATMENT,,,National,Occupational Therapy,Bateri penilaian persepsi kederiaan Rivermead,Bateri penilaian persepsi kederiaan Rivermead,occupational therapy service,Malaysian,citizen,Inpatient,Class 1,,20.0,,20,,Ministry of Health Malaysia – Caj Rawatan,https://www.moh.gov.my/teras/info-kesihatan/kadar-perkhidmatan/caj-rawatan,2025-09-23,2026-08-25T14:22:02.410314+00:00
moh_treatment-4bfbdf4a7cf81fd3,national_reference,MOH_TREATMENT,,,National,Occupational Therapy,Bateri penilaian persepsi kederiaan Rivermead,Bateri penilaian persepsi kederiaan Rivermead,occupational therapy service,Malaysian,citizen,Inpatient,Class 2,,10.0,,10,,Ministry of Health Malaysia – Caj Rawatan,https://www.moh.gov.my/teras/info-kesihatan/kadar-perkhidmatan/caj-rawatan,2025-09-23,2026-08-25T14:22:02.410314+00:00
moh_treatment-2269c5b0f7bb59ef,national_reference,MOH_TREATMENT,,,National,Occupational Therapy,Bateri penilaian persepsi kederiaan Rivermead,Bateri penilaian persepsi kederiaan Rivermead,occupational therapy service,Malaysian,citizen,Inpatient,Class 3,,0.0,,Percuma,,Ministry of Health Malaysia – Caj Rawatan,https://www.moh.gov.my/teras/info-kesihatan/kadar-perkhidmatan/caj-rawatan,2025-09-23,2026-08-25T14:22:02.410314+00:00
moh_treatment-0c7ad5c1fb621cdf,national_reference,MOH_TREATMENT,,,National,Occupational Therapy,Penilaian pelajar prasekolah Miller,Penilaian pelajar prasekolah Miller,occupational therapy service,Malaysian,citizen,Inpatient,Class 1,,20.0,,20,,Ministry of Health Malaysia – Caj Rawatan,https://www.moh.gov.my/teras/info-kesihatan/kadar-perkhidmatan/caj-rawatan,2025-09-23,2026-08-25T14:22:02.410314+00:00
moh_treatment-40dc7be44c744504,national_reference,MOH_TREATMENT,,,National,Occupational Therapy,Penilaian pelajar prasekolah Miller,Penilaian pelajar prasekolah Miller,occupational therapy service,Malaysian,citizen,Inpatient,Class 2,,10.0,,10,,Ministry of Health Malaysia – Caj Rawatan,https://www.moh.gov.my/teras/info-kesihatan/kadar-perkhidmatan/caj-rawatan,2025-09-23,2026-08-25T14:22:02.410314+00:00
moh_treatment-86cdbd4b81118a78,national_reference,MOH_TREATMENT,,,National,Occupational Therapy,Penilaian pelajar prasekolah Miller,Penilaian pelajar prasekolah Miller,occupational therapy service,Malaysian,citizen,Inpatient,Class 3,,0.0,,Percuma,,Ministry of Health Malaysia – Caj Rawatan,https://www.moh.gov.my/teras/info-kesihatan/kadar-perkhidmatan/caj-rawatan,2025-09-23,2026-08-25T14:22:02.410314+00:00
moh_treatment-a310d22ca5ed3287,national_reference,MOH_TREATMENT,,,National,Occupational Therapy,Penilaian Fungsi Sekolah (SFA),Penilaian Fungsi Sekolah (SFA),occupational therapy service,Malaysian,citizen,Inpatient,Class 1,,20.0,,20,,Ministry of Health Malaysia – Caj Rawatan,https://www.moh.gov.my/teras/info-kesihatan/kadar-perkhidmatan/caj-rawatan,2025-09-23,2026-08-25T14:22:02.410314+00:00
moh_treatment-4c39404d211ce212,national_reference,MOH_TREATMENT,,,National,Occupational Therapy,Penilaian Fungsi Sekolah (SFA),Penilaian Fungsi Sekolah (SFA),occupational therapy service,Malaysian,citizen,Inpatient,Class 2,,10.0,,10,,Ministry of Health Malaysia – Caj Rawatan,https://www.moh.gov.my/teras/info-kesihatan/kadar-perkhidmatan/caj-rawatan,2025-09-23,2026-08-25T14:22:02.410314+00:00
moh_treatment-15aa4561002f8e3b,national_reference,MOH_TREATMENT,,,National,Occupational Therapy,Penilaian Fungsi Sekolah (SFA),Penilaian Fungsi Sekolah (SFA),occupational therapy service,Malaysian,citizen,Inpatient,Class 3,,0.0,,Percuma,,Ministry of Health Malaysia – Caj Rawatan,https://www.moh.gov.my/teras/info-kesihatan/kadar-perkhidmatan/caj-rawatan,2025-09-23,2026-08-25T14:22:02.410314+00:00
moh_treatment-75ec98caedd6f2bb,national_reference,MOH_TREATMENT,,,National,Occupational Therapy,Ujian kemahiran tulisan tangan,Ujian kemahiran tulisan tangan,occupational therapy service,Malaysian,citizen,Inpatient,Class 1,,20.0,,20,,Ministry of Health Malaysia – Caj Rawatan,https://www.moh.gov.my/teras/info-kesihatan/kadar-perkhidmatan/caj-rawatan,2025-09-23,2026-08-25T14:22:02.410314+00:00
moh_treatment-db85b70252a5f0dd,national_reference,MOH_TREATMENT,,,National,Occupational Therapy,Ujian kemahiran tulisan tangan,Ujian kemahiran tulisan tangan,occupational therapy service,Malaysian,citizen,Inpatient,Class 2,,10.0,,10,,Ministry of Health Malaysia – Caj Rawatan,https://www.moh.gov.my/teras/info-kesihatan/kadar-perkhidmatan/caj-rawatan,2025-09-23,2026-08-25T14:22:02.410314+00:00
moh_treatment-cbbb5edf292df686,national_reference,MOH_TREATMENT,,,National,Occupational Therapy,Ujian kemahiran tulisan tangan,Ujian kemahiran tulisan tangan,occupational therapy service,Malaysian,citizen,Inpatient,Class 3,,0.0,,Percuma,,Ministry of Health Malaysia – Caj Rawatan,https://www.moh.gov.my/teras/info-kesihatan/kadar-perkhidmatan/caj-rawatan,2025-09-23,2026-08-25T14:22:02.410314+00:00
moh_treatment-aecb3f31cc8bb885,national_reference,MOH_TREATMENT,,,National,Occupational Therapy,Grid Penilaian Ambang (TAG),Grid Penilaian Ambang (TAG),occupational therapy service,Malaysian,citizen,Inpatient,Class 1,,20.0,,20,,Ministry of Health Malaysia – Caj Rawatan,https://www.moh.gov.my/teras/info-kesihatan/kadar-perkhidmatan/caj-rawatan,2025-09-23,2026-08-25T14:22:02.410314+00:00
moh_treatment-4e6894b49dc0658c,national_reference,MOH_TREATMENT,,,National,Occupational Therapy,Grid Penilaian Ambang (TAG),Grid Penilaian Ambang (TAG),occupational therapy service,Malaysian,citizen,Inpatient,Class 2,,10.0,,10,,Ministry of Health Malaysia – Caj Rawatan,https://www.moh.gov.my/teras/info-kesihatan/kadar-perkhidmatan/caj-rawatan,2025-09-23,2026-08-25T14:22:02.410314+00:00
moh_treatment-6901b9e9aa70be53,national_reference,MOH_TREATMENT,,,National,Occupational Therapy,Grid Penilaian Ambang (TAG),Grid Penilaian Ambang (TAG),occupational therapy service,Malaysian,citizen,Inpatient,Class 3,,0.0,,Percuma,,Ministry of Health Malaysia – Caj Rawatan,https://www.moh.gov.my/teras/info-kesihatan/kadar-perkhidmatan/caj-rawatan,2025-09-23,2026-08-25T14:22:02.410314+00:00
moh_treatment-04cdccf5c105903c,national_reference,MOH_TREATMENT,,,National,Occupational Therapy,Keteriritasian (skala kemurungan dan keresahan),Keteriritasian (skala kemurungan dan keresahan),occupational therapy service,Malaysian,citizen,Inpatient,Class 1,,20.0,,20,,Ministry of Health Malaysia – Caj Rawatan,https://www.moh.gov.my/teras/info-kesihatan/kadar-perkhidmatan/caj-rawatan,2025-09-23,2026-08-25T14:22:02.410314+00:00
moh_treatment-bb2467e5244ea5b4,national_reference,MOH_TREATMENT,,,National,Occupational Therapy,Keteriritasian (skala kemurungan dan keresahan),Keteriritasian (skala kemurungan dan keresahan),occupational therapy service,Malaysian,citizen,Inpatient,Class 2,,10.0,,10,,Ministry of Health Malaysia – Caj Rawatan,https://www.moh.gov.my/teras/info-kesihatan/kadar-perkhidmatan/caj-rawatan,2025-09-23,2026-08-25T14:22:02.410314+00:00
moh_treatment-32f293857298b1f6,national_reference,MOH_TREATMENT,,,National,Occupational Therapy,Keteriritasian (skala kemurungan dan keresahan),Keteriritasian (skala kemurungan dan keresahan),occupational therapy service,Malaysian,citizen,Inpatient,Class 3,,0.0,,Percuma,,Ministry of Health Malaysia – Caj Rawatan,https://www.moh.gov.my/teras/info-kesihatan/kadar-perkhidmatan/caj-rawatan,2025-09-23,2026-08-25T14:22:02.410314+00:00
moh_treatment-d81975e4fd8d0ba2,national_reference,MOH_TREATMENT,,,National,Occupational Therapy,Soal selidik fungsi Sharman,Soal selidik fungsi Sharman,occupational therapy service,Malaysian,citizen,Inpatient,Class 1,,20.0,,20,,Ministry of Health Malaysia – Caj Rawatan,https://www.moh.gov.my/teras/info-kesihatan/kadar-perkhidmatan/caj-rawatan,2025-09-23,2026-08-25T14:22:02.410314+00:00
moh_treatment-e914a31a6e3ead34,national_reference,MOH_TREATMENT,,,National,Occupational Therapy,Soal selidik fungsi Sharman,Soal selidik fungsi Sharman,occupational therapy service,Malaysian,citizen,Inpatient,Class 2,,10.0,,10,,Ministry of Health Malaysia – Caj Rawatan,https://www.moh.gov.my/teras/info-kesihatan/kadar-perkhidmatan/caj-rawatan,2025-09-23,2026-08-25T14:22:02.410314+00:00
moh_treatment-1f76ede3cfc3a617,national_reference,MOH_TREATMENT,,,National,Occupational Therapy,Soal selidik fungsi Sharman,Soal selidik fungsi Sharman,occupational therapy service,Malaysian,citizen,Inpatient,Class 3,,0.0,,Percuma,,Ministry of Health Malaysia – Caj Rawatan,https://www.moh.gov.my/teras/info-kesihatan/kadar-perkhidmatan/caj-rawatan,2025-09-23,2026-08-25T14:22:02.410314+00:00
moh_treatment-ad86ff46efba9530,national_reference,MOH_TREATMENT,,,National,Occupational Therapy,Skala kemurungan Beck,Skala kemurungan Beck,occupational therapy service,Malaysian,citizen,Inpatient,Class 1,,20.0,,20,,Ministry of Health Malaysia – Caj Rawatan,https://www.moh.gov.my/teras/info-kesihatan/kadar-perkhidmatan/caj-rawatan,2025-09-23,2026-08-25T14:22:02.410314+00:00
moh_treatment-e18147339da821f9,national_reference,MOH_TREATMENT,,,National,Occupational Therapy,Skala kemurungan Beck,Skala kemurungan Beck,occupational therapy service,Malaysian,citizen,Inpatient,Class 2,,10.0,,10,,Ministry of Health Malaysia – Caj Rawatan,https://www.moh.gov.my/teras/info-kesihatan/kadar-perkhidmatan/caj-rawatan,2025-09-23,2026-08-25T14:22:02.410314+00:00
moh_treatment-2e083e213a4b551f,national_reference,MOH_TREATMENT,,,National,Occupational Therapy,Skala kemurungan Beck,Skala kemurungan Beck,occupational therapy service,Malaysian,citizen,Inpatient,Class 3,,0.0,,Percuma,,Ministry of Health Malaysia – Caj Rawatan,https://www.moh.gov.my/teras/info-kesihatan/kadar-perkhidmatan/caj-rawatan,2025-09-23,2026-08-25T14:22:02.410314+00:00
moh_treatment-48e252aee2f3232f,national_reference,MOH_TREATMENT,,,National,Occupational Therapy,Skala amnesia pascatrauma (skala PTA),Skala amnesia pascatrauma (skala PTA),occupational therapy service,Malaysian,citizen,Inpatient,Class 1,,20.0,,20,,Ministry of Health Malaysia – Caj Rawatan,https://www.moh.gov.my/teras/info-kesihatan/kadar-perkhidmatan/caj-rawatan,2025-09-23,2026-08-25T14:22:02.410314+00:00
moh_treatment-0869c444c82b5f9e,national_reference,MOH_TREATMENT,,,National,Occupational Therapy,Skala amnesia pascatrauma (skala PTA),Skala amnesia pascatrauma (skala PTA),occupational therapy service,Malaysian,citizen,Inpatient,Class 2,,10.0,,10,,Ministry of Health Malaysia – Caj Rawatan,https://www.moh.gov.my/teras/info-kesihatan/kadar-perkhidmatan/caj-rawatan,2025-09-23,2026-08-25T14:22:02.410314+00:00
moh_treatment-5c439e4ffaa6d114,national_reference,MOH_TREATMENT,,,National,Occupational Therapy,Skala amnesia pascatrauma (skala PTA),Skala amnesia pascatrauma (skala PTA),occupational therapy service,Malaysian,citizen,Inpatient,Class 3,,0.0,,Percuma,,Ministry of Health Malaysia – Caj Rawatan,https://www.moh.gov.my/teras/info-kesihatan/kadar-perkhidmatan/caj-rawatan,2025-09-23,2026-08-25T14:22:02.410314+00:00
moh_treatment-0d74dad304f4a22b,national_reference,MOH_TREATMENT,,,National,Occupational Therapy,Penilaian kerusi roda,Penilaian kerusi roda,occupational therapy service,Malaysian,citizen,Inpatient,Class 1,,20.0,,20,,Ministry of Health Malaysia – Caj Rawatan,https://www.moh.gov.my/teras/info-kesihatan/kadar-perkhidmatan/caj-rawatan,2025-09-23,2026-08-25T14:22:02.410314+00:00
moh_treatment-7e455b1270de5a7e,national_reference,MOH_TREATMENT,,,National,Occupational Therapy,Penilaian kerusi roda,Penilaian kerusi roda,occupational therapy service,Malaysian,citizen,Inpatient,Class 2,,10.0,,10,,Ministry of Health Malaysia – Caj Rawatan,https://www.moh.gov.my/teras/info-kesihatan/kadar-perkhidmatan/caj-rawatan,2025-09-23,2026-08-25T14:22:02.410314+00:00
moh_treatment-e1df20325ff61c6b,national_reference,MOH_TREATMENT,,,National,Occupational Therapy,Penilaian kerusi roda,Penilaian kerusi roda,occupational therapy service,Malaysian,citizen,Inpatient,Class 3,,0.0,,Percuma,,Ministry of Health Malaysia – Caj Rawatan,https://www.moh.gov.my/teras/info-kesihatan/kadar-perkhidmatan/caj-rawatan,2025-09-23,2026-08-25T14:22:02.410314+00:00
moh_treatment-b3d50d6f5c277fab,national_reference,MOH_TREATMENT,,,National,Occupational Therapy,Penilaian pra-memandu,Penilaian pra-memandu,occupational therapy service,Malaysian,citizen,Inpatient,Class 1,,150.0,,150,,Ministry of Health Malaysia – Caj Rawatan,https://www.moh.gov.my/teras/info-kesihatan/kadar-perkhidmatan/caj-rawatan,2025-09-23,2026-08-25T14:22:02.410314+00:00
moh_treatment-38747164c9657b39,national_reference,MOH_TREATMENT,,,National,Occupational Therapy,Penilaian pra-memandu,Penilaian pra-memandu,occupational therapy service,Malaysian,citizen,Inpatient,Class 2,,100.0,,100,,Ministry of Health Malaysia – Caj Rawatan,https://www.moh.gov.my/teras/info-kesihatan/kadar-perkhidmatan/caj-rawatan,2025-09-23,2026-08-25T14:22:02.410314+00:00
moh_treatment-2a5c29f81322869e,national_reference,MOH_TREATMENT,,,National,Occupational Therapy,Penilaian pra-memandu,Penilaian pra-memandu,occupational therapy service,Malaysian,citizen,Inpatient,Class 3,,0.0,,Percuma,,Ministry of Health Malaysia – Caj Rawatan,https://www.moh.gov.my/teras/info-kesihatan/kadar-perkhidmatan/caj-rawatan,2025-09-23,2026-08-25T14:22:02.410314+00:00
moh_treatment-7a66576e8f8f2e48,national_reference,MOH_TREATMENT,,,National,Occupational Therapy,Penilaian tapisan pemanduan pesakit strok,Penilaian tapisan pemanduan pesakit strok,occupational therapy service,Malaysian,citizen,Inpatient,Class 1,,150.0,,150,,Ministry of Health Malaysia – Caj Rawatan,https://www.moh.gov.my/teras/info-kesihatan/kadar-perkhidmatan/caj-rawatan,2025-09-23,2026-08-25T14:22:02.410314+00:00
moh_treatment-721071268c98d803,national_reference,MOH_TREATMENT,,,National,Occupational Therapy,Penilaian tapisan pemanduan pesakit strok,Penilaian tapisan pemanduan pesakit strok,occupational therapy service,Malaysian,citizen,Inpatient,Class 2,,100.0,,100,,Ministry of Health Malaysia – Caj Rawatan,https://www.moh.gov.my/teras/info-kesihatan/kadar-perkhidmatan/caj-rawatan,2025-09-23,2026-08-25T14:22:02.410314+00:00
moh_treatment-61fcbd43dc5f69fa,national_reference,MOH_TREATMENT,,,National,Occupational Therapy,Penilaian tapisan pemanduan pesakit strok,Penilaian tapisan pemanduan pesakit strok,occupational therapy service,Malaysian,citizen,Inpatient,Class 3,,0.0,,Percuma,,Ministry of Health Malaysia – Caj Rawatan,https://www.moh.gov.my/teras/info-kesihatan/kadar-perkhidmatan/caj-rawatan,2025-09-23,2026-08-25T14:22:02.410314+00:00
moh_treatment-eabca06570153a63,national_reference,MOH_TREATMENT,,,National,Occupational Therapy,Alat Tapisan Kejatuhan dan Kemalangan dalam Rumah (FAST),Alat Tapisan Kejatuhan dan Kemalangan dalam Rumah (FAST),occupational therapy service,Malaysian,citizen,Inpatient,Class 1,,20.0,,20,,Ministry of Health Malaysia – Caj Rawatan,https://www.moh.gov.my/teras/info-kesihatan/kadar-perkhidmatan/caj-rawatan,2025-09-23,2026-08-25T14:22:02.410314+00:00
moh_treatment-2427664fa7fdac63,national_reference,MOH_TREATMENT,,,National,Occupational Therapy,Alat Tapisan Kejatuhan dan Kemalangan dalam Rumah (FAST),Alat Tapisan Kejatuhan dan Kemalangan dalam Rumah (FAST),occupational therapy service,Malaysian,citizen,Inpatient,Class 2,,10.0,,10,,Ministry of Health Malaysia – Caj Rawatan,https://www.moh.gov.my/teras/info-kesihatan/kadar-perkhidmatan/caj-rawatan,2025-09-23,2026-08-25T14:22:02.410314+00:00
moh_treatment-476415cbd8cda1cc,national_reference,MOH_TREATMENT,,,National,Occupational Therapy,Alat Tapisan Kejatuhan dan Kemalangan dalam Rumah (FAST),Alat Tapisan Kejatuhan dan Kemalangan dalam Rumah (FAST),occupational therapy service,Malaysian,citizen,Inpatient,Class 3,,0.0,,Percuma,,Ministry of Health Malaysia – Caj Rawatan,https://www.moh.gov.my/teras/info-kesihatan/kadar-perkhidmatan/caj-rawatan,2025-09-23,2026-08-25T14:22:02.410314+00:00
moh_treatment-ca74125b2b25ea63,national_reference,MOH_TREATMENT,,,National,Occupational Therapy,Penilaian kapasiti kefungsian,Penilaian kapasiti kefungsian,occupational therapy service,Malaysian,citizen,Inpatient,Class 1,,150.0,,150,,Ministry of Health Malaysia – Caj Rawatan,https://www.moh.gov.my/teras/info-kesihatan/kadar-perkhidmatan/caj-rawatan,2025-09-23,2026-08-25T14:22:02.410314+00:00
moh_treatment-e2dff7d4b1505ea9,national_reference,MOH_TREATMENT,,,National,Occupational Therapy,Penilaian kapasiti kefungsian,Penilaian kapasiti kefungsian,occupational therapy service,Malaysian,citizen,Inpatient,Class 2,,100.0,,100,,Ministry of Health Malaysia – Caj Rawatan,https://www.moh.gov.my/teras/info-kesihatan/kadar-perkhidmatan/caj-rawatan,2025-09-23,2026-08-25T14:22:02.410314+00:00
moh_treatment-737f649fef6db7be,national_reference,MOH_TREATMENT,,,National,Occupational Therapy,Penilaian kapasiti kefungsian,Penilaian kapasiti kefungsian,occupational therapy service,Malaysian,citizen,Inpatient,Class 3,,0.0,,Percuma,,Ministry of Health Malaysia – Caj Rawatan,https://www.moh.gov.my/teras/info-kesihatan/kadar-perkhidmatan/caj-rawatan,2025-09-23,2026-08-25T14:22:02.410314+00:00
moh_treatment-6dfbaf6c4f9cf97b,national_reference,MOH_TREATMENT,,,National,Occupational Therapy,Penilaian LAM bagi Kesediaan Pekerjaan (LASER),Penilaian LAM bagi Kesediaan Pekerjaan (LASER),occupational therapy service,Malaysian,citizen,Inpatient,Class 1,,150.0,,150,,Ministry of Health Malaysia – Caj Rawatan,https://www.moh.gov.my/teras/info-kesihatan/kadar-perkhidmatan/caj-rawatan,2025-09-23,2026-08-25T14:22:02.410314+00:00
moh_treatment-0c1dc80519d6adcb,national_reference,MOH_TREATMENT,,,National,Occupational Therapy,Penilaian LAM bagi Kesediaan Pekerjaan (LASER),Penilaian LAM bagi Kesediaan Pekerjaan (LASER),occupational therapy service,Malaysian,citizen,Inpatient,Class 2,,100.0,,100,,Ministry of Health Malaysia – Caj Rawatan,https://www.moh.gov.my/teras/info-kesihatan/kadar-perkhidmatan/caj-rawatan,2025-09-23,2026-08-25T14:22:02.410314+00:00
moh_treatment-3d8f7ade0ac72921,national_reference,MOH_TREATMENT,,,National,Occupational Therapy,Penilaian LAM bagi Kesediaan Pekerjaan (LASER),Penilaian LAM bagi Kesediaan Pekerjaan (LASER),occupational therapy service,Malaysian,citizen,Inpatient,Class 3,,0.0,,Percuma,,Ministry of Health Malaysia – Caj Rawatan,https://www.moh.gov.my/teras/info-kesihatan/kadar-perkhidmatan/caj-rawatan,2025-09-23,2026-08-25T14:22:02.410314+00:00
moh_treatment-ff80f6822c26f1dc,national_reference,MOH_TREATMENT,,,National,Occupational Therapy,Senarai semak peranan,Senarai semak peranan,occupational therapy service,Malaysian,citizen,Inpatient,Class 1,,150.0,,150,,Ministry of Health Malaysia – Caj Rawatan,https://www.moh.gov.my/teras/info-kesihatan/kadar-perkhidmatan/caj-rawatan,2025-09-23,2026-08-25T14:22:02.410314+00:00
moh_treatment-4550012f0af1a6ee,national_reference,MOH_TREATMENT,,,National,Occupational Therapy,Senarai semak peranan,Senarai semak peranan,occupational therapy service,Malaysian,citizen,Inpatient,Class 2,,100.0,,100,,Ministry of Health Malaysia – Caj Rawatan,https://www.moh.gov.my/teras/info-kesihatan/kadar-perkhidmatan/caj-rawatan,2025-09-23,2026-08-25T14:22:02.410314+00:00
moh_treatment-e30c8c65f2c56d25,national_reference,MOH_TREATMENT,,,National,Occupational Therapy,Senarai semak peranan,Senarai semak peranan,occupational therapy service,Malaysian,citizen,Inpatient,Class 3,,0.0,,Percuma,,Ministry of Health Malaysia – Caj Rawatan,https://www.moh.gov.my/teras/info-kesihatan/kadar-perkhidmatan/caj-rawatan,2025-09-23,2026-08-25T14:22:02.410314+00:00
moh_treatment-f5789633771e5797,national_reference,MOH_TREATMENT,,,National,Occupational Therapy,Kebolehan untuk menggunakan telefon,Kebolehan untuk menggunakan telefon,occupational therapy service,Malaysian,citizen,Inpatient,Class 1,,20.0,,20,,Ministry of Health Malaysia – Caj Rawatan,https://www.moh.gov.my/teras/info-kesihatan/kadar-perkhidmatan/caj-rawatan,2025-09-23,2026-08-25T14:22:02.410314+00:00
moh_treatment-9bdeb183648f353f,national_reference,MOH_TREATMENT,,,National,Occupational Therapy,Kebolehan untuk menggunakan telefon,Kebolehan untuk menggunakan telefon,occupational therapy service,Malaysian,citizen,Inpatient,Class 2,,10.0,,10,,Ministry of Health Malaysia – Caj Rawatan,https://www.moh.gov.my/teras/info-kesihatan/kadar-perkhidmatan/caj-rawatan,2025-09-23,2026-08-25T14:22:02.410314+00:00
moh_treatment-8fc213c0b68ae891,national_reference,MOH_TREATMENT,,,National,Occupational Therapy,Kebolehan untuk menggunakan telefon,Kebolehan untuk menggunakan telefon,occupational therapy service,Malaysian,citizen,Inpatient,Class 3,,0.0,,Percuma,,Ministry of Health Malaysia – Caj Rawatan,https://www.moh.gov.my/teras/info-kesihatan/kadar-perkhidmatan/caj-rawatan,2025-09-23,2026-08-25T14:22:02.410314+00:00
moh_treatment-e25e32baafa9d38f,national_reference,MOH_TREATMENT,,,National,Occupational Therapy,Ambulasi awal,Ambulasi awal,occupational therapy service,Malaysian,citizen,Inpatient,Class 1,,20.0,,20,,Ministry of Health Malaysia – Caj Rawatan,https://www.moh.gov.my/teras/info-kesihatan/kadar-perkhidmatan/caj-rawatan,2025-09-23,2026-08-25T14:22:02.410314+00:00
moh_treatment-25299cbf492041a9,national_reference,MOH_TREATMENT,,,National,Occupational Therapy,Ambulasi awal,Ambulasi awal,occupational therapy service,Malaysian,citizen,Inpatient,Class 2,,10.0,,10,,Ministry of Health Malaysia – Caj Rawatan,https://www.moh.gov.my/teras/info-kesihatan/kadar-perkhidmatan/caj-rawatan,2025-09-23,2026-08-25T14:22:02.410314+00:00
moh_treatment-b98c0437ef33346a,national_reference,MOH_TREATMENT,,,National,Occupational Therapy,Ambulasi awal,Ambulasi awal,occupational therapy service,Malaysian,citizen,Inpatient,Class 3,,0.0,,Percuma,,Ministry of Health Malaysia – Caj Rawatan,https://www.moh.gov.my/teras/info-kesihatan/kadar-perkhidmatan/caj-rawatan,2025-09-23,2026-08-25T14:22:02.410314+00:00
moh_treatment-8489807b312653fd,national_reference,MOH_TREATMENT,,,National,Occupational Therapy,Kebersihan diri,Kebersihan diri,occupational therapy service,Malaysian,citizen,Inpatient,Class 1,,20.0,,20,,Ministry of Health Malaysia – Caj Rawatan,https://www.moh.gov.my/teras/info-kesihatan/kadar-perkhidmatan/caj-rawatan,2025-09-23,2026-08-25T14:22:02.410314+00:00
moh_treatment-3ff42ecba5362cd9,national_reference,MOH_TREATMENT,,,National,Occupational Therapy,Kebersihan diri,Kebersihan diri,occupational therapy service,Malaysian,citizen,Inpatient,Class 2,,10.0,,10,,Ministry of Health Malaysia – Caj Rawatan,https://www.moh.gov.my/teras/info-kesihatan/kadar-perkhidmatan/caj-rawatan,2025-09-23,2026-08-25T14:22:02.410314+00:00
moh_treatment-7556c59058600366,national_reference,MOH_TREATMENT,,,National,Occupational Therapy,Kebersihan diri,Kebersihan diri,occupational therapy service,Malaysian,citizen,Inpatient,Class 3,,0.0,,Percuma,,Ministry of Health Malaysia – Caj Rawatan,https://www.moh.gov.my/teras/info-kesihatan/kadar-perkhidmatan/caj-rawatan,2025-09-23,2026-08-25T14:22:02.410314+00:00
moh_treatment-fe401b8f6d37bd7e,national_reference,MOH_TREATMENT,,,National,Occupational Therapy,Pindah,Pindah,occupational therapy service,Malaysian,citizen,Inpatient,Class 1,,20.0,,20,,Ministry of Health Malaysia – Caj Rawatan,https://www.moh.gov.my/teras/info-kesihatan/kadar-perkhidmatan/caj-rawatan,2025-09-23,2026-08-25T14:22:02.410314+00:00
moh_treatment-523bba6c23c2ec69,national_reference,MOH_TREATMENT,,,National,Occupational Therapy,Pindah,Pindah,occupational therapy service,Malaysian,citizen,Inpatient,Class 2,,10.0,,10,,Ministry of Health Malaysia – Caj Rawatan,https://www.moh.gov.my/teras/info-kesihatan/kadar-perkhidmatan/caj-rawatan,2025-09-23,2026-08-25T14:22:02.410314+00:00
moh_treatment-f4bdf4810517a2d1,national_reference,MOH_TREATMENT,,,National,Occupational Therapy,Pindah,Pindah,occupational therapy service,Malaysian,citizen,Inpatient,Class 3,,0.0,,Percuma,,Ministry of Health Malaysia – Caj Rawatan,https://www.moh.gov.my/teras/info-kesihatan/kadar-perkhidmatan/caj-rawatan,2025-09-23,2026-08-25T14:22:02.410314+00:00
moh_treatment-70edaf9b17385af8,national_reference,MOH_TREATMENT,,,National,Occupational Therapy,Kebolehan mengendalikan kewangan,Kebolehan mengendalikan kewangan,occupational therapy service,Malaysian,citizen,Inpatient,Class 1,,20.0,,20,,Ministry of Health Malaysia – Caj Rawatan,https://www.moh.gov.my/teras/info-kesihatan/kadar-perkhidmatan/caj-rawatan,2025-09-23,2026-08-25T14:22:02.410314+00:00
moh_treatment-723450ccfdddafa8,national_reference,MOH_TREATMENT,,,National,Occupational Therapy,Kebolehan mengendalikan kewangan,Kebolehan mengendalikan kewangan,occupational therapy service,Malaysian,citizen,Inpatient,Class 2,,10.0,,10,,Ministry of Health Malaysia – Caj Rawatan,https://www.moh.gov.my/teras/info-kesihatan/kadar-perkhidmatan/caj-rawatan,2025-09-23,2026-08-25T14:22:02.410314+00:00
moh_treatment-1a3c273554651238,national_reference,MOH_TREATMENT,,,National,Occupational Therapy,Kebolehan mengendalikan kewangan,Kebolehan mengendalikan kewangan,occupational therapy service,Malaysian,citizen,Inpatient,Class 3,,0.0,,Percuma,,Ministry of Health Malaysia – Caj Rawatan,https://www.moh.gov.my/teras/info-kesihatan/kadar-perkhidmatan/caj-rawatan,2025-09-23,2026-08-25T14:22:02.410314+00:00
moh_treatment-d982957388e6855f,national_reference,MOH_TREATMENT,,,National,Occupational Therapy,Mandi,Mandi,occupational therapy service,Malaysian,citizen,Inpatient,Class 1,,20.0,,20,,Ministry of Health Malaysia – Caj Rawatan,https://www.moh.gov.my/teras/info-kesihatan/kadar-perkhidmatan/caj-rawatan,2025-09-23,2026-08-25T14:22:02.410314+00:00
moh_treatment-db65bcf77b39d9fc,national_reference,MOH_TREATMENT,,,National,Occupational Therapy,Mandi,Mandi,occupational therapy service,Malaysian,citizen,Inpatient,Class 2,,10.0,,10,,Ministry of Health Malaysia – Caj Rawatan,https://www.moh.gov.my/teras/info-kesihatan/kadar-perkhidmatan/caj-rawatan,2025-09-23,2026-08-25T14:22:02.410314+00:00
moh_treatment-be5cdd47a1036ba5,national_reference,MOH_TREATMENT,,,National,Occupational Therapy,Mandi,Mandi,occupational therapy service,Malaysian,citizen,Inpatient,Class 3,,0.0,,Percuma,,Ministry of Health Malaysia – Caj Rawatan,https://www.moh.gov.my/teras/info-kesihatan/kadar-perkhidmatan/caj-rawatan,2025-09-23,2026-08-25T14:22:02.410314+00:00
moh_treatment-67fffcb9dd34acc8,national_reference,MOH_TREATMENT,,,National,Occupational Therapy,Pengurusan pundi kencing,Pengurusan pundi kencing,occupational therapy service,Malaysian,citizen,Inpatient,Class 1,,20.0,,20,,Ministry of Health Malaysia – Caj Rawatan,https://www.moh.gov.my/teras/info-kesihatan/kadar-perkhidmatan/caj-rawatan,2025-09-23,2026-08-25T14:22:02.410314+00:00
moh_treatment-9440e215f712bcc1,national_reference,MOH_TREATMENT,,,National,Occupational Therapy,Pengurusan pundi kencing,Pengurusan pundi kencing,occupational therapy service,Malaysian,citizen,Inpatient,Class 2,,10.0,,10,,Ministry of Health Malaysia – Caj Rawatan,https://www.moh.gov.my/teras/info-kesihatan/kadar-perkhidmatan/caj-rawatan,2025-09-23,2026-08-25T14:22:02.410314+00:00
moh_treatment-616f6424adf97067,national_reference,MOH_TREATMENT,,,National,Occupational Therapy,Pengurusan pundi kencing,Pengurusan pundi kencing,occupational therapy service,Malaysian,citizen,Inpatient,Class 3,,0.0,,Percuma,,Ministry of Health Malaysia – Caj Rawatan,https://www.moh.gov.my/teras/info-kesihatan/kadar-perkhidmatan/caj-rawatan,2025-09-23,2026-08-25T14:22:02.410314+00:00
moh_treatment-1c492f7d2ed6bb4b,national_reference,MOH_TREATMENT,,,National,Occupational Therapy,Pengurusan usus,Pengurusan usus,occupational therapy service,Malaysian,citizen,Inpatient,Class 1,,20.0,,20,,Ministry of Health Malaysia – Caj Rawatan,https://www.moh.gov.my/teras/info-kesihatan/kadar-perkhidmatan/caj-rawatan,2025-09-23,2026-08-25T14:22:02.410314+00:00
moh_treatment-edb6264bc83a800b,national_reference,MOH_TREATMENT,,,National,Occupational Therapy,Pengurusan usus,Pengurusan usus,occupational therapy service,Malaysian,citizen,Inpatient,Class 2,,10.0,,10,,Ministry of Health Malaysia – Caj Rawatan,https://www.moh.gov.my/teras/info-kesihatan/kadar-perkhidmatan/caj-rawatan,2025-09-23,2026-08-25T14:22:02.410314+00:00
moh_treatment-a79e3c1a7ee36efd,national_reference,MOH_TREATMENT,,,National,Occupational Therapy,Pengurusan usus,Pengurusan usus,occupational therapy service,Malaysian,citizen,Inpatient,Class 3,,0.0,,Percuma,,Ministry of Health Malaysia – Caj Rawatan,https://www.moh.gov.my/teras/info-kesihatan/kadar-perkhidmatan/caj-rawatan,2025-09-23,2026-08-25T14:22:02.410314+00:00
moh_treatment-317bcc8936bcc155,national_reference,MOH_TREATMENT,,,National,Occupational Therapy,Kerja pembersihan,Kerja pembersihan,occupational therapy service,Malaysian,citizen,Inpatient,Class 1,,20.0,,20,,Ministry of Health Malaysia – Caj Rawatan,https://www.moh.gov.my/teras/info-kesihatan/kadar-perkhidmatan/caj-rawatan,2025-09-23,2026-08-25T14:22:02.410314+00:00
moh_treatment-69c2403f00251fb7,national_reference,MOH_TREATMENT,,,National,Occupational Therapy,Kerja pembersihan,Kerja pembersihan,occupational therapy service,Malaysian,citizen,Inpatient,Class 2,,10.0,,10,,Ministry of Health Malaysia – Caj Rawatan,https://www.moh.gov.my/teras/info-kesihatan/kadar-perkhidmatan/caj-rawatan,2025-09-23,2026-08-25T14:22:02.410314+00:00
moh_treatment-eac00c8cbd5b12c6,national_reference,MOH_TREATMENT,,,National,Occupational Therapy,Kerja pembersihan,Kerja pembersihan,occupational therapy service,Malaysian,citizen,Inpatient,Class 3,,0.0,,Percuma,,Ministry of Health Malaysia – Caj Rawatan,https://www.moh.gov.my/teras/info-kesihatan/kadar-perkhidmatan/caj-rawatan,2025-09-23,2026-08-25T14:22:02.410314+00:00
moh_treatment-0bf92ac429e15970,national_reference,MOH_TREATMENT,,,National,Occupational Therapy,Penjagaan peralatan,Penjagaan peralatan,occupational therapy service,Malaysian,citizen,Inpatient,Class 1,,20.0,,20,,Ministry of Health Malaysia – Caj Rawatan,https://www.moh.gov.my/teras/info-kesihatan/kadar-perkhidmatan/caj-rawatan,2025-09-23,2026-08-25T14:22:02.410314+00:00
moh_treatment-b9c72ae328aeb51c,national_reference,MOH_TREATMENT,,,National,Occupational Therapy,Penjagaan peralatan,Penjagaan peralatan,occupational therapy service,Malaysian,citizen,Inpatient,Class 2,,10.0,,10,,Ministry of Health Malaysia – Caj Rawatan,https://www.moh.gov.my/teras/info-kesihatan/kadar-perkhidmatan/caj-rawatan,2025-09-23,2026-08-25T14:22:02.410314+00:00
moh_treatment-78539808146e2ee4,national_reference,MOH_TREATMENT,,,National,Occupational Therapy,Penjagaan peralatan,Penjagaan peralatan,occupational therapy service,Malaysian,citizen,Inpatient,Class 3,,0.0,,Percuma,,Ministry of Health Malaysia – Caj Rawatan,https://www.moh.gov.my/teras/info-kesihatan/kadar-perkhidmatan/caj-rawatan,2025-09-23,2026-08-25T14:22:02.410314+00:00
moh_treatment-af25f37d4eee6f75,national_reference,MOH_TREATMENT,,,National,Occupational Therapy,Kemahiran domestic,Kemahiran domestic,occupational therapy service,Malaysian,citizen,Inpatient,Class 1,,20.0,,20,,Ministry of Health Malaysia – Caj Rawatan,https://www.moh.gov.my/teras/info-kesihatan/kadar-perkhidmatan/caj-rawatan,2025-09-23,2026-08-25T14:22:02.410314+00:00
moh_treatment-9a41d4cceade89d1,national_reference,MOH_TREATMENT,,,National,Occupational Therapy,Kemahiran domestic,Kemahiran domestic,occupational therapy service,Malaysian,citizen,Inpatient,Class 2,,10.0,,10,,Ministry of Health Malaysia – Caj Rawatan,https://www.moh.gov.my/teras/info-kesihatan/kadar-perkhidmatan/caj-rawatan,2025-09-23,2026-08-25T14:22:02.410314+00:00
moh_treatment-f229dab2811b7b04,national_reference,MOH_TREATMENT,,,National,Occupational Therapy,Kemahiran domestic,Kemahiran domestic,occupational therapy service,Malaysian,citizen,Inpatient,Class 3,,0.0,,Percuma,,Ministry of Health Malaysia – Caj Rawatan,https://www.moh.gov.my/teras/info-kesihatan/kadar-perkhidmatan/caj-rawatan,2025-09-23,2026-08-25T14:22:02.410314+00:00
moh_treatment-50445e1448ddac62,national_reference,MOH_TREATMENT,,,National,Occupational Therapy,Memakai pakaian,Memakai pakaian,occupational therapy service,Malaysian,citizen,Inpatient,Class 1,,20.0,,20,,Ministry of Health Malaysia – Caj Rawatan,https://www.moh.gov.my/teras/info-kesihatan/kadar-perkhidmatan/caj-rawatan,2025-09-23,2026-08-25T14:22:02.410314+00:00
moh_treatment-1ba849995da5054e,national_reference,MOH_TREATMENT,,,National,Occupational Therapy,Memakai pakaian,Memakai pakaian,occupational therapy service,Malaysian,citizen,Inpatient,Class 2,,10.0,,10,,Ministry of Health Malaysia – Caj Rawatan,https://www.moh.gov.my/teras/info-kesihatan/kadar-perkhidmatan/caj-rawatan,2025-09-23,2026-08-25T14:22:02.410314+00:00
moh_treatment-e8a0be6ca67b4f24,national_reference,MOH_TREATMENT,,,National,Occupational Therapy,Memakai pakaian,Memakai pakaian,occupational therapy service,Malaysian,citizen,Inpatient,Class 3,,0.0,,Percuma,,Ministry of Health Malaysia – Caj Rawatan,https://www.moh.gov.my/teras/info-kesihatan/kadar-perkhidmatan/caj-rawatan,2025-09-23,2026-08-25T14:22:02.410314+00:00
moh_treatment-3e37a12b2113767c,national_reference,MOH_TREATMENT,,,National,Occupational Therapy,Makan/ Memberi makan,Makan/ Memberi makan,occupational therapy service,Malaysian,citizen,Inpatient,Class 1,,20.0,,20,,Ministry of Health Malaysia – Caj Rawatan,https://www.moh.gov.my/teras/info-kesihatan/kadar-perkhidmatan/caj-rawatan,2025-09-23,2026-08-25T14:22:02.410314+00:00
moh_treatment-e1631aad92566f09,national_reference,MOH_TREATMENT,,,National,Occupational Therapy,Makan/ Memberi makan,Makan/ Memberi makan,occupational therapy service,Malaysian,citizen,Inpatient,Class 2,,10.0,,10,,Ministry of Health Malaysia – Caj Rawatan,https://www.moh.gov.my/teras/info-kesihatan/kadar-perkhidmatan/caj-rawatan,2025-09-23,2026-08-25T14:22:02.410314+00:00
moh_treatment-2265c89c966209df,national_reference,MOH_TREATMENT,,,National,Occupational Therapy,Makan/ Memberi makan,Makan/ Memberi makan,occupational therapy service,Malaysian,citizen,Inpatient,Class 3,,0.0,,Percuma,,Ministry of Health Malaysia – Caj Rawatan,https://www.moh.gov.my/teras/info-kesihatan/kadar-perkhidmatan/caj-rawatan,2025-09-23,2026-08-25T14:22:02.410314+00:00
moh_treatment-10b22167301557bc,national_reference,MOH_TREATMENT,,,National,Occupational Therapy,Penyediaan makanan/ hidangan,Penyediaan makanan/ hidangan,occupational therapy service,Malaysian,citizen,Inpatient,Class 1,,20.0,,20,,Ministry of Health Malaysia – Caj Rawatan,https://www.moh.gov.my/teras/info-kesihatan/kadar-perkhidmatan/caj-rawatan,2025-09-23,2026-08-25T14:22:02.410314+00:00
moh_treatment-8e3477517c7bd6f4,national_reference,MOH_TREATMENT,,,National,Occupational Therapy,Penyediaan makanan/ hidangan,Penyediaan makanan/ hidangan,occupational therapy service,Malaysian,citizen,Inpatient,Class 2,,10.0,,10,,Ministry of Health Malaysia – Caj Rawatan,https://www.moh.gov.my/teras/info-kesihatan/kadar-perkhidmatan/caj-rawatan,2025-09-23,2026-08-25T14:22:02.410314+00:00
moh_treatment-266b0e196b09945e,national_reference,MOH_TREATMENT,,,National,Occupational Therapy,Penyediaan makanan/ hidangan,Penyediaan makanan/ hidangan,occupational therapy service,Malaysian,citizen,Inpatient,Class 3,,0.0,,Percuma,,Ministry of Health Malaysia – Caj Rawatan,https://www.moh.gov.my/teras/info-kesihatan/kadar-perkhidmatan/caj-rawatan,2025-09-23,2026-08-25T14:22:02.410314+00:00
moh_treatment-0366ceba67618246,national_reference,MOH_TREATMENT,,,National,Occupational Therapy,Kefungsian komunikasi,Kefungsian komunikasi,occupational therapy service,Malaysian,citizen,Inpatient,Class 1,,20.0,,20,,Ministry of Health Malaysia – Caj Rawatan,https://www.moh.gov.my/teras/info-kesihatan/kadar-perkhidmatan/caj-rawatan,2025-09-23,2026-08-25T14:22:02.410314+00:00
moh_treatment-162574f29551bc4c,national_reference,MOH_TREATMENT,,,National,Occupational Therapy,Kefungsian komunikasi,Kefungsian komunikasi,occupational therapy service,Malaysian,citizen,Inpatient,Class 2,,10.0,,10,,Ministry of Health Malaysia – Caj Rawatan,https://www.moh.gov.my/teras/info-kesihatan/kadar-perkhidmatan/caj-rawatan,2025-09-23,2026-08-25T14:22:02.410314+00:00
moh_treatment-2aeb3d1e34d957f5,national_reference,MOH_TREATMENT,,,National,Occupational Therapy,Kefungsian komunikasi,Kefungsian komunikasi,occupational therapy service,Malaysian,citizen,Inpatient,Class 3,,0.0,,Percuma,,Ministry of Health Malaysia – Caj Rawatan,https://www.moh.gov.my/teras/info-kesihatan/kadar-perkhidmatan/caj-rawatan,2025-09-23,2026-08-25T14:22:02.410314+00:00
moh_treatment-fba583119bbf662a,national_reference,MOH_TREATMENT,,,National,Occupational Therapy,Kefungsian mobiliti,Kefungsian mobiliti,occupational therapy service,Malaysian,citizen,Inpatient,Class 1,,20.0,,20,,Ministry of Health Malaysia – Caj Rawatan,https://www.moh.gov.my/teras/info-kesihatan/kadar-perkhidmatan/caj-rawatan,2025-09-23,2026-08-25T14:22:02.410314+00:00
moh_treatment-ad64ca030b9e0e74,national_reference,MOH_TREATMENT,,,National,Occupational Therapy,Kefungsian mobiliti,Kefungsian mobiliti,occupational therapy service,Malaysian,citizen,Inpatient,Class 2,,10.0,,10,,Ministry of Health Malaysia – Caj Rawatan,https://www.moh.gov.my/teras/info-kesihatan/kadar-perkhidmatan/caj-rawatan,2025-09-23,2026-08-25T14:22:02.410314+00:00
moh_treatment-d89a98b4db24e061,national_reference,MOH_TREATMENT,,,National,Occupational Therapy,Kefungsian mobiliti,Kefungsian mobiliti,occupational therapy service,Malaysian,citizen,Inpatient,Class 3,,0.0,,Percuma,,Ministry of Health Malaysia – Caj Rawatan,https://www.moh.gov.my/teras/info-kesihatan/kadar-perkhidmatan/caj-rawatan,2025-09-23,2026-08-25T14:22:02.410314+00:00
moh_treatment-e8c1b3d389e82d86,national_reference,MOH_TREATMENT,,,National,Occupational Therapy,Hias diri,Hias diri,occupational therapy service,Malaysian,citizen,Inpatient,Class 1,,20.0,,20,,Ministry of Health Malaysia – Caj Rawatan,https://www.moh.gov.my/teras/info-kesihatan/kadar-perkhidmatan/caj-rawatan,2025-09-23,2026-08-25T14:22:02.410314+00:00
moh_treatment-afa44a9d96be97ff,national_reference,MOH_TREATMENT,,,National,Occupational Therapy,Hias diri,Hias diri,occupational therapy service,Malaysian,citizen,Inpatient,Class 2,,10.0,,10,,Ministry of Health Malaysia – Caj Rawatan,https://www.moh.gov.my/teras/info-kesihatan/kadar-perkhidmatan/caj-rawatan,2025-09-23,2026-08-25T14:22:02.410314+00:00
moh_treatment-e4d74951fa56b230,national_reference,MOH_TREATMENT,,,National,Occupational Therapy,Hias diri,Hias diri,occupational therapy service,Malaysian,citizen,Inpatient,Class 3,,0.0,,Percuma,,Ministry of Health Malaysia – Caj Rawatan,https://www.moh.gov.my/teras/info-kesihatan/kadar-perkhidmatan/caj-rawatan,2025-09-23,2026-08-25T14:22:02.410314+00:00
moh_treatment-1eceb8e22c2f0e3e,national_reference,MOH_TREATMENT,,,National,Occupational Therapy,Eminens kesihatan,Eminens kesihatan,occupational therapy service,Malaysian,citizen,Inpatient,Class 1,,20.0,,20,,Ministry of Health Malaysia – Caj Rawatan,https://www.moh.gov.my/teras/info-kesihatan/kadar-perkhidmatan/caj-rawatan,2025-09-23,2026-08-25T14:22:02.410314+00:00
moh_treatment-7631c56b85280f31,national_reference,MOH_TREATMENT,,,National,Occupational Therapy,Eminens kesihatan,Eminens kesihatan,occupational therapy service,Malaysian,citizen,Inpatient,Class 2,,10.0,,10,,Ministry of Health Malaysia – Caj Rawatan,https://www.moh.gov.my/teras/info-kesihatan/kadar-perkhidmatan/caj-rawatan,2025-09-23,2026-08-25T14:22:02.410314+00:00
moh_treatment-61ea41e06af73b95,national_reference,MOH_TREATMENT,,,National,Occupational Therapy,Eminens kesihatan,Eminens kesihatan,occupational therapy service,Malaysian,citizen,Inpatient,Class 3,,0.0,,Percuma,,Ministry of Health Malaysia – Caj Rawatan,https://www.moh.gov.my/teras/info-kesihatan/kadar-perkhidmatan/caj-rawatan,2025-09-23,2026-08-25T14:22:02.410314+00:00
moh_treatment-9f8611fc60d97d80,national_reference,MOH_TREATMENT,,,National,Occupational Therapy,Penyelenggaraan isi rumah,Penyelenggaraan isi rumah,occupational therapy service,Malaysian,citizen,Inpatient,Class 1,,20.0,,20,,Ministry of Health Malaysia – Caj Rawatan,https://www.moh.gov.my/teras/info-kesihatan/kadar-perkhidmatan/caj-rawatan,2025-09-23,2026-08-25T14:22:02.410314+00:00
moh_treatment-ad39fdf2855a8fdf,national_reference,MOH_TREATMENT,,,National,Occupational Therapy,Penyelenggaraan isi rumah,Penyelenggaraan isi rumah,occupational therapy service,Malaysian,citizen,Inpatient,Class 2,,10.0,,10,,Ministry of Health Malaysia – Caj Rawatan,https://www.moh.gov.my/teras/info-kesihatan/kadar-perkhidmatan/caj-rawatan,2025-09-23,2026-08-25T14:22:02.410314+00:00
moh_treatment-2617e05e3f2ec8e3,national_reference,MOH_TREATMENT,,,National,Occupational Therapy,Penyelenggaraan isi rumah,Penyelenggaraan isi rumah,occupational therapy service,Malaysian,citizen,Inpatient,Class 3,,0.0,,Percuma,,Ministry of Health Malaysia – Caj Rawatan,https://www.moh.gov.my/teras/info-kesihatan/kadar-perkhidmatan/caj-rawatan,2025-09-23,2026-08-25T14:22:02.410314+00:00
moh_treatment-80503a91b5247029,national_reference,MOH_TREATMENT,,,National,Occupational Therapy,Pengemasan rumah,Pengemasan rumah,occupational therapy service,Malaysian,citizen,Inpatient,Class 1,,20.0,,20,,Ministry of Health Malaysia – Caj Rawatan,https://www.moh.gov.my/teras/info-kesihatan/kadar-perkhidmatan/caj-rawatan,2025-09-23,2026-08-25T14:22:02.410314+00:00
moh_treatment-024ae7abeaebaa11,national_reference,MOH_TREATMENT,,,National,Occupational Therapy,Pengemasan rumah,Pengemasan rumah,occupational therapy service,Malaysian,citizen,Inpatient,Class 2,,10.0,,10,,Ministry of Health Malaysia – Caj Rawatan,https://www.moh.gov.my/teras/info-kesihatan/kadar-perkhidmatan/caj-rawatan,2025-09-23,2026-08-25T14:22:02.410314+00:00
moh_treatment-17c72e9c6887963e,national_reference,MOH_TREATMENT,,,National,Occupational Therapy,Pengemasan rumah,Pengemasan rumah,occupational therapy service,Malaysian,citizen,Inpatient,Class 3,,0.0,,Percuma,,Ministry of Health Malaysia – Caj Rawatan,https://www.moh.gov.my/teras/info-kesihatan/kadar-perkhidmatan/caj-rawatan,2025-09-23,2026-08-25T14:22:02.410314+00:00
moh_treatment-ddba91c648ccf87f,national_reference,MOH_TREATMENT,,,National,Occupational Therapy,Dobi,Dobi,occupational therapy service,Malaysian,citizen,Inpatient,Class 1,,20.0,,20,,Ministry of Health Malaysia – Caj Rawatan,https://www.moh.gov.my/teras/info-kesihatan/kadar-perkhidmatan/caj-rawatan,2025-09-23,2026-08-25T14:22:02.410314+00:00
moh_treatment-bd4375c4f268c091,national_reference,MOH_TREATMENT,,,National,Occupational Therapy,Dobi,Dobi,occupational therapy service,Malaysian,citizen,Inpatient,Class 2,,10.0,,10,,Ministry of Health Malaysia – Caj Rawatan,https://www.moh.gov.my/teras/info-kesihatan/kadar-perkhidmatan/caj-rawatan,2025-09-23,2026-08-25T14:22:02.410314+00:00
moh_treatment-405fc0e34e71a58b,national_reference,MOH_TREATMENT,,,National,Occupational Therapy,Dobi,Dobi,occupational therapy service,Malaysian,citizen,Inpatient,Class 3,,0.0,,Percuma,,Ministry of Health Malaysia – Caj Rawatan,https://www.moh.gov.my/teras/info-kesihatan/kadar-perkhidmatan/caj-rawatan,2025-09-23,2026-08-25T14:22:02.410314+00:00
moh_treatment-96fb7ad5bdac6c3a,national_reference,MOH_TREATMENT,,,National,Occupational Therapy,Mod pengangkutan,Mod pengangkutan,occupational therapy service,Malaysian,citizen,Inpatient,Class 1,,20.0,,20,,Ministry of Health Malaysia – Caj Rawatan,https://www.moh.gov.my/teras/info-kesihatan/kadar-perkhidmatan/caj-rawatan,2025-09-23,2026-08-25T14:22:02.410314+00:00
moh_treatment-9d48daee18dc0e49,national_reference,MOH_TREATMENT,,,National,Occupational Therapy,Mod pengangkutan,Mod pengangkutan,occupational therapy service,Malaysian,citizen,Inpatient,Class 2,,10.0,,10,,Ministry of Health Malaysia – Caj Rawatan,https://www.moh.gov.my/teras/info-kesihatan/kadar-perkhidmatan/caj-rawatan,2025-09-23,2026-08-25T14:22:02.410314+00:00
moh_treatment-61cd8213a35f91d2,national_reference,MOH_TREATMENT,,,National,Occupational Therapy,Mod pengangkutan,Mod pengangkutan,occupational therapy service,Malaysian,citizen,Inpatient,Class 3,,0.0,,Percuma,,Ministry of Health Malaysia – Caj Rawatan,https://www.moh.gov.my/teras/info-kesihatan/kadar-perkhidmatan/caj-rawatan,2025-09-23,2026-08-25T14:22:02.410314+00:00
moh_treatment-c9d2d76cdd5b2544,national_reference,MOH_TREATMENT,,,National,Occupational Therapy,Pengurusan wang,Pengurusan wang,occupational therapy service,Malaysian,citizen,Inpatient,Class 1,,20.0,,20,,Ministry of Health Malaysia – Caj Rawatan,https://www.moh.gov.my/teras/info-kesihatan/kadar-perkhidmatan/caj-rawatan,2025-09-23,2026-08-25T14:22:02.410314+00:00
moh_treatment-75442272d47df29d,national_reference,MOH_TREATMENT,,,National,Occupational Therapy,Pengurusan wang,Pengurusan wang,occupational therapy service,Malaysian,citizen,Inpatient,Class 2,,10.0,,10,,Ministry of Health Malaysia – Caj Rawatan,https://www.moh.gov.my/teras/info-kesihatan/kadar-perkhidmatan/caj-rawatan,2025-09-23,2026-08-25T14:22:02.410314+00:00
moh_treatment-869b7149362c18e7,national_reference,MOH_TREATMENT,,,National,Occupational Therapy,Pengurusan wang,Pengurusan wang,occupational therapy service,Malaysian,citizen,Inpatient,Class 3,,0.0,,Percuma,,Ministry of Health Malaysia – Caj Rawatan,https://www.moh.gov.my/teras/info-kesihatan/kadar-perkhidmatan/caj-rawatan,2025-09-23,2026-08-25T14:22:02.410314+00:00
moh_treatment-e9e27383fd6fb646,national_reference,MOH_TREATMENT,,,National,Occupational Therapy,Tanggungjawab bagi pengubatan,Tanggungjawab bagi pengubatan,occupational therapy service,Malaysian,citizen,Inpatient,Class 1,,20.0,,20,,Ministry of Health Malaysia – Caj Rawatan,https://www.moh.gov.my/teras/info-kesihatan/kadar-perkhidmatan/caj-rawatan,2025-09-23,2026-08-25T14:22:02.410314+00:00
moh_treatment-1b275bcb2d260642,national_reference,MOH_TREATMENT,,,National,Occupational Therapy,Tanggungjawab bagi pengubatan,Tanggungjawab bagi pengubatan,occupational therapy service,Malaysian,citizen,Inpatient,Class 2,,10.0,,10,,Ministry of Health Malaysia – Caj Rawatan,https://www.moh.gov.my/teras/info-kesihatan/kadar-perkhidmatan/caj-rawatan,2025-09-23,2026-08-25T14:22:02.410314+00:00
moh_treatment-2e8a7bc5f1cb708e,national_reference,MOH_TREATMENT,,,National,Occupational Therapy,Tanggungjawab bagi pengubatan,Tanggungjawab bagi pengubatan,occupational therapy service,Malaysian,citizen,Inpatient,Class 3,,0.0,,Percuma,,Ministry of Health Malaysia – Caj Rawatan,https://www.moh.gov.my/teras/info-kesihatan/kadar-perkhidmatan/caj-rawatan,2025-09-23,2026-08-25T14:22:02.410314+00:00
moh_treatment-697fc3212d0b34f9,national_reference,MOH_TREATMENT,,,National,Occupational Therapy,Prosedur keselamatan,Prosedur keselamatan,occupational therapy service,Malaysian,citizen,Inpatient,Class 1,,20.0,,20,,Ministry of Health Malaysia – Caj Rawatan,https://www.moh.gov.my/teras/info-kesihatan/kadar-perkhidmatan/caj-rawatan,2025-09-23,2026-08-25T14:22:02.410314+00:00
moh_treatment-3bec64fec30cba16,national_reference,MOH_TREATMENT,,,National,Occupational Therapy,Prosedur keselamatan,Prosedur keselamatan,occupational therapy service,Malaysian,citizen,Inpatient,Class 2,,10.0,,10,,Ministry of Health Malaysia – Caj Rawatan,https://www.moh.gov.my/teras/info-kesihatan/kadar-perkhidmatan/caj-rawatan,2025-09-23,2026-08-25T14:22:02.410314+00:00
moh_treatment-355554519ce391ef,national_reference,MOH_TREATMENT,,,National,Occupational Therapy,Prosedur keselamatan,Prosedur keselamatan,occupational therapy service,Malaysian,citizen,Inpatient,Class 3,,0.0,,Percuma,,Ministry of Health Malaysia – Caj Rawatan,https://www.moh.gov.my/teras/info-kesihatan/kadar-perkhidmatan/caj-rawatan,2025-09-23,2026-08-25T14:22:02.410314+00:00
moh_treatment-a67e369f0c6f0d45,national_reference,MOH_TREATMENT,,,National,Occupational Therapy,Fungsi seksual,Fungsi seksual,occupational therapy service,Malaysian,citizen,Inpatient,Class 1,,20.0,,20,,Ministry of Health Malaysia – Caj Rawatan,https://www.moh.gov.my/teras/info-kesihatan/kadar-perkhidmatan/caj-rawatan,2025-09-23,2026-08-25T14:22:02.410314+00:00
moh_treatment-0df3926db6af8759,national_reference,MOH_TREATMENT,,,National,Occupational Therapy,Fungsi seksual,Fungsi seksual,occupational therapy service,Malaysian,citizen,Inpatient,Class 2,,10.0,,10,,Ministry of Health Malaysia – Caj Rawatan,https://www.moh.gov.my/teras/info-kesihatan/kadar-perkhidmatan/caj-rawatan,2025-09-23,2026-08-25T14:22:02.410314+00:00
moh_treatment-6ec5362030f2da00,national_reference,MOH_TREATMENT,,,National,Occupational Therapy,Fungsi seksual,Fungsi seksual,occupational therapy service,Malaysian,citizen,Inpatient,Class 3,,0.0,,Percuma,,Ministry of Health Malaysia – Caj Rawatan,https://www.moh.gov.my/teras/info-kesihatan/kadar-perkhidmatan/caj-rawatan,2025-09-23,2026-08-25T14:22:02.410314+00:00
moh_treatment-b6906d0a9adbda28,national_reference,MOH_TREATMENT,,,National,Occupational Therapy,Beli-belah,Beli-belah,occupational therapy service,Malaysian,citizen,Inpatient,Class 1,,20.0,,20,,Ministry of Health Malaysia – Caj Rawatan,https://www.moh.gov.my/teras/info-kesihatan/kadar-perkhidmatan/caj-rawatan,2025-09-23,2026-08-25T14:22:02.410314+00:00
moh_treatment-58a651dae3f2a91e,national_reference,MOH_TREATMENT,,,National,Occupational Therapy,Beli-belah,Beli-belah,occupational therapy service,Malaysian,citizen,Inpatient,Class 2,,10.0,,10,,Ministry of Health Malaysia – Caj Rawatan,https://www.moh.gov.my/teras/info-kesihatan/kadar-perkhidmatan/caj-rawatan,2025-09-23,2026-08-25T14:22:02.410314+00:00
moh_treatment-20e0abdc972d9705,national_reference,MOH_TREATMENT,,,National,Occupational Therapy,Beli-belah,Beli-belah,occupational therapy service,Malaysian,citizen,Inpatient,Class 3,,0.0,,Percuma,,Ministry of Health Malaysia – Caj Rawatan,https://www.moh.gov.my/teras/info-kesihatan/kadar-perkhidmatan/caj-rawatan,2025-09-23,2026-08-25T14:22:02.410314+00:00
moh_treatment-7cf058ad796a6e06,national_reference,MOH_TREATMENT,,,National,Occupational Therapy,Penjagaan tandas,Penjagaan tandas,occupational therapy service,Malaysian,citizen,Inpatient,Class 1,,20.0,,20,,Ministry of Health Malaysia – Caj Rawatan,https://www.moh.gov.my/teras/info-kesihatan/kadar-perkhidmatan/caj-rawatan,2025-09-23,2026-08-25T14:22:02.410314+00:00
moh_treatment-89b1c95f7d605501,national_reference,MOH_TREATMENT,,,National,Occupational Therapy,Penjagaan tandas,Penjagaan tandas,occupational therapy service,Malaysian,citizen,Inpatient,Class 2,,10.0,,10,,Ministry of Health Malaysia – Caj Rawatan,https://www.moh.gov.my/teras/info-kesihatan/kadar-perkhidmatan/caj-rawatan,2025-09-23,2026-08-25T14:22:02.410314+00:00
moh_treatment-df2c884390e0431c,national_reference,MOH_TREATMENT,,,National,Occupational Therapy,Penjagaan tandas,Penjagaan tandas,occupational therapy service,Malaysian,citizen,Inpatient,Class 3,,0.0,,Percuma,,Ministry of Health Malaysia – Caj Rawatan,https://www.moh.gov.my/teras/info-kesihatan/kadar-perkhidmatan/caj-rawatan,2025-09-23,2026-08-25T14:22:02.410314+00:00
moh_treatment-5fcbdb43d58391fa,national_reference,MOH_TREATMENT,,,National,Occupational Therapy,Perkakas memasak,Perkakas memasak,occupational therapy service,Malaysian,citizen,Inpatient,Class 1,,20.0,,20,,Ministry of Health Malaysia – Caj Rawatan,https://www.moh.gov.my/teras/info-kesihatan/kadar-perkhidmatan/caj-rawatan,2025-09-23,2026-08-25T14:22:02.410314+00:00
moh_treatment-7e6634ee3b163a2a,national_reference,MOH_TREATMENT,,,National,Occupational Therapy,Perkakas memasak,Perkakas memasak,occupational therapy service,Malaysian,citizen,Inpatient,Class 2,,10.0,,10,,Ministry of Health Malaysia – Caj Rawatan,https://www.moh.gov.my/teras/info-kesihatan/kadar-perkhidmatan/caj-rawatan,2025-09-23,2026-08-25T14:22:02.410314+00:00
moh_treatment-e0f26e8a9a46bea5,national_reference,MOH_TREATMENT,,,National,Occupational Therapy,Perkakas memasak,Perkakas memasak,occupational therapy service,Malaysian,citizen,Inpatient,Class 3,,0.0,,Percuma,,Ministry of Health Malaysia – Caj Rawatan,https://www.moh.gov.my/teras/info-kesihatan/kadar-perkhidmatan/caj-rawatan,2025-09-23,2026-08-25T14:22:02.410314+00:00
moh_treatment-fcf8b150226de4dc,national_reference,MOH_TREATMENT,,,National,Occupational Therapy,Mengenakan pakaian,Mengenakan pakaian,occupational therapy service,Malaysian,citizen,Inpatient,Class 1,,20.0,,20,,Ministry of Health Malaysia – Caj Rawatan,https://www.moh.gov.my/teras/info-kesihatan/kadar-perkhidmatan/caj-rawatan,2025-09-23,2026-08-25T14:22:02.410314+00:00
moh_treatment-3785e1c6161f1f41,national_reference,MOH_TREATMENT,,,National,Occupational Therapy,Mengenakan pakaian,Mengenakan pakaian,occupational therapy service,Malaysian,citizen,Inpatient,Class 2,,10.0,,10,,Ministry of Health Malaysia – Caj Rawatan,https://www.moh.gov.my/teras/info-kesihatan/kadar-perkhidmatan/caj-rawatan,2025-09-23,2026-08-25T14:22:02.410314+00:00
moh_treatment-b403e211339330b7,national_reference,MOH_TREATMENT,,,National,Occupational Therapy,Mengenakan pakaian,Mengenakan pakaian,occupational therapy service,Malaysian,citizen,Inpatient,Class 3,,0.0,,Percuma,,Ministry of Health Malaysia – Caj Rawatan,https://www.moh.gov.my/teras/info-kesihatan/kadar-perkhidmatan/caj-rawatan,2025-09-23,2026-08-25T14:22:02.410314+00:00
moh_treatment-31d007a72fb251fd,national_reference,MOH_TREATMENT,,,National,Occupational Therapy,Perkakas makan/ minum,Perkakas makan/ minum,occupational therapy service,Malaysian,citizen,Inpatient,Class 1,,20.0,,20,,Ministry of Health Malaysia – Caj Rawatan,https://www.moh.gov.my/teras/info-kesihatan/kadar-perkhidmatan/caj-rawatan,2025-09-23,2026-08-25T14:22:02.410314+00:00
moh_treatment-3ec2a5921cf9d0bd,national_reference,MOH_TREATMENT,,,National,Occupational Therapy,Perkakas makan/ minum,Perkakas makan/ minum,occupational therapy service,Malaysian,citizen,Inpatient,Class 2,,10.0,,10,,Ministry of Health Malaysia – Caj Rawatan,https://www.moh.gov.my/teras/info-kesihatan/kadar-perkhidmatan/caj-rawatan,2025-09-23,2026-08-25T14:22:02.410314+00:00
moh_treatment-810489b3ab6a5784,national_reference,MOH_TREATMENT,,,National,Occupational Therapy,Perkakas makan/ minum,Perkakas makan/ minum,occupational therapy service,Malaysian,citizen,Inpatient,Class 3,,0.0,,Percuma,,Ministry of Health Malaysia – Caj Rawatan,https://www.moh.gov.my/teras/info-kesihatan/kadar-perkhidmatan/caj-rawatan,2025-09-23,2026-08-25T14:22:02.410314+00:00
moh_treatment-bf80edacce35de37,national_reference,MOH_TREATMENT,,,National,Occupational Therapy,Mobiliti,Mobiliti,occupational therapy service,Malaysian,citizen,Inpatient,Class 1,,20.0,,20,,Ministry of Health Malaysia – Caj Rawatan,https://www.moh.gov.my/teras/info-kesihatan/kadar-perkhidmatan/caj-rawatan,2025-09-23,2026-08-25T14:22:02.410314+00:00
moh_treatment-016d24b23372d359,national_reference,MOH_TREATMENT,,,National,Occupational Therapy,Mobiliti,Mobiliti,occupational therapy service,Malaysian,citizen,Inpatient,Class 2,,10.0,,10,,Ministry of Health Malaysia – Caj Rawatan,https://www.moh.gov.my/teras/info-kesihatan/kadar-perkhidmatan/caj-rawatan,2025-09-23,2026-08-25T14:22:02.410314+00:00
moh_treatment-3755688c4b92c7d2,national_reference,MOH_TREATMENT,,,National,Occupational Therapy,Mobiliti,Mobiliti,occupational therapy service,Malaysian,citizen,Inpatient,Class 3,,0.0,,Percuma,,Ministry of Health Malaysia – Caj Rawatan,https://www.moh.gov.my/teras/info-kesihatan/kadar-perkhidmatan/caj-rawatan,2025-09-23,2026-08-25T14:22:02.410314+00:00
moh_treatment-0d7bac798ee53837,national_reference,MOH_TREATMENT,,,National,Occupational Therapy,Membaca/ Menulis,Membaca/ Menulis,occupational therapy service,Malaysian,citizen,Inpatient,Class 1,,20.0,,20,,Ministry of Health Malaysia – Caj Rawatan,https://www.moh.gov.my/teras/info-kesihatan/kadar-perkhidmatan/caj-rawatan,2025-09-23,2026-08-25T14:22:02.410314+00:00
moh_treatment-7583f06f51e9590e,national_reference,MOH_TREATMENT,,,National,Occupational Therapy,Membaca/ Menulis,Membaca/ Menulis,occupational therapy service,Malaysian,citizen,Inpatient,Class 2,,10.0,,10,,Ministry of Health Malaysia – Caj Rawatan,https://www.moh.gov.my/teras/info-kesihatan/kadar-perkhidmatan/caj-rawatan,2025-09-23,2026-08-25T14:22:02.410314+00:00
moh_treatment-e89e9b2255ff66e6,national_reference,MOH_TREATMENT,,,National,Occupational Therapy,Membaca/ Menulis,Membaca/ Menulis,occupational therapy service,Malaysian,citizen,Inpatient,Class 3,,0.0,,Percuma,,Ministry of Health Malaysia – Caj Rawatan,https://www.moh.gov.my/teras/info-kesihatan/kadar-perkhidmatan/caj-rawatan,2025-09-23,2026-08-25T14:22:02.410314+00:00
moh_treatment-0fdbb5900230027f,national_reference,MOH_TREATMENT,,,National,Occupational Therapy,Dudukan kerusi roda,Dudukan kerusi roda,occupational therapy service,Malaysian,citizen,Inpatient,Class 1,,20.0,,20,,Ministry of Health Malaysia – Caj Rawatan,https://www.moh.gov.my/teras/info-kesihatan/kadar-perkhidmatan/caj-rawatan,2025-09-23,2026-08-25T14:22:02.410314+00:00
moh_treatment-4558ccd24f588378,national_reference,MOH_TREATMENT,,,National,Occupational Therapy,Dudukan kerusi roda,Dudukan kerusi roda,occupational therapy service,Malaysian,citizen,Inpatient,Class 2,,10.0,,10,,Ministry of Health Malaysia – Caj Rawatan,https://www.moh.gov.my/teras/info-kesihatan/kadar-perkhidmatan/caj-rawatan,2025-09-23,2026-08-25T14:22:02.410314+00:00
moh_treatment-1a0dc89f706687a1,national_reference,MOH_TREATMENT,,,National,Occupational Therapy,Dudukan kerusi roda,Dudukan kerusi roda,occupational therapy service,Malaysian,citizen,Inpatient,Class 3,,0.0,,Percuma,,Ministry of Health Malaysia – Caj Rawatan,https://www.moh.gov.my/teras/info-kesihatan/kadar-perkhidmatan/caj-rawatan,2025-09-23,2026-08-25T14:22:02.410314+00:00
moh_treatment-cc48c10dbaded7a6,national_reference,MOH_TREATMENT,,,National,Occupational Therapy,Rehabilitasi penglihatan terhad,Rehabilitasi penglihatan terhad,occupational therapy service,Malaysian,citizen,Inpatient,Class 1,,20.0,,20,,Ministry of Health Malaysia – Caj Rawatan,https://www.moh.gov.my/teras/info-kesihatan/kadar-perkhidmatan/caj-rawatan,2025-09-23,2026-08-25T14:22:02.410314+00:00
moh_treatment-b90dc6f4ca9b4def,national_reference,MOH_TREATMENT,,,National,Occupational Therapy,Rehabilitasi penglihatan terhad,Rehabilitasi penglihatan terhad,occupational therapy service,Malaysian,citizen,Inpatient,Class 2,,10.0,,10,,Ministry of Health Malaysia – Caj Rawatan,https://www.moh.gov.my/teras/info-kesihatan/kadar-perkhidmatan/caj-rawatan,2025-09-23,2026-08-25T14:22:02.410314+00:00
moh_treatment-20e8204dc2e0aea4,national_reference,MOH_TREATMENT,,,National,Occupational Therapy,Rehabilitasi penglihatan terhad,Rehabilitasi penglihatan terhad,occupational therapy service,Malaysian,citizen,Inpatient,Class 3,,0.0,,Percuma,,Ministry of Health Malaysia – Caj Rawatan,https://www.moh.gov.my/teras/info-kesihatan/kadar-perkhidmatan/caj-rawatan,2025-09-23,2026-08-25T14:22:02.410314+00:00
moh_treatment-3a531e6eca850122,national_reference,MOH_TREATMENT,,,National,Occupational Therapy,Konsep asas,Konsep asas,occupational therapy service,Malaysian,citizen,Inpatient,Class 1,,20.0,,20,,Ministry of Health Malaysia – Caj Rawatan,https://www.moh.gov.my/teras/info-kesihatan/kadar-perkhidmatan/caj-rawatan,2025-09-23,2026-08-25T14:22:02.410314+00:00
moh_treatment-5ca2219b4b88ed66,national_reference,MOH_TREATMENT,,,National,Occupational Therapy,Konsep asas,Konsep asas,occupational therapy service,Malaysian,citizen,Inpatient,Class 2,,10.0,,10,,Ministry of Health Malaysia – Caj Rawatan,https://www.moh.gov.my/teras/info-kesihatan/kadar-perkhidmatan/caj-rawatan,2025-09-23,2026-08-25T14:22:02.410314+00:00
moh_treatment-03866be506f2cfbe,national_reference,MOH_TREATMENT,,,National,Occupational Therapy,Konsep asas,Konsep asas,occupational therapy service,Malaysian,citizen,Inpatient,Class 3,,0.0,,Percuma,,Ministry of Health Malaysia – Caj Rawatan,https://www.moh.gov.my/teras/info-kesihatan/kadar-perkhidmatan/caj-rawatan,2025-09-23,2026-08-25T14:22:02.410314+00:00
moh_treatment-a4edc58e5a086ab3,national_reference,MOH_TREATMENT,,,National,Occupational Therapy,Pengenalpastian bahagian badan,Pengenalpastian bahagian badan,occupational therapy service,Malaysian,citizen,Inpatient,Class 1,,20.0,,20,,Ministry of Health Malaysia – Caj Rawatan,https://www.moh.gov.my/teras/info-kesihatan/kadar-perkhidmatan/caj-rawatan,2025-09-23,2026-08-25T14:22:02.410314+00:00
moh_treatment-6cf154930ec078ec,national_reference,MOH_TREATMENT,,,National,Occupational Therapy,Pengenalpastian bahagian badan,Pengenalpastian bahagian badan,occupational therapy service,Malaysian,citizen,Inpatient,Class 2,,10.0,,10,,Ministry of Health Malaysia – Caj Rawatan,https://www.moh.gov.my/teras/info-kesihatan/kadar-perkhidmatan/caj-rawatan,2025-09-23,2026-08-25T14:22:02.410314+00:00
moh_treatment-756755ffb4fbc989,national_reference,MOH_TREATMENT,,,National,Occupational Therapy,Pengenalpastian bahagian badan,Pengenalpastian bahagian badan,occupational therapy service,Malaysian,citizen,Inpatient,Class 3,,0.0,,Percuma,,Ministry of Health Malaysia – Caj Rawatan,https://www.moh.gov.my/teras/info-kesihatan/kadar-perkhidmatan/caj-rawatan,2025-09-23,2026-08-25T14:22:02.410314+00:00
moh_treatment-aa050655e629306d,national_reference,MOH_TREATMENT,,,National,Occupational Therapy,Stimulasi kognitif,Stimulasi kognitif,occupational therapy service,Malaysian,citizen,Inpatient,Class 1,,20.0,,20,,Ministry of Health Malaysia – Caj Rawatan,https://www.moh.gov.my/teras/info-kesihatan/kadar-perkhidmatan/caj-rawatan,2025-09-23,2026-08-25T14:22:02.410314+00:00
moh_treatment-e15295dec43cb066,national_reference,MOH_TREATMENT,,,National,Occupational Therapy,Stimulasi kognitif,Stimulasi kognitif,occupational therapy service,Malaysian,citizen,Inpatient,Class 2,,10.0,,10,,Ministry of Health Malaysia – Caj Rawatan,https://www.moh.gov.my/teras/info-kesihatan/kadar-perkhidmatan/caj-rawatan,2025-09-23,2026-08-25T14:22:02.410314+00:00
moh_treatment-2eabe5fab801549a,national_reference,MOH_TREATMENT,,,National,Occupational Therapy,Stimulasi kognitif,Stimulasi kognitif,occupational therapy service,Malaysian,citizen,Inpatient,Class 3,,0.0,,Percuma,,Ministry of Health Malaysia – Caj Rawatan,https://www.moh.gov.my/teras/info-kesihatan/kadar-perkhidmatan/caj-rawatan,2025-09-23,2026-08-25T14:22:02.410314+00:00
moh_treatment-65b26db4f1320526,national_reference,MOH_TREATMENT,,,National,Occupational Therapy,Aktiviti pembelajaran,Aktiviti pembelajaran,occupational therapy service,Malaysian,citizen,Inpatient,Class 1,,20.0,,20,,Ministry of Health Malaysia – Caj Rawatan,https://www.moh.gov.my/teras/info-kesihatan/kadar-perkhidmatan/caj-rawatan,2025-09-23,2026-08-25T14:22:02.410314+00:00
moh_treatment-b50866496ecc5bb9,national_reference,MOH_TREATMENT,,,National,Occupational Therapy,Aktiviti pembelajaran,Aktiviti pembelajaran,occupational therapy service,Malaysian,citizen,Inpatient,Class 2,,10.0,,10,,Ministry of Health Malaysia – Caj Rawatan,https://www.moh.gov.my/teras/info-kesihatan/kadar-perkhidmatan/caj-rawatan,2025-09-23,2026-08-25T14:22:02.410314+00:00
moh_treatment-9a0cb0ea91810eb7,national_reference,MOH_TREATMENT,,,National,Occupational Therapy,Aktiviti pembelajaran,Aktiviti pembelajaran,occupational therapy service,Malaysian,citizen,Inpatient,Class 3,,0.0,,Percuma,,Ministry of Health Malaysia – Caj Rawatan,https://www.moh.gov.my/teras/info-kesihatan/kadar-perkhidmatan/caj-rawatan,2025-09-23,2026-08-25T14:22:02.410314+00:00
moh_treatment-2e154ed9b79b0720,national_reference,MOH_TREATMENT,,,National,Occupational Therapy,Pembezaan kanan/ kiri,Pembezaan kanan/ kiri,occupational therapy service,Malaysian,citizen,Inpatient,Class 1,,20.0,,20,,Ministry of Health Malaysia – Caj Rawatan,https://www.moh.gov.my/teras/info-kesihatan/kadar-perkhidmatan/caj-rawatan,2025-09-23,2026-08-25T14:22:02.410314+00:00
moh_treatment-cde3cfe03ca8c8fa,national_reference,MOH_TREATMENT,,,National,Occupational Therapy,Pembezaan kanan/ kiri,Pembezaan kanan/ kiri,occupational therapy service,Malaysian,citizen,Inpatient,Class 2,,10.0,,10,,Ministry of Health Malaysia – Caj Rawatan,https://www.moh.gov.my/teras/info-kesihatan/kadar-perkhidmatan/caj-rawatan,2025-09-23,2026-08-25T14:22:02.410314+00:00
moh_treatment-28e30bd512cc5762,national_reference,MOH_TREATMENT,,,National,Occupational Therapy,Pembezaan kanan/ kiri,Pembezaan kanan/ kiri,occupational therapy service,Malaysian,citizen,Inpatient,Class 3,,0.0,,Percuma,,Ministry of Health Malaysia – Caj Rawatan,https://www.moh.gov.my/teras/info-kesihatan/kadar-perkhidmatan/caj-rawatan,2025-09-23,2026-08-25T14:22:02.410314+00:00
moh_treatment-59d1e3219ede4c2f,national_reference,MOH_TREATMENT,,,National,Occupational Therapy,Diskriminasi bentuk dan persekitaran,Diskriminasi bentuk dan persekitaran,occupational therapy service,Malaysian,citizen,Inpatient,Class 1,,20.0,,20,,Ministry of Health Malaysia – Caj Rawatan,https://www.moh.gov.my/teras/info-kesihatan/kadar-perkhidmatan/caj-rawatan,2025-09-23,2026-08-25T14:22:02.410314+00:00
moh_treatment-f4e3e4e0785ebb04,national_reference,MOH_TREATMENT,,,National,Occupational Therapy,Diskriminasi bentuk dan persekitaran,Diskriminasi bentuk dan persekitaran,occupational therapy service,Malaysian,citizen,Inpatient,Class 2,,10.0,,10,,Ministry of Health Malaysia – Caj Rawatan,https://www.moh.gov.my/teras/info-kesihatan/kadar-perkhidmatan/caj-rawatan,2025-09-23,2026-08-25T14:22:02.410314+00:00
moh_treatment-c4756ab382c92597,national_reference,MOH_TREATMENT,,,National,Occupational Therapy,Diskriminasi bentuk dan persekitaran,Diskriminasi bentuk dan persekitaran,occupational therapy service,Malaysian,citizen,Inpatient,Class 3,,0.0,,Percuma,,Ministry of Health Malaysia – Caj Rawatan,https://www.moh.gov.my/teras/info-kesihatan/kadar-perkhidmatan/caj-rawatan,2025-09-23,2026-08-25T14:22:02.410314+00:00
moh_treatment-3edea8d60a4f3367,national_reference,MOH_TREATMENT,,,National,Occupational Therapy,Orientasi realiti,Orientasi realiti,occupational therapy service,Malaysian,citizen,Inpatient,Class 1,,20.0,,20,,Ministry of Health Malaysia – Caj Rawatan,https://www.moh.gov.my/teras/info-kesihatan/kadar-perkhidmatan/caj-rawatan,2025-09-23,2026-08-25T14:22:02.410314+00:00
moh_treatment-18d74a4ebff42f4b,national_reference,MOH_TREATMENT,,,National,Occupational Therapy,Orientasi realiti,Orientasi realiti,occupational therapy service,Malaysian,citizen,Inpatient,Class 2,,10.0,,10,,Ministry of Health Malaysia – Caj Rawatan,https://www.moh.gov.my/teras/info-kesihatan/kadar-perkhidmatan/caj-rawatan,2025-09-23,2026-08-25T14:22:02.410314+00:00
moh_treatment-ff3d6c0f9477c136,national_reference,MOH_TREATMENT,,,National,Occupational Therapy,Orientasi realiti,Orientasi realiti,occupational therapy service,Malaysian,citizen,Inpatient,Class 3,,0.0,,Percuma,,Ministry of Health Malaysia – Caj Rawatan,https://www.moh.gov.my/teras/info-kesihatan/kadar-perkhidmatan/caj-rawatan,2025-09-23,2026-08-25T14:22:02.410314+00:00
moh_treatment-ddaf2f202bb363c3,national_reference,MOH_TREATMENT,,,National,Occupational Therapy,Aktiviti orientasi topografi,Aktiviti orientasi topografi,occupational therapy service,Malaysian,citizen,Inpatient,Class 1,,20.0,,20,,Ministry of Health Malaysia – Caj Rawatan,https://www.moh.gov.my/teras/info-kesihatan/kadar-perkhidmatan/caj-rawatan,2025-09-23,2026-08-25T14:22:02.410314+00:00
moh_treatment-b768b36af63ee89b,national_reference,MOH_TREATMENT,,,National,Occupational Therapy,Aktiviti orientasi topografi,Aktiviti orientasi topografi,occupational therapy service,Malaysian,citizen,Inpatient,Class 2,,10.0,,10,,Ministry of Health Malaysia – Caj Rawatan,https://www.moh.gov.my/teras/info-kesihatan/kadar-perkhidmatan/caj-rawatan,2025-09-23,2026-08-25T14:22:02.410314+00:00
moh_treatment-36f5fc574b056ef4,national_reference,MOH_TREATMENT,,,National,Occupational Therapy,Aktiviti orientasi topografi,Aktiviti orientasi topografi,occupational therapy service,Malaysian,citizen,Inpatient,Class 3,,0.0,,Percuma,,Ministry of Health Malaysia – Caj Rawatan,https://www.moh.gov.my/teras/info-kesihatan/kadar-perkhidmatan/caj-rawatan,2025-09-23,2026-08-25T14:22:02.410314+00:00
moh_treatment-4c584942074f4d39,national_reference,MOH_TREATMENT,,,National,Occupational Therapy,Penjujukan,Penjujukan,occupational therapy service,Malaysian,citizen,Inpatient,Class 1,,20.0,,20,,Ministry of Health Malaysia – Caj Rawatan,https://www.moh.gov.my/teras/info-kesihatan/kadar-perkhidmatan/caj-rawatan,2025-09-23,2026-08-25T14:22:02.410314+00:00
moh_treatment-593cb856b4e692b6,national_reference,MOH_TREATMENT,,,National,Occupational Therapy,Penjujukan,Penjujukan,occupational therapy service,Malaysian,citizen,Inpatient,Class 2,,10.0,,10,,Ministry of Health Malaysia – Caj Rawatan,https://www.moh.gov.my/teras/info-kesihatan/kadar-perkhidmatan/caj-rawatan,2025-09-23,2026-08-25T14:22:02.410314+00:00
moh_treatment-7be0de5829baad78,national_reference,MOH_TREATMENT,,,National,Occupational Therapy,Penjujukan,Penjujukan,occupational therapy service,Malaysian,citizen,Inpatient,Class 3,,0.0,,Percuma,,Ministry of Health Malaysia – Caj Rawatan,https://www.moh.gov.my/teras/info-kesihatan/kadar-perkhidmatan/caj-rawatan,2025-09-23,2026-08-25T14:22:02.410314+00:00
moh_treatment-7b199699c77246cc,national_reference,MOH_TREATMENT,,,National,Occupational Therapy,Pengkategorian,Pengkategorian,occupational therapy service,Malaysian,citizen,Inpatient,Class 1,,20.0,,20,,Ministry of Health Malaysia – Caj Rawatan,https://www.moh.gov.my/teras/info-kesihatan/kadar-perkhidmatan/caj-rawatan,2025-09-23,2026-08-25T14:22:02.410314+00:00
moh_treatment-fa09473c83f14ac0,national_reference,MOH_TREATMENT,,,National,Occupational Therapy,Pengkategorian,Pengkategorian,occupational therapy service,Malaysian,citizen,Inpatient,Class 2,,10.0,,10,,Ministry of Health Malaysia – Caj Rawatan,https://www.moh.gov.my/teras/info-kesihatan/kadar-perkhidmatan/caj-rawatan,2025-09-23,2026-08-25T14:22:02.410314+00:00
moh_treatment-6863a6ca8280b666,national_reference,MOH_TREATMENT,,,National,Occupational Therapy,Pengkategorian,Pengkategorian,occupational therapy service,Malaysian,citizen,Inpatient,Class 3,,0.0,,Percuma,,Ministry of Health Malaysia – Caj Rawatan,https://www.moh.gov.my/teras/info-kesihatan/kadar-perkhidmatan/caj-rawatan,2025-09-23,2026-08-25T14:22:02.410314+00:00
moh_treatment-5dfac683c93e94c7,national_reference,MOH_TREATMENT,,,National,Occupational Therapy,Terapi cermin,Terapi cermin,occupational therapy service,Malaysian,citizen,Inpatient,Class 1,,20.0,,20,,Ministry of Health Malaysia – Caj Rawatan,https://www.moh.gov.my/teras/info-kesihatan/kadar-perkhidmatan/caj-rawatan,2025-09-23,2026-08-25T14:22:02.410314+00:00
moh_treatment-30afc998f62f34aa,national_reference,MOH_TREATMENT,,,National,Occupational Therapy,Terapi cermin,Terapi cermin,occupational therapy service,Malaysian,citizen,Inpatient,Class 2,,10.0,,10,,Ministry of Health Malaysia – Caj Rawatan,https://www.moh.gov.my/teras/info-kesihatan/kadar-perkhidmatan/caj-rawatan,2025-09-23,2026-08-25T14:22:02.410314+00:00
moh_treatment-179f2970063044eb,national_reference,MOH_TREATMENT,,,National,Occupational Therapy,Terapi cermin,Terapi cermin,occupational therapy service,Malaysian,citizen,Inpatient,Class 3,,0.0,,Percuma,,Ministry of Health Malaysia – Caj Rawatan,https://www.moh.gov.my/teras/info-kesihatan/kadar-perkhidmatan/caj-rawatan,2025-09-23,2026-08-25T14:22:02.410314+00:00
moh_treatment-5155f82ca5bf285c,national_reference,MOH_TREATMENT,,,National,Occupational Therapy,Terapi tingkah laku,Terapi tingkah laku,occupational therapy service,Malaysian,citizen,Inpatient,Class 1,,20.0,,20,,Ministry of Health Malaysia – Caj Rawatan,https://www.moh.gov.my/teras/info-kesihatan/kadar-perkhidmatan/caj-rawatan,2025-09-23,2026-08-25T14:22:02.410314+00:00
moh_treatment-3bb054cbf9b9213b,national_reference,MOH_TREATMENT,,,National,Occupational Therapy,Terapi tingkah laku,Terapi tingkah laku,occupational therapy service,Malaysian,citizen,Inpatient,Class 2,,10.0,,10,,Ministry of Health Malaysia – Caj Rawatan,https://www.moh.gov.my/teras/info-kesihatan/kadar-perkhidmatan/caj-rawatan,2025-09-23,2026-08-25T14:22:02.410314+00:00
moh_treatment-7b4bb4498bfa471d,national_reference,MOH_TREATMENT,,,National,Occupational Therapy,Terapi tingkah laku,Terapi tingkah laku,occupational therapy service,Malaysian,citizen,Inpatient,Class 3,,0.0,,Percuma,,Ministry of Health Malaysia – Caj Rawatan,https://www.moh.gov.my/teras/info-kesihatan/kadar-perkhidmatan/caj-rawatan,2025-09-23,2026-08-25T14:22:02.410314+00:00
moh_treatment-139a3d63146fb281,national_reference,MOH_TREATMENT,,,National,Occupational Therapy,Terapi seni,Terapi seni,occupational therapy service,Malaysian,citizen,Inpatient,Class 1,,20.0,,20,,Ministry of Health Malaysia – Caj Rawatan,https://www.moh.gov.my/teras/info-kesihatan/kadar-perkhidmatan/caj-rawatan,2025-09-23,2026-08-25T14:22:02.410314+00:00
moh_treatment-86defe9fefae5a5d,national_reference,MOH_TREATMENT,,,National,Occupational Therapy,Terapi seni,Terapi seni,occupational therapy service,Malaysian,citizen,Inpatient,Class 2,,10.0,,10,,Ministry of Health Malaysia – Caj Rawatan,https://www.moh.gov.my/teras/info-kesihatan/kadar-perkhidmatan/caj-rawatan,2025-09-23,2026-08-25T14:22:02.410314+00:00
moh_treatment-5b1d12058b2502a8,national_reference,MOH_TREATMENT,,,National,Occupational Therapy,Terapi seni,Terapi seni,occupational therapy service,Malaysian,citizen,Inpatient,Class 3,,0.0,,Percuma,,Ministry of Health Malaysia – Caj Rawatan,https://www.moh.gov.my/teras/info-kesihatan/kadar-perkhidmatan/caj-rawatan,2025-09-23,2026-08-25T14:22:02.410314+00:00
moh_treatment-feca43b515d21482,national_reference,MOH_TREATMENT,,,National,Occupational Therapy,Drama/ Lakon peranan,Drama/ Lakon peranan,occupational therapy service,Malaysian,citizen,Inpatient,Class 1,,20.0,,20,,Ministry of Health Malaysia – Caj Rawatan,https://www.moh.gov.my/teras/info-kesihatan/kadar-perkhidmatan/caj-rawatan,2025-09-23,2026-08-25T14:22:02.410314+00:00
moh_treatment-d9cbd1fa5a86f34c,national_reference,MOH_TREATMENT,,,National,Occupational Therapy,Drama/ Lakon peranan,Drama/ Lakon peranan,occupational therapy service,Malaysian,citizen,Inpatient,Class 2,,10.0,,10,,Ministry of Health Malaysia – Caj Rawatan,https://www.moh.gov.my/teras/info-kesihatan/kadar-perkhidmatan/caj-rawatan,2025-09-23,2026-08-25T14:22:02.410314+00:00
moh_treatment-b3ad65c4f32941ce,national_reference,MOH_TREATMENT,,,National,Occupational Therapy,Drama/ Lakon peranan,Drama/ Lakon peranan,occupational therapy service,Malaysian,citizen,Inpatient,Class 3,,0.0,,Percuma,,Ministry of Health Malaysia – Caj Rawatan,https://www.moh.gov.my/teras/info-kesihatan/kadar-perkhidmatan/caj-rawatan,2025-09-23,2026-08-25T14:22:02.410314+00:00
moh_treatment-381c3c0651845db1,national_reference,MOH_TREATMENT,,,National,Occupational Therapy,Terapi muzik,Terapi muzik,occupational therapy service,Malaysian,citizen,Inpatient,Class 1,,20.0,,20,,Ministry of Health Malaysia – Caj Rawatan,https://www.moh.gov.my/teras/info-kesihatan/kadar-perkhidmatan/caj-rawatan,2025-09-23,2026-08-25T14:22:02.410314+00:00
moh_treatment-b58acb508bee46a9,national_reference,MOH_TREATMENT,,,National,Occupational Therapy,Terapi muzik,Terapi muzik,occupational therapy service,Malaysian,citizen,Inpatient,Class 2,,10.0,,10,,Ministry of Health Malaysia – Caj Rawatan,https://www.moh.gov.my/teras/info-kesihatan/kadar-perkhidmatan/caj-rawatan,2025-09-23,2026-08-25T14:22:02.410314+00:00
moh_treatment-1948e34cc5c54663,national_reference,MOH_TREATMENT,,,National,Occupational Therapy,Terapi muzik,Terapi muzik,occupational therapy service,Malaysian,citizen,Inpatient,Class 3,,0.0,,Percuma,,Ministry of Health Malaysia – Caj Rawatan,https://www.moh.gov.my/teras/info-kesihatan/kadar-perkhidmatan/caj-rawatan,2025-09-23,2026-08-25T14:22:02.410314+00:00
moh_treatment-a538e90f94734311,national_reference,MOH_TREATMENT,,,National,Occupational Therapy,Latihan asertif,Latihan asertif,occupational therapy service,Malaysian,citizen,Inpatient,Class 1,,20.0,,20,,Ministry of Health Malaysia – Caj Rawatan,https://www.moh.gov.my/teras/info-kesihatan/kadar-perkhidmatan/caj-rawatan,2025-09-23,2026-08-25T14:22:02.410314+00:00
moh_treatment-acd5eef8d883ffc3,national_reference,MOH_TREATMENT,,,National,Occupational Therapy,Latihan asertif,Latihan asertif,occupational therapy service,Malaysian,citizen,Inpatient,Class 2,,10.0,,10,,Ministry of Health Malaysia – Caj Rawatan,https://www.moh.gov.my/teras/info-kesihatan/kadar-perkhidmatan/caj-rawatan,2025-09-23,2026-08-25T14:22:02.410314+00:00
moh_treatment-ddee6fda17ced6bf,national_reference,MOH_TREATMENT,,,National,Occupational Therapy,Latihan asertif,Latihan asertif,occupational therapy service,Malaysian,citizen,Inpatient,Class 3,,0.0,,Percuma,,Ministry of Health Malaysia – Caj Rawatan,https://www.moh.gov.my/teras/info-kesihatan/kadar-perkhidmatan/caj-rawatan,2025-09-23,2026-08-25T14:22:02.410314+00:00
moh_treatment-e1189c12c6d135b2,national_reference,MOH_TREATMENT,,,National,Occupational Therapy,Latihan kemahiran daya tindak,Latihan kemahiran daya tindak,occupational therapy service,Malaysian,citizen,Inpatient,Class 1,,20.0,,20,,Ministry of Health Malaysia – Caj Rawatan,https://www.moh.gov.my/teras/info-kesihatan/kadar-perkhidmatan/caj-rawatan,2025-09-23,2026-08-25T14:22:02.410314+00:00
moh_treatment-cade804a892afbe0,national_reference,MOH_TREATMENT,,,National,Occupational Therapy,Latihan kemahiran daya tindak,Latihan kemahiran daya tindak,occupational therapy service,Malaysian,citizen,Inpatient,Class 2,,10.0,,10,,Ministry of Health Malaysia – Caj Rawatan,https://www.moh.gov.my/teras/info-kesihatan/kadar-perkhidmatan/caj-rawatan,2025-09-23,2026-08-25T14:22:02.410314+00:00
moh_treatment-a4123833102c1fdd,national_reference,MOH_TREATMENT,,,National,Occupational Therapy,Latihan kemahiran daya tindak,Latihan kemahiran daya tindak,occupational therapy service,Malaysian,citizen,Inpatient,Class 3,,0.0,,Percuma,,Ministry of Health Malaysia – Caj Rawatan,https://www.moh.gov.my/teras/info-kesihatan/kadar-perkhidmatan/caj-rawatan,2025-09-23,2026-08-25T14:22:02.410314+00:00
moh_treatment-ed942a50cb97f24a,national_reference,MOH_TREATMENT,,,National,Occupational Therapy,Kumpulan sokongan,Kumpulan sokongan,occupational therapy service,Malaysian,citizen,Inpatient,Class 1,,20.0,,20,,Ministry of Health Malaysia – Caj Rawatan,https://www.moh.gov.my/teras/info-kesihatan/kadar-perkhidmatan/caj-rawatan,2025-09-23,2026-08-25T14:22:02.410314+00:00
moh_treatment-175e1b5ad4c00265,national_reference,MOH_TREATMENT,,,National,Occupational Therapy,Kumpulan sokongan,Kumpulan sokongan,occupational therapy service,Malaysian,citizen,Inpatient,Class 2,,10.0,,10,,Ministry of Health Malaysia – Caj Rawatan,https://www.moh.gov.my/teras/info-kesihatan/kadar-perkhidmatan/caj-rawatan,2025-09-23,2026-08-25T14:22:02.410314+00:00
moh_treatment-862371e70f01a97f,national_reference,MOH_TREATMENT,,,National,Occupational Therapy,Kumpulan sokongan,Kumpulan sokongan,occupational therapy service,Malaysian,citizen,Inpatient,Class 3,,0.0,,Percuma,,Ministry of Health Malaysia – Caj Rawatan,https://www.moh.gov.my/teras/info-kesihatan/kadar-perkhidmatan/caj-rawatan,2025-09-23,2026-08-25T14:22:02.410314+00:00
moh_treatment-8ff88572be255c68,national_reference,MOH_TREATMENT,,,National,Occupational Therapy,Terapi berkumpulan,Terapi berkumpulan,occupational therapy service,Malaysian,citizen,Inpatient,Class 1,,20.0,,20,,Ministry of Health Malaysia – Caj Rawatan,https://www.moh.gov.my/teras/info-kesihatan/kadar-perkhidmatan/caj-rawatan,2025-09-23,2026-08-25T14:22:02.410314+00:00
moh_treatment-72632d7e8bd6a766,national_reference,MOH_TREATMENT,,,National,Occupational Therapy,Terapi berkumpulan,Terapi berkumpulan,occupational therapy service,Malaysian,citizen,Inpatient,Class 2,,10.0,,10,,Ministry of Health Malaysia – Caj Rawatan,https://www.moh.gov.my/teras/info-kesihatan/kadar-perkhidmatan/caj-rawatan,2025-09-23,2026-08-25T14:22:02.410314+00:00
moh_treatment-78a438284b58e4ea,national_reference,MOH_TREATMENT,,,National,Occupational Therapy,Terapi berkumpulan,Terapi berkumpulan,occupational therapy service,Malaysian,citizen,Inpatient,Class 3,,0.0,,Percuma,,Ministry of Health Malaysia – Caj Rawatan,https://www.moh.gov.my/teras/info-kesihatan/kadar-perkhidmatan/caj-rawatan,2025-09-23,2026-08-25T14:22:02.410314+00:00
moh_treatment-d8273fc4cd8e4aac,national_reference,MOH_TREATMENT,,,National,Occupational Therapy,Terapi individu,Terapi individu,occupational therapy service,Malaysian,citizen,Inpatient,Class 1,,20.0,,20,,Ministry of Health Malaysia – Caj Rawatan,https://www.moh.gov.my/teras/info-kesihatan/kadar-perkhidmatan/caj-rawatan,2025-09-23,2026-08-25T14:22:02.410314+00:00
moh_treatment-8870621c4961de62,national_reference,MOH_TREATMENT,,,National,Occupational Therapy,Terapi individu,Terapi individu,occupational therapy service,Malaysian,citizen,Inpatient,Class 2,,10.0,,10,,Ministry of Health Malaysia – Caj Rawatan,https://www.moh.gov.my/teras/info-kesihatan/kadar-perkhidmatan/caj-rawatan,2025-09-23,2026-08-25T14:22:02.410314+00:00
moh_treatment-985df2f03ac26b96,national_reference,MOH_TREATMENT,,,National,Occupational Therapy,Terapi individu,Terapi individu,occupational therapy service,Malaysian,citizen,Inpatient,Class 3,,0.0,,Percuma,,Ministry of Health Malaysia – Caj Rawatan,https://www.moh.gov.my/teras/info-kesihatan/kadar-perkhidmatan/caj-rawatan,2025-09-23,2026-08-25T14:22:02.410314+00:00
moh_treatment-c90d0f066a911678,national_reference,MOH_TREATMENT,,,National,Occupational Therapy,Kemahiran interpersonal,Kemahiran interpersonal,occupational therapy service,Malaysian,citizen,Inpatient,Class 1,,20.0,,20,,Ministry of Health Malaysia – Caj Rawatan,https://www.moh.gov.my/teras/info-kesihatan/kadar-perkhidmatan/caj-rawatan,2025-09-23,2026-08-25T14:22:02.410314+00:00
moh_treatment-9479d4a9f2ab7c7d,national_reference,MOH_TREATMENT,,,National,Occupational Therapy,Kemahiran interpersonal,Kemahiran interpersonal,occupational therapy service,Malaysian,citizen,Inpatient,Class 2,,10.0,,10,,Ministry of Health Malaysia – Caj Rawatan,https://www.moh.gov.my/teras/info-kesihatan/kadar-perkhidmatan/caj-rawatan,2025-09-23,2026-08-25T14:22:02.410314+00:00
moh_treatment-21d27935535a5526,national_reference,MOH_TREATMENT,,,National,Occupational Therapy,Kemahiran interpersonal,Kemahiran interpersonal,occupational therapy service,Malaysian,citizen,Inpatient,Class 3,,0.0,,Percuma,,Ministry of Health Malaysia – Caj Rawatan,https://www.moh.gov.my/teras/info-kesihatan/kadar-perkhidmatan/caj-rawatan,2025-09-23,2026-08-25T14:22:02.410314+00:00
moh_treatment-cb8c8b6705aa7fc0,national_reference,MOH_TREATMENT,,,National,Occupational Therapy,Aktiviti kesedaran diri,Aktiviti kesedaran diri,occupational therapy service,Malaysian,citizen,Inpatient,Class 1,,20.0,,20,,Ministry of Health Malaysia – Caj Rawatan,https://www.moh.gov.my/teras/info-kesihatan/kadar-perkhidmatan/caj-rawatan,2025-09-23,2026-08-25T14:22:02.410314+00:00
moh_treatment-4c91a279a80533da,national_reference,MOH_TREATMENT,,,National,Occupational Therapy,Aktiviti kesedaran diri,Aktiviti kesedaran diri,occupational therapy service,Malaysian,citizen,Inpatient,Class 2,,10.0,,10,,Ministry of Health Malaysia – Caj Rawatan,https://www.moh.gov.my/teras/info-kesihatan/kadar-perkhidmatan/caj-rawatan,2025-09-23,2026-08-25T14:22:02.410314+00:00
moh_treatment-af6b2cddbc72435d,national_reference,MOH_TREATMENT,,,National,Occupational Therapy,Aktiviti kesedaran diri,Aktiviti kesedaran diri,occupational therapy service,Malaysian,citizen,Inpatient,Class 3,,0.0,,Percuma,,Ministry of Health Malaysia – Caj Rawatan,https://www.moh.gov.my/teras/info-kesihatan/kadar-perkhidmatan/caj-rawatan,2025-09-23,2026-08-25T14:22:02.410314+00:00
moh_treatment-dddd4b61d7875edb,national_reference,MOH_TREATMENT,,,National,Occupational Therapy,Kawalan diri,Kawalan diri,occupational therapy service,Malaysian,citizen,Inpatient,Class 1,,20.0,,20,,Ministry of Health Malaysia – Caj Rawatan,https://www.moh.gov.my/teras/info-kesihatan/kadar-perkhidmatan/caj-rawatan,2025-09-23,2026-08-25T14:22:02.410314+00:00
moh_treatment-8e86c1377776fc2c,national_reference,MOH_TREATMENT,,,National,Occupational Therapy,Kawalan diri,Kawalan diri,occupational therapy service,Malaysian,citizen,Inpatient,Class 2,,10.0,,10,,Ministry of Health Malaysia – Caj Rawatan,https://www.moh.gov.my/teras/info-kesihatan/kadar-perkhidmatan/caj-rawatan,2025-09-23,2026-08-25T14:22:02.410314+00:00
moh_treatment-1605c77a66752307,national_reference,MOH_TREATMENT,,,National,Occupational Therapy,Kawalan diri,Kawalan diri,occupational therapy service,Malaysian,citizen,Inpatient,Class 3,,0.0,,Percuma,,Ministry of Health Malaysia – Caj Rawatan,https://www.moh.gov.my/teras/info-kesihatan/kadar-perkhidmatan/caj-rawatan,2025-09-23,2026-08-25T14:22:02.410314+00:00
moh_treatment-4a5f32e88928d706,national_reference,MOH_TREATMENT,,,National,Occupational Therapy,Ekspresi diri,Ekspresi diri,occupational therapy service,Malaysian,citizen,Inpatient,Class 1,,20.0,,20,,Ministry of Health Malaysia – Caj Rawatan,https://www.moh.gov.my/teras/info-kesihatan/kadar-perkhidmatan/caj-rawatan,2025-09-23,2026-08-25T14:22:02.410314+00:00
moh_treatment-75625df42cd431d5,national_reference,MOH_TREATMENT,,,National,Occupational Therapy,Ekspresi diri,Ekspresi diri,occupational therapy service,Malaysian,citizen,Inpatient,Class 2,,10.0,,10,,Ministry of Health Malaysia – Caj Rawatan,https://www.moh.gov.my/teras/info-kesihatan/kadar-perkhidmatan/caj-rawatan,2025-09-23,2026-08-25T14:22:02.410314+00:00
moh_treatment-abe8480bd2717230,national_reference,MOH_TREATMENT,,,National,Occupational Therapy,Ekspresi diri,Ekspresi diri,occupational therapy service,Malaysian,citizen,Inpatient,Class 3,,0.0,,Percuma,,Ministry of Health Malaysia – Caj Rawatan,https://www.moh.gov.my/teras/info-kesihatan/kadar-perkhidmatan/caj-rawatan,2025-09-23,2026-08-25T14:22:02.410314+00:00
moh_treatment-5a45c3f519f4e562,national_reference,MOH_TREATMENT,,,National,Occupational Therapy,Pelakuan sosial,Pelakuan sosial,occupational therapy service,Malaysian,citizen,Inpatient,Class 1,,20.0,,20,,Ministry of Health Malaysia – Caj Rawatan,https://www.moh.gov.my/teras/info-kesihatan/kadar-perkhidmatan/caj-rawatan,2025-09-23,2026-08-25T14:22:02.410314+00:00
moh_treatment-2154f6ee314adcf9,national_reference,MOH_TREATMENT,,,National,Occupational Therapy,Pelakuan sosial,Pelakuan sosial,occupational therapy service,Malaysian,citizen,Inpatient,Class 2,,10.0,,10,,Ministry of Health Malaysia – Caj Rawatan,https://www.moh.gov.my/teras/info-kesihatan/kadar-perkhidmatan/caj-rawatan,2025-09-23,2026-08-25T14:22:02.410314+00:00
moh_treatment-300766ff5cefb40e,national_reference,MOH_TREATMENT,,,National,Occupational Therapy,Pelakuan sosial,Pelakuan sosial,occupational therapy service,Malaysian,citizen,Inpatient,Class 3,,0.0,,Percuma,,Ministry of Health Malaysia – Caj Rawatan,https://www.moh.gov.my/teras/info-kesihatan/kadar-perkhidmatan/caj-rawatan,2025-09-23,2026-08-25T14:22:02.410314+00:00
moh_treatment-4d4a14b60c21b7ad,national_reference,MOH_TREATMENT,,,National,Occupational Therapy,Latihan kemahiran sosial,Latihan kemahiran sosial,occupational therapy service,Malaysian,citizen,Inpatient,Class 1,,20.0,,20,,Ministry of Health Malaysia – Caj Rawatan,https://www.moh.gov.my/teras/info-kesihatan/kadar-perkhidmatan/caj-rawatan,2025-09-23,2026-08-25T14:22:02.410314+00:00
moh_treatment-8b82cb910c99128d,national_reference,MOH_TREATMENT,,,National,Occupational Therapy,Latihan kemahiran sosial,Latihan kemahiran sosial,occupational therapy service,Malaysian,citizen,Inpatient,Class 2,,10.0,,10,,Ministry of Health Malaysia – Caj Rawatan,https://www.moh.gov.my/teras/info-kesihatan/kadar-perkhidmatan/caj-rawatan,2025-09-23,2026-08-25T14:22:02.410314+00:00
moh_treatment-c1d73f42bb40b7f1,national_reference,MOH_TREATMENT,,,National,Occupational Therapy,Latihan kemahiran sosial,Latihan kemahiran sosial,occupational therapy service,Malaysian,citizen,Inpatient,Class 3,,0.0,,Percuma,,Ministry of Health Malaysia – Caj Rawatan,https://www.moh.gov.my/teras/info-kesihatan/kadar-perkhidmatan/caj-rawatan,2025-09-23,2026-08-25T14:22:02.410314+00:00
moh_treatment-6ce8151937b4f84e,national_reference,MOH_TREATMENT,,,National,Occupational Therapy,Pengurusan masa,Pengurusan masa,occupational therapy service,Malaysian,citizen,Inpatient,Class 1,,20.0,,20,,Ministry of Health Malaysia – Caj Rawatan,https://www.moh.gov.my/teras/info-kesihatan/kadar-perkhidmatan/caj-rawatan,2025-09-23,2026-08-25T14:22:02.410314+00:00
moh_treatment-4394b54e6262443f,national_reference,MOH_TREATMENT,,,National,Occupational Therapy,Pengurusan masa,Pengurusan masa,occupational therapy service,Malaysian,citizen,Inpatient,Class 2,,10.0,,10,,Ministry of Health Malaysia – Caj Rawatan,https://www.moh.gov.my/teras/info-kesihatan/kadar-perkhidmatan/caj-rawatan,2025-09-23,2026-08-25T14:22:02.410314+00:00
moh_treatment-59fe477572b99d6a,national_reference,MOH_TREATMENT,,,National,Occupational Therapy,Pengurusan masa,Pengurusan masa,occupational therapy service,Malaysian,citizen,Inpatient,Class 3,,0.0,,Percuma,,Ministry of Health Malaysia – Caj Rawatan,https://www.moh.gov.my/teras/info-kesihatan/kadar-perkhidmatan/caj-rawatan,2025-09-23,2026-08-25T14:22:02.410314+00:00
moh_treatment-a2916087e5c5fbd8,national_reference,MOH_TREATMENT,,,National,Occupational Therapy,Senarai semak peranan,Senarai semak peranan,occupational therapy service,Malaysian,citizen,Inpatient,Class 1,,20.0,,20,,Ministry of Health Malaysia – Caj Rawatan,https://www.moh.gov.my/teras/info-kesihatan/kadar-perkhidmatan/caj-rawatan,2025-09-23,2026-08-25T14:22:02.410314+00:00
moh_treatment-fb34dd9d0f986c2c,national_reference,MOH_TREATMENT,,,National,Occupational Therapy,Senarai semak peranan,Senarai semak peranan,occupational therapy service,Malaysian,citizen,Inpatient,Class 2,,10.0,,10,,Ministry of Health Malaysia – Caj Rawatan,https://www.moh.gov.my/teras/info-kesihatan/kadar-perkhidmatan/caj-rawatan,2025-09-23,2026-08-25T14:22:02.410314+00:00
moh_treatment-8c8dd787c6ba156a,national_reference,MOH_TREATMENT,,,National,Occupational Therapy,Mekanik dan ergonomik badan,Mekanik dan ergonomik badan,occupational therapy service,Malaysian,citizen,Inpatient,Class 1,,20.0,,20,,Ministry of Health Malaysia – Caj Rawatan,https://www.moh.gov.my/teras/info-kesihatan/kadar-perkhidmatan/caj-rawatan,2025-09-23,2026-08-25T14:22:02.410314+00:00
moh_treatment-48d7c0bed4021cad,national_reference,MOH_TREATMENT,,,National,Occupational Therapy,Mekanik dan ergonomik badan,Mekanik dan ergonomik badan,occupational therapy service,Malaysian,citizen,Inpatient,Class 2,,10.0,,10,,Ministry of Health Malaysia – Caj Rawatan,https://www.moh.gov.my/teras/info-kesihatan/kadar-perkhidmatan/caj-rawatan,2025-09-23,2026-08-25T14:22:02.410314+00:00
moh_treatment-4e651766bb588601,national_reference,MOH_TREATMENT,,,National,Occupational Therapy,Mekanik dan ergonomik badan,Mekanik dan ergonomik badan,occupational therapy service,Malaysian,citizen,Inpatient,Class 3,,0.0,,Percuma,,Ministry of Health Malaysia – Caj Rawatan,https://www.moh.gov.my/teras/info-kesihatan/kadar-perkhidmatan/caj-rawatan,2025-09-23,2026-08-25T14:22:02.410314+00:00
moh_treatment-9097e9222e2caaa2,national_reference,MOH_TREATMENT,,,National,Occupational Therapy,Kawalan dan pencegahan edema,Kawalan dan pencegahan edema,occupational therapy service,Malaysian,citizen,Inpatient,Class 1,,20.0,,20,,Ministry of Health Malaysia – Caj Rawatan,https://www.moh.gov.my/teras/info-kesihatan/kadar-perkhidmatan/caj-rawatan,2025-09-23,2026-08-25T14:22:02.410314+00:00
moh_treatment-813da6bf23a58969,national_reference,MOH_TREATMENT,,,National,Occupational Therapy,Kawalan dan pencegahan edema,Kawalan dan pencegahan edema,occupational therapy service,Malaysian,citizen,Inpatient,Class 2,,10.0,,10,,Ministry of Health Malaysia – Caj Rawatan,https://www.moh.gov.my/teras/info-kesihatan/kadar-perkhidmatan/caj-rawatan,2025-09-23,2026-08-25T14:22:02.410314+00:00
moh_treatment-0fef9f7833a8e5e7,national_reference,MOH_TREATMENT,,,National,Occupational Therapy,Kawalan dan pencegahan edema,Kawalan dan pencegahan edema,occupational therapy service,Malaysian,citizen,Inpatient,Class 3,,0.0,,Percuma,,Ministry of Health Malaysia – Caj Rawatan,https://www.moh.gov.my/teras/info-kesihatan/kadar-perkhidmatan/caj-rawatan,2025-09-23,2026-08-25T14:22:02.410314+00:00
moh_treatment-63e7421552da064f,national_reference,MOH_TREATMENT,,,National,Occupational Therapy,Penjimatan tenaga/ pemudahan kerja,Penjimatan tenaga/ pemudahan kerja,occupational therapy service,Malaysian,citizen,Inpatient,Class 1,,20.0,,20,,Ministry of Health Malaysia – Caj Rawatan,https://www.moh.gov.my/teras/info-kesihatan/kadar-perkhidmatan/caj-rawatan,2025-09-23,2026-08-25T14:22:02.410314+00:00
moh_treatment-5e5840c6ca78d2ed,national_reference,MOH_TREATMENT,,,National,Occupational Therapy,Penjimatan tenaga/ pemudahan kerja,Penjimatan tenaga/ pemudahan kerja,occupational therapy service,Malaysian,citizen,Inpatient,Class 2,,10.0,,10,,Ministry of Health Malaysia – Caj Rawatan,https://www.moh.gov.my/teras/info-kesihatan/kadar-perkhidmatan/caj-rawatan,2025-09-23,2026-08-25T14:22:02.410314+00:00
moh_treatment-455157c960d90b95,national_reference,MOH_TREATMENT,,,National,Occupational Therapy,Penjimatan tenaga/ pemudahan kerja,Penjimatan tenaga/ pemudahan kerja,occupational therapy service,Malaysian,citizen,Inpatient,Class 3,,0.0,,Percuma,,Ministry of Health Malaysia – Caj Rawatan,https://www.moh.gov.my/teras/info-kesihatan/kadar-perkhidmatan/caj-rawatan,2025-09-23,2026-08-25T14:22:02.410314+00:00
moh_treatment-470d7e6be8cfe254,national_reference,MOH_TREATMENT,,,National,Occupational Therapy,Terapi persekitaran,Terapi persekitaran,occupational therapy service,Malaysian,citizen,Inpatient,Class 1,,20.0,,20,,Ministry of Health Malaysia – Caj Rawatan,https://www.moh.gov.my/teras/info-kesihatan/kadar-perkhidmatan/caj-rawatan,2025-09-23,2026-08-25T14:22:02.410314+00:00
moh_treatment-d2aa3abfb781cb43,national_reference,MOH_TREATMENT,,,National,Occupational Therapy,Terapi persekitaran,Terapi persekitaran,occupational therapy service,Malaysian,citizen,Inpatient,Class 2,,10.0,,10,,Ministry of Health Malaysia – Caj Rawatan,https://www.moh.gov.my/teras/info-kesihatan/kadar-perkhidmatan/caj-rawatan,2025-09-23,2026-08-25T14:22:02.410314+00:00
moh_treatment-371a9324938cf340,national_reference,MOH_TREATMENT,,,National,Occupational Therapy,Terapi persekitaran,Terapi persekitaran,occupational therapy service,Malaysian,citizen,Inpatient,Class 3,,0.0,,Percuma,,Ministry of Health Malaysia – Caj Rawatan,https://www.moh.gov.my/teras/info-kesihatan/kadar-perkhidmatan/caj-rawatan,2025-09-23,2026-08-25T14:22:02.410314+00:00
moh_treatment-5620ca1443d069aa,national_reference,MOH_TREATMENT,,,National,Occupational Therapy,Teknik penjagaan sendi,Teknik penjagaan sendi,occupational therapy service,Malaysian,citizen,Inpatient,Class 1,,20.0,,20,,Ministry of Health Malaysia – Caj Rawatan,https://www.moh.gov.my/teras/info-kesihatan/kadar-perkhidmatan/caj-rawatan,2025-09-23,2026-08-25T14:22:02.410314+00:00
moh_treatment-b30304fd78f27e3d,national_reference,MOH_TREATMENT,,,National,Occupational Therapy,Teknik penjagaan sendi,Teknik penjagaan sendi,occupational therapy service,Malaysian,citizen,Inpatient,Class 2,,10.0,,10,,Ministry of Health Malaysia – Caj Rawatan,https://www.moh.gov.my/teras/info-kesihatan/kadar-perkhidmatan/caj-rawatan,2025-09-23,2026-08-25T14:22:02.410314+00:00
moh_treatment-3526e571bbbbf75c,national_reference,MOH_TREATMENT,,,National,Occupational Therapy,Teknik penjagaan sendi,Teknik penjagaan sendi,occupational therapy service,Malaysian,citizen,Inpatient,Class 3,,0.0,,Percuma,,Ministry of Health Malaysia – Caj Rawatan,https://www.moh.gov.my/teras/info-kesihatan/kadar-perkhidmatan/caj-rawatan,2025-09-23,2026-08-25T14:22:02.410314+00:00
moh_treatment-b37bfd9766cf6faf,national_reference,MOH_TREATMENT,,,National,Occupational Therapy,Senarai semak santai,Senarai semak santai,occupational therapy service,Malaysian,citizen,Inpatient,Class 1,,20.0,,20,,Ministry of Health Malaysia – Caj Rawatan,https://www.moh.gov.my/teras/info-kesihatan/kadar-perkhidmatan/caj-rawatan,2025-09-23,2026-08-25T14:22:02.410314+00:00
moh_treatment-4b9f6f2bfd7dea5d,national_reference,MOH_TREATMENT,,,National,Occupational Therapy,Senarai semak santai,Senarai semak santai,occupational therapy service,Malaysian,citizen,Inpatient,Class 2,,10.0,,10,,Ministry of Health Malaysia – Caj Rawatan,https://www.moh.gov.my/teras/info-kesihatan/kadar-perkhidmatan/caj-rawatan,2025-09-23,2026-08-25T14:22:02.410314+00:00
moh_treatment-4e94e3d005f935da,national_reference,MOH_TREATMENT,,,National,Occupational Therapy,Senarai semak santai,Senarai semak santai,occupational therapy service,Malaysian,citizen,Inpatient,Class 3,,0.0,,Percuma,,Ministry of Health Malaysia – Caj Rawatan,https://www.moh.gov.my/teras/info-kesihatan/kadar-perkhidmatan/caj-rawatan,2025-09-23,2026-08-25T14:22:02.410314+00:00
moh_treatment-117c8e3cd9e1669c,national_reference,MOH_TREATMENT,,,National,Occupational Therapy,Eksplorasi main dan santai,Eksplorasi main dan santai,occupational therapy service,Malaysian,citizen,Inpatient,Class 1,,20.0,,20,,Ministry of Health Malaysia – Caj Rawatan,https://www.moh.gov.my/teras/info-kesihatan/kadar-perkhidmatan/caj-rawatan,2025-09-23,2026-08-25T14:22:02.410314+00:00
moh_treatment-f8def5a3490f1ea1,national_reference,MOH_TREATMENT,,,National,Occupational Therapy,Eksplorasi main dan santai,Eksplorasi main dan santai,occupational therapy service,Malaysian,citizen,Inpatient,Class 2,,10.0,,10,,Ministry of Health Malaysia – Caj Rawatan,https://www.moh.gov.my/teras/info-kesihatan/kadar-perkhidmatan/caj-rawatan,2025-09-23,2026-08-25T14:22:02.410314+00:00
moh_treatment-e993539cec4d05fb,national_reference,MOH_TREATMENT,,,National,Occupational Therapy,Eksplorasi main dan santai,Eksplorasi main dan santai,occupational therapy service,Malaysian,citizen,Inpatient,Class 3,,0.0,,Percuma,,Ministry of Health Malaysia – Caj Rawatan,https://www.moh.gov.my/teras/info-kesihatan/kadar-perkhidmatan/caj-rawatan,2025-09-23,2026-08-25T14:22:02.410314+00:00
moh_treatment-0256d0233974ba29,national_reference,MOH_TREATMENT,,,National,Occupational Therapy,Latihan main dan santai,Latihan main dan santai,occupational therapy service,Malaysian,citizen,Inpatient,Class 1,,20.0,,20,,Ministry of Health Malaysia – Caj Rawatan,https://www.moh.gov.my/teras/info-kesihatan/kadar-perkhidmatan/caj-rawatan,2025-09-23,2026-08-25T14:22:02.410314+00:00
moh_treatment-e6059c5711167094,national_reference,MOH_TREATMENT,,,National,Occupational Therapy,Latihan main dan santai,Latihan main dan santai,occupational therapy service,Malaysian,citizen,Inpatient,Class 2,,10.0,,10,,Ministry of Health Malaysia – Caj Rawatan,https://www.moh.gov.my/teras/info-kesihatan/kadar-perkhidmatan/caj-rawatan,2025-09-23,2026-08-25T14:22:02.410314+00:00
moh_treatment-55c40078aa5de3d6,national_reference,MOH_TREATMENT,,,National,Occupational Therapy,Latihan main dan santai,Latihan main dan santai,occupational therapy service,Malaysian,citizen,Inpatient,Class 3,,0.0,,Percuma,,Ministry of Health Malaysia – Caj Rawatan,https://www.moh.gov.my/teras/info-kesihatan/kadar-perkhidmatan/caj-rawatan,2025-09-23,2026-08-25T14:22:02.410314+00:00
moh_treatment-277dc18437148944,national_reference,MOH_TREATMENT,,,National,Occupational Therapy,Biomaklumbalas,Biomaklumbalas,occupational therapy service,Malaysian,citizen,Inpatient,Class 1,,20.0,,20,,Ministry of Health Malaysia – Caj Rawatan,https://www.moh.gov.my/teras/info-kesihatan/kadar-perkhidmatan/caj-rawatan,2025-09-23,2026-08-25T14:22:02.410314+00:00
moh_treatment-5e106c129131c438,national_reference,MOH_TREATMENT,,,National,Occupational Therapy,Biomaklumbalas,Biomaklumbalas,occupational therapy service,Malaysian,citizen,Inpatient,Class 2,,10.0,,10,,Ministry of Health Malaysia – Caj Rawatan,https://www.moh.gov.my/teras/info-kesihatan/kadar-perkhidmatan/caj-rawatan,2025-09-23,2026-08-25T14:22:02.410314+00:00
moh_treatment-b65806a923c007c7,national_reference,MOH_TREATMENT,,,National,Occupational Therapy,Biomaklumbalas,Biomaklumbalas,occupational therapy service,Malaysian,citizen,Inpatient,Class 3,,0.0,,Percuma,,Ministry of Health Malaysia – Caj Rawatan,https://www.moh.gov.my/teras/info-kesihatan/kadar-perkhidmatan/caj-rawatan,2025-09-23,2026-08-25T14:22:02.410314+00:00
moh_treatment-e57e04d9301a3f5d,national_reference,MOH_TREATMENT,,,National,Occupational Therapy,Pernafasan dalam,Pernafasan dalam,occupational therapy service,Malaysian,citizen,Inpatient,Class 1,,20.0,,20,,Ministry of Health Malaysia – Caj Rawatan,https://www.moh.gov.my/teras/info-kesihatan/kadar-perkhidmatan/caj-rawatan,2025-09-23,2026-08-25T14:22:02.410314+00:00
moh_treatment-3f36ec4f2f4097bb,national_reference,MOH_TREATMENT,,,National,Occupational Therapy,Pernafasan dalam,Pernafasan dalam,occupational therapy service,Malaysian,citizen,Inpatient,Class 2,,10.0,,10,,Ministry of Health Malaysia – Caj Rawatan,https://www.moh.gov.my/teras/info-kesihatan/kadar-perkhidmatan/caj-rawatan,2025-09-23,2026-08-25T14:22:02.410314+00:00
moh_treatment-3718603aa3dde69a,national_reference,MOH_TREATMENT,,,National,Occupational Therapy,Pernafasan dalam,Pernafasan dalam,occupational therapy service,Malaysian,citizen,Inpatient,Class 3,,0.0,,Percuma,,Ministry of Health Malaysia – Caj Rawatan,https://www.moh.gov.my/teras/info-kesihatan/kadar-perkhidmatan/caj-rawatan,2025-09-23,2026-08-25T14:22:02.410314+00:00
moh_treatment-7e2c20b9242301c4,national_reference,MOH_TREATMENT,,,National,Occupational Therapy,Pernafasan diafragma,Pernafasan diafragma,occupational therapy service,Malaysian,citizen,Inpatient,Class 1,,20.0,,20,,Ministry of Health Malaysia – Caj Rawatan,https://www.moh.gov.my/teras/info-kesihatan/kadar-perkhidmatan/caj-rawatan,2025-09-23,2026-08-25T14:22:02.410314+00:00
moh_treatment-64812f4ca16e0aa7,national_reference,MOH_TREATMENT,,,National,Occupational Therapy,Pernafasan diafragma,Pernafasan diafragma,occupational therapy service,Malaysian,citizen,Inpatient,Class 2,,10.0,,10,,Ministry of Health Malaysia – Caj Rawatan,https://www.moh.gov.my/teras/info-kesihatan/kadar-perkhidmatan/caj-rawatan,2025-09-23,2026-08-25T14:22:02.410314+00:00
moh_treatment-02664dbbd219113e,national_reference,MOH_TREATMENT,,,National,Occupational Therapy,Pernafasan diafragma,Pernafasan diafragma,occupational therapy service,Malaysian,citizen,Inpatient,Class 3,,0.0,,Percuma,,Ministry of Health Malaysia – Caj Rawatan,https://www.moh.gov.my/teras/info-kesihatan/kadar-perkhidmatan/caj-rawatan,2025-09-23,2026-08-25T14:22:02.410314+00:00
moh_treatment-6a3ecc6d65f66ffc,national_reference,MOH_TREATMENT,,,National,Occupational Therapy,Relaksasi khayalan,Relaksasi khayalan,occupational therapy service,Malaysian,citizen,Inpatient,Class 1,,20.0,,20,,Ministry of Health Malaysia – Caj Rawatan,https://www.moh.gov.my/teras/info-kesihatan/kadar-perkhidmatan/caj-rawatan,2025-09-23,2026-08-25T14:22:02.410314+00:00
moh_treatment-6b9482501d221917,national_reference,MOH_TREATMENT,,,National,Occupational Therapy,Relaksasi khayalan,Relaksasi khayalan,occupational therapy service,Malaysian,citizen,Inpatient,Class 2,,10.0,,10,,Ministry of Health Malaysia – Caj Rawatan,https://www.moh.gov.my/teras/info-kesihatan/kadar-perkhidmatan/caj-rawatan,2025-09-23,2026-08-25T14:22:02.410314+00:00
moh_treatment-387c5e324ffdc15e,national_reference,MOH_TREATMENT,,,National,Occupational Therapy,Relaksasi khayalan,Relaksasi khayalan,occupational therapy service,Malaysian,citizen,Inpatient,Class 3,,0.0,,Percuma,,Ministry of Health Malaysia – Caj Rawatan,https://www.moh.gov.my/teras/info-kesihatan/kadar-perkhidmatan/caj-rawatan,2025-09-23,2026-08-25T14:22:02.410314+00:00
moh_treatment-99e595b284100181,national_reference,MOH_TREATMENT,,,National,Occupational Therapy,Teknik relaksasi otot progresif,Teknik relaksasi otot progresif,occupational therapy service,Malaysian,citizen,Inpatient,Class 1,,20.0,,20,,Ministry of Health Malaysia – Caj Rawatan,https://www.moh.gov.my/teras/info-kesihatan/kadar-perkhidmatan/caj-rawatan,2025-09-23,2026-08-25T14:22:02.410314+00:00
moh_treatment-ce87006725c4087a,national_reference,MOH_TREATMENT,,,National,Occupational Therapy,Teknik relaksasi otot progresif,Teknik relaksasi otot progresif,occupational therapy service,Malaysian,citizen,Inpatient,Class 2,,10.0,,10,,Ministry of Health Malaysia – Caj Rawatan,https://www.moh.gov.my/teras/info-kesihatan/kadar-perkhidmatan/caj-rawatan,2025-09-23,2026-08-25T14:22:02.410314+00:00
moh_treatment-e49b6e18ba6b9786,national_reference,MOH_TREATMENT,,,National,Occupational Therapy,Teknik relaksasi otot progresif,Teknik relaksasi otot progresif,occupational therapy service,Malaysian,citizen,Inpatient,Class 3,,0.0,,Percuma,,Ministry of Health Malaysia – Caj Rawatan,https://www.moh.gov.my/teras/info-kesihatan/kadar-perkhidmatan/caj-rawatan,2025-09-23,2026-08-25T14:22:02.410314+00:00
moh_treatment-a6d71383564cb7e3,national_reference,MOH_TREATMENT,,,National,Occupational Therapy,Penyahpekaan sensori,Penyahpekaan sensori,occupational therapy service,Malaysian,citizen,Inpatient,Class 1,,20.0,,20,,Ministry of Health Malaysia – Caj Rawatan,https://www.moh.gov.my/teras/info-kesihatan/kadar-perkhidmatan/caj-rawatan,2025-09-23,2026-08-25T14:22:02.410314+00:00
moh_treatment-ebbb87be4fd7e0f2,national_reference,MOH_TREATMENT,,,National,Occupational Therapy,Penyahpekaan sensori,Penyahpekaan sensori,occupational therapy service,Malaysian,citizen,Inpatient,Class 2,,10.0,,10,,Ministry of Health Malaysia – Caj Rawatan,https://www.moh.gov.my/teras/info-kesihatan/kadar-perkhidmatan/caj-rawatan,2025-09-23,2026-08-25T14:22:02.410314+00:00
moh_treatment-834e1dfddcd3e84b,national_reference,MOH_TREATMENT,,,National,Occupational Therapy,Penyahpekaan sensori,Penyahpekaan sensori,occupational therapy service,Malaysian,citizen,Inpatient,Class 3,,0.0,,Percuma,,Ministry of Health Malaysia – Caj Rawatan,https://www.moh.gov.my/teras/info-kesihatan/kadar-perkhidmatan/caj-rawatan,2025-09-23,2026-08-25T14:22:02.410314+00:00
moh_treatment-c8fde74a64c22e1c,national_reference,MOH_TREATMENT,,,National,Occupational Therapy,Integrasi sensori,Integrasi sensori,occupational therapy service,Malaysian,citizen,Inpatient,Class 1,,20.0,,20,,Ministry of Health Malaysia – Caj Rawatan,https://www.moh.gov.my/teras/info-kesihatan/kadar-perkhidmatan/caj-rawatan,2025-09-23,2026-08-25T14:22:02.410314+00:00
moh_treatment-5943ce12ee548d8a,national_reference,MOH_TREATMENT,,,National,Occupational Therapy,Integrasi sensori,Integrasi sensori,occupational therapy service,Malaysian,citizen,Inpatient,Class 2,,10.0,,10,,Ministry of Health Malaysia – Caj Rawatan,https://www.moh.gov.my/teras/info-kesihatan/kadar-perkhidmatan/caj-rawatan,2025-09-23,2026-08-25T14:22:02.410314+00:00
moh_treatment-a10d8aaf09593db2,national_reference,MOH_TREATMENT,,,National,Occupational Therapy,Integrasi sensori,Integrasi sensori,occupational therapy service,Malaysian,citizen,Inpatient,Class 3,,0.0,,Percuma,,Ministry of Health Malaysia – Caj Rawatan,https://www.moh.gov.my/teras/info-kesihatan/kadar-perkhidmatan/caj-rawatan,2025-09-23,2026-08-25T14:22:02.410314+00:00
moh_treatment-49fd5c86cbd9fdd0,national_reference,MOH_TREATMENT,,,National,Occupational Therapy,Pendidikan semula sensori,Pendidikan semula sensori,occupational therapy service,Malaysian,citizen,Inpatient,Class 1,,20.0,,20,,Ministry of Health Malaysia – Caj Rawatan,https://www.moh.gov.my/teras/info-kesihatan/kadar-perkhidmatan/caj-rawatan,2025-09-23,2026-08-25T14:22:02.410314+00:00
moh_treatment-867b60362f1a327e,national_reference,MOH_TREATMENT,,,National,Occupational Therapy,Pendidikan semula sensori,Pendidikan semula sensori,occupational therapy service,Malaysian,citizen,Inpatient,Class 2,,10.0,,10,,Ministry of Health Malaysia – Caj Rawatan,https://www.moh.gov.my/teras/info-kesihatan/kadar-perkhidmatan/caj-rawatan,2025-09-23,2026-08-25T14:22:02.410314+00:00
moh_treatment-b3fc7a17846ae482,national_reference,MOH_TREATMENT,,,National,Occupational Therapy,Pendidikan semula sensori,Pendidikan semula sensori,occupational therapy service,Malaysian,citizen,Inpatient,Class 3,,0.0,,Percuma,,Ministry of Health Malaysia – Caj Rawatan,https://www.moh.gov.my/teras/info-kesihatan/kadar-perkhidmatan/caj-rawatan,2025-09-23,2026-08-25T14:22:02.410314+00:00
moh_treatment-3e54315033478683,national_reference,MOH_TREATMENT,,,National,Occupational Therapy,Stimulasi sensori,Stimulasi sensori,occupational therapy service,Malaysian,citizen,Inpatient,Class 1,,20.0,,20,,Ministry of Health Malaysia – Caj Rawatan,https://www.moh.gov.my/teras/info-kesihatan/kadar-perkhidmatan/caj-rawatan,2025-09-23,2026-08-25T14:22:02.410314+00:00
moh_treatment-0315b3a23e71e7f3,national_reference,MOH_TREATMENT,,,National,Occupational Therapy,Stimulasi sensori,Stimulasi sensori,occupational therapy service,Malaysian,citizen,Inpatient,Class 2,,10.0,,10,,Ministry of Health Malaysia – Caj Rawatan,https://www.moh.gov.my/teras/info-kesihatan/kadar-perkhidmatan/caj-rawatan,2025-09-23,2026-08-25T14:22:02.410314+00:00
moh_treatment-6adc784804a86520,national_reference,MOH_TREATMENT,,,National,Occupational Therapy,Stimulasi sensori,Stimulasi sensori,occupational therapy service,Malaysian,citizen,Inpatient,Class 3,,0.0,,Percuma,,Ministry of Health Malaysia – Caj Rawatan,https://www.moh.gov.my/teras/info-kesihatan/kadar-perkhidmatan/caj-rawatan,2025-09-23,2026-08-25T14:22:02.410314+00:00
moh_treatment-540f43e9b7e260c5,national_reference,MOH_TREATMENT,,,National,Occupational Therapy,Fluidoterapi,Fluidoterapi,occupational therapy service,Malaysian,citizen,Inpatient,Class 1,,20.0,,20,,Ministry of Health Malaysia – Caj Rawatan,https://www.moh.gov.my/teras/info-kesihatan/kadar-perkhidmatan/caj-rawatan,2025-09-23,2026-08-25T14:22:02.410314+00:00
moh_treatment-dfa2b9a7bf280033,national_reference,MOH_TREATMENT,,,National,Occupational Therapy,Fluidoterapi,Fluidoterapi,occupational therapy service,Malaysian,citizen,Inpatient,Class 2,,10.0,,10,,Ministry of Health Malaysia – Caj Rawatan,https://www.moh.gov.my/teras/info-kesihatan/kadar-perkhidmatan/caj-rawatan,2025-09-23,2026-08-25T14:22:02.410314+00:00
moh_treatment-9073f9f706c9e28d,national_reference,MOH_TREATMENT,,,National,Occupational Therapy,Fluidoterapi,Fluidoterapi,occupational therapy service,Malaysian,citizen,Inpatient,Class 3,,0.0,,Percuma,,Ministry of Health Malaysia – Caj Rawatan,https://www.moh.gov.my/teras/info-kesihatan/kadar-perkhidmatan/caj-rawatan,2025-09-23,2026-08-25T14:22:02.410314+00:00
moh_treatment-da23ff537ff3bf3f,national_reference,MOH_TREATMENT,,,National,Occupational Therapy,Prostesis atas siku,Prostesis atas siku,occupational therapy service,Malaysian,citizen,Inpatient,Class 1,,20.0,,20,,Ministry of Health Malaysia – Caj Rawatan,https://www.moh.gov.my/teras/info-kesihatan/kadar-perkhidmatan/caj-rawatan,2025-09-23,2026-08-25T14:22:02.410314+00:00
moh_treatment-2d97ce53eca3da1f,national_reference,MOH_TREATMENT,,,National,Occupational Therapy,Prostesis atas siku,Prostesis atas siku,occupational therapy service,Malaysian,citizen,Inpatient,Class 2,,10.0,,10,,Ministry of Health Malaysia – Caj Rawatan,https://www.moh.gov.my/teras/info-kesihatan/kadar-perkhidmatan/caj-rawatan,2025-09-23,2026-08-25T14:22:02.410314+00:00
moh_treatment-7c9f6446dfcf1ec6,national_reference,MOH_TREATMENT,,,National,Occupational Therapy,Prostesis atas siku,Prostesis atas siku,occupational therapy service,Malaysian,citizen,Inpatient,Class 3,,0.0,,Percuma,,Ministry of Health Malaysia – Caj Rawatan,https://www.moh.gov.my/teras/info-kesihatan/kadar-perkhidmatan/caj-rawatan,2025-09-23,2026-08-25T14:22:02.410314+00:00
moh_treatment-36f046230f0a505d,national_reference,MOH_TREATMENT,,,National,Occupational Therapy,Prostesis atas lutut,Prostesis atas lutut,occupational therapy service,Malaysian,citizen,Inpatient,Class 1,,20.0,,20,,Ministry of Health Malaysia – Caj Rawatan,https://www.moh.gov.my/teras/info-kesihatan/kadar-perkhidmatan/caj-rawatan,2025-09-23,2026-08-25T14:22:02.410314+00:00
moh_treatment-3a1c06fa0589c71e,national_reference,MOH_TREATMENT,,,National,Occupational Therapy,Prostesis atas lutut,Prostesis atas lutut,occupational therapy service,Malaysian,citizen,Inpatient,Class 2,,10.0,,10,,Ministry of Health Malaysia – Caj Rawatan,https://www.moh.gov.my/teras/info-kesihatan/kadar-perkhidmatan/caj-rawatan,2025-09-23,2026-08-25T14:22:02.410314+00:00
moh_treatment-b4bc642ee0e4f7a9,national_reference,MOH_TREATMENT,,,National,Occupational Therapy,Prostesis atas lutut,Prostesis atas lutut,occupational therapy service,Malaysian,citizen,Inpatient,Class 3,,0.0,,Percuma,,Ministry of Health Malaysia – Caj Rawatan,https://www.moh.gov.my/teras/info-kesihatan/kadar-perkhidmatan/caj-rawatan,2025-09-23,2026-08-25T14:22:02.410314+00:00
moh_treatment-9f3755bf2418dad5,national_reference,MOH_TREATMENT,,,National,Occupational Therapy,Senaman bantuan aktif,Senaman bantuan aktif,occupational therapy service,Malaysian,citizen,Inpatient,Class 1,,20.0,,20,,Ministry of Health Malaysia – Caj Rawatan,https://www.moh.gov.my/teras/info-kesihatan/kadar-perkhidmatan/caj-rawatan,2025-09-23,2026-08-25T14:22:02.410314+00:00
moh_treatment-c9319911016997ac,national_reference,MOH_TREATMENT,,,National,Occupational Therapy,Senaman bantuan aktif,Senaman bantuan aktif,occupational therapy service,Malaysian,citizen,Inpatient,Class 2,,10.0,,10,,Ministry of Health Malaysia – Caj Rawatan,https://www.moh.gov.my/teras/info-kesihatan/kadar-perkhidmatan/caj-rawatan,2025-09-23,2026-08-25T14:22:02.410314+00:00
moh_treatment-186f201155ee3b70,national_reference,MOH_TREATMENT,,,National,Occupational Therapy,Senaman bantuan aktif,Senaman bantuan aktif,occupational therapy service,Malaysian,citizen,Inpatient,Class 3,,0.0,,Percuma,,Ministry of Health Malaysia – Caj Rawatan,https://www.moh.gov.my/teras/info-kesihatan/kadar-perkhidmatan/caj-rawatan,2025-09-23,2026-08-25T14:22:02.410314+00:00
moh_treatment-1bba260220960a76,national_reference,MOH_TREATMENT,,,National,Occupational Therapy,Prostesis bawah siku,Prostesis bawah siku,occupational therapy service,Malaysian,citizen,Inpatient,Class 1,,20.0,,20,,Ministry of Health Malaysia – Caj Rawatan,https://www.moh.gov.my/teras/info-kesihatan/kadar-perkhidmatan/caj-rawatan,2025-09-23,2026-08-25T14:22:02.410314+00:00
moh_treatment-73d65fde565e7ee2,national_reference,MOH_TREATMENT,,,National,Occupational Therapy,Prostesis bawah siku,Prostesis bawah siku,occupational therapy service,Malaysian,citizen,Inpatient,Class 2,,10.0,,10,,Ministry of Health Malaysia – Caj Rawatan,https://www.moh.gov.my/teras/info-kesihatan/kadar-perkhidmatan/caj-rawatan,2025-09-23,2026-08-25T14:22:02.410314+00:00
moh_treatment-26331562c2085c84,national_reference,MOH_TREATMENT,,,National,Occupational Therapy,Prostesis bawah siku,Prostesis bawah siku,occupational therapy service,Malaysian,citizen,Inpatient,Class 3,,0.0,,Percuma,,Ministry of Health Malaysia – Caj Rawatan,https://www.moh.gov.my/teras/info-kesihatan/kadar-perkhidmatan/caj-rawatan,2025-09-23,2026-08-25T14:22:02.410314+00:00
moh_treatment-652ad9a41c7f7859,national_reference,MOH_TREATMENT,,,National,Occupational Therapy,Prostesis bawah lutut,Prostesis bawah lutut,occupational therapy service,Malaysian,citizen,Inpatient,Class 1,,20.0,,20,,Ministry of Health Malaysia – Caj Rawatan,https://www.moh.gov.my/teras/info-kesihatan/kadar-perkhidmatan/caj-rawatan,2025-09-23,2026-08-25T14:22:02.410314+00:00
moh_treatment-060c47cc45913fc4,national_reference,MOH_TREATMENT,,,National,Occupational Therapy,Prostesis bawah lutut,Prostesis bawah lutut,occupational therapy service,Malaysian,citizen,Inpatient,Class 2,,10.0,,10,,Ministry of Health Malaysia – Caj Rawatan,https://www.moh.gov.my/teras/info-kesihatan/kadar-perkhidmatan/caj-rawatan,2025-09-23,2026-08-25T14:22:02.410314+00:00
moh_treatment-058b1b0176e7596d,national_reference,MOH_TREATMENT,,,National,Occupational Therapy,Prostesis bawah lutut,Prostesis bawah lutut,occupational therapy service,Malaysian,citizen,Inpatient,Class 3,,0.0,,Percuma,,Ministry of Health Malaysia – Caj Rawatan,https://www.moh.gov.my/teras/info-kesihatan/kadar-perkhidmatan/caj-rawatan,2025-09-23,2026-08-25T14:22:02.410314+00:00
moh_treatment-716a94e0c9ea2cc4,national_reference,MOH_TREATMENT,,,National,Occupational Therapy,Integrasi bilateral,Integrasi bilateral,occupational therapy service,Malaysian,citizen,Inpatient,Class 1,,20.0,,20,,Ministry of Health Malaysia – Caj Rawatan,https://www.moh.gov.my/teras/info-kesihatan/kadar-perkhidmatan/caj-rawatan,2025-09-23,2026-08-25T14:22:02.410314+00:00
moh_treatment-4f247af9591347aa,national_reference,MOH_TREATMENT,,,National,Occupational Therapy,Integrasi bilateral,Integrasi bilateral,occupational therapy service,Malaysian,citizen,Inpatient,Class 2,,10.0,,10,,Ministry of Health Malaysia – Caj Rawatan,https://www.moh.gov.my/teras/info-kesihatan/kadar-perkhidmatan/caj-rawatan,2025-09-23,2026-08-25T14:22:02.410314+00:00
moh_treatment-5655ae3ca3e19c8c,national_reference,MOH_TREATMENT,,,National,Occupational Therapy,Integrasi bilateral,Integrasi bilateral,occupational therapy service,Malaysian,citizen,Inpatient,Class 3,,0.0,,Percuma,,Ministry of Health Malaysia – Caj Rawatan,https://www.moh.gov.my/teras/info-kesihatan/kadar-perkhidmatan/caj-rawatan,2025-09-23,2026-08-25T14:22:02.410314+00:00
moh_treatment-0cd268f135987f9b,national_reference,MOH_TREATMENT,,,National,Occupational Therapy,Garis tengah bersilang,Garis tengah bersilang,occupational therapy service,Malaysian,citizen,Inpatient,Class 1,,20.0,,20,,Ministry of Health Malaysia – Caj Rawatan,https://www.moh.gov.my/teras/info-kesihatan/kadar-perkhidmatan/caj-rawatan,2025-09-23,2026-08-25T14:22:02.410314+00:00
moh_treatment-73bdac853776bebf,national_reference,MOH_TREATMENT,,,National,Occupational Therapy,Garis tengah bersilang,Garis tengah bersilang,occupational therapy service,Malaysian,citizen,Inpatient,Class 2,,10.0,,10,,Ministry of Health Malaysia – Caj Rawatan,https://www.moh.gov.my/teras/info-kesihatan/kadar-perkhidmatan/caj-rawatan,2025-09-23,2026-08-25T14:22:02.410314+00:00
moh_treatment-6beed311601dc6b8,national_reference,MOH_TREATMENT,,,National,Occupational Therapy,Garis tengah bersilang,Garis tengah bersilang,occupational therapy service,Malaysian,citizen,Inpatient,Class 3,,0.0,,Percuma,,Ministry of Health Malaysia – Caj Rawatan,https://www.moh.gov.my/teras/info-kesihatan/kadar-perkhidmatan/caj-rawatan,2025-09-23,2026-08-25T14:22:02.410314+00:00
moh_treatment-4791b231292145ab,national_reference,MOH_TREATMENT,,,National,Occupational Therapy,Latihan ergonomik,Latihan ergonomik,occupational therapy service,Malaysian,citizen,Inpatient,Class 1,,20.0,,20,,Ministry of Health Malaysia – Caj Rawatan,https://www.moh.gov.my/teras/info-kesihatan/kadar-perkhidmatan/caj-rawatan,2025-09-23,2026-08-25T14:22:02.410314+00:00
moh_treatment-728fd683c4176551,national_reference,MOH_TREATMENT,,,National,Occupational Therapy,Latihan ergonomik,Latihan ergonomik,occupational therapy service,Malaysian,citizen,Inpatient,Class 2,,10.0,,10,,Ministry of Health Malaysia – Caj Rawatan,https://www.moh.gov.my/teras/info-kesihatan/kadar-perkhidmatan/caj-rawatan,2025-09-23,2026-08-25T14:22:02.410314+00:00
moh_treatment-79f6ad8d7a598b68,national_reference,MOH_TREATMENT,,,National,Occupational Therapy,Latihan ergonomik,Latihan ergonomik,occupational therapy service,Malaysian,citizen,Inpatient,Class 3,,0.0,,Percuma,,Ministry of Health Malaysia – Caj Rawatan,https://www.moh.gov.my/teras/info-kesihatan/kadar-perkhidmatan/caj-rawatan,2025-09-23,2026-08-25T14:22:02.410314+00:00
moh_treatment-502750f726e4a1f7,national_reference,MOH_TREATMENT,,,National,Occupational Therapy,Kemahiran motor halus,Kemahiran motor halus,occupational therapy service,Malaysian,citizen,Inpatient,Class 1,,20.0,,20,,Ministry of Health Malaysia – Caj Rawatan,https://www.moh.gov.my/teras/info-kesihatan/kadar-perkhidmatan/caj-rawatan,2025-09-23,2026-08-25T14:22:02.410314+00:00
moh_treatment-243cd3ffb3c90eea,national_reference,MOH_TREATMENT,,,National,Occupational Therapy,Kemahiran motor halus,Kemahiran motor halus,occupational therapy service,Malaysian,citizen,Inpatient,Class 2,,10.0,,10,,Ministry of Health Malaysia – Caj Rawatan,https://www.moh.gov.my/teras/info-kesihatan/kadar-perkhidmatan/caj-rawatan,2025-09-23,2026-08-25T14:22:02.410314+00:00
moh_treatment-376fb4fce5de6581,national_reference,MOH_TREATMENT,,,National,Occupational Therapy,Kemahiran motor halus,Kemahiran motor halus,occupational therapy service,Malaysian,citizen,Inpatient,Class 3,,0.0,,Percuma,,Ministry of Health Malaysia – Caj Rawatan,https://www.moh.gov.my/teras/info-kesihatan/kadar-perkhidmatan/caj-rawatan,2025-09-23,2026-08-25T14:22:02.410314+00:00
moh_treatment-6237af5a9b298b8c,national_reference,MOH_TREATMENT,,,National,Occupational Therapy,Prostesis jari,Prostesis jari,occupational therapy service,Malaysian,citizen,Inpatient,Class 1,,20.0,,20,,Ministry of Health Malaysia – Caj Rawatan,https://www.moh.gov.my/teras/info-kesihatan/kadar-perkhidmatan/caj-rawatan,2025-09-23,2026-08-25T14:22:02.410314+00:00
moh_treatment-f848c75d797fe6e4,national_reference,MOH_TREATMENT,,,National,Occupational Therapy,Prostesis jari,Prostesis jari,occupational therapy service,Malaysian,citizen,Inpatient,Class 2,,10.0,,10,,Ministry of Health Malaysia – Caj Rawatan,https://www.moh.gov.my/teras/info-kesihatan/kadar-perkhidmatan/caj-rawatan,2025-09-23,2026-08-25T14:22:02.410314+00:00
moh_treatment-97186df0297d8b6f,national_reference,MOH_TREATMENT,,,National,Occupational Therapy,Prostesis jari,Prostesis jari,occupational therapy service,Malaysian,citizen,Inpatient,Class 3,,0.0,,Percuma,,Ministry of Health Malaysia – Caj Rawatan,https://www.moh.gov.my/teras/info-kesihatan/kadar-perkhidmatan/caj-rawatan,2025-09-23,2026-08-25T14:22:02.410314+00:00
moh_treatment-fe35ec1ef0c8362b,national_reference,MOH_TREATMENT,,,National,Occupational Therapy,Latihan gaya jalan,Latihan gaya jalan,occupational therapy service,Malaysian,citizen,Inpatient,Class 1,,20.0,,20,,Ministry of Health Malaysia – Caj Rawatan,https://www.moh.gov.my/teras/info-kesihatan/kadar-perkhidmatan/caj-rawatan,2025-09-23,2026-08-25T14:22:02.410314+00:00
moh_treatment-af712df3d8112ea1,national_reference,MOH_TREATMENT,,,National,Occupational Therapy,Latihan gaya jalan,Latihan gaya jalan,occupational therapy service,Malaysian,citizen,Inpatient,Class 2,,10.0,,10,,Ministry of Health Malaysia – Caj Rawatan,https://www.moh.gov.my/teras/info-kesihatan/kadar-perkhidmatan/caj-rawatan,2025-09-23,2026-08-25T14:22:02.410314+00:00
moh_treatment-145cd208652c43ef,national_reference,MOH_TREATMENT,,,National,Occupational Therapy,Latihan gaya jalan,Latihan gaya jalan,occupational therapy service,Malaysian,citizen,Inpatient,Class 3,,0.0,,Percuma,,Ministry of Health Malaysia – Caj Rawatan,https://www.moh.gov.my/teras/info-kesihatan/kadar-perkhidmatan/caj-rawatan,2025-09-23,2026-08-25T14:22:02.410314+00:00
moh_treatment-dab2bb47a70f4fde,national_reference,MOH_TREATMENT,,,National,Occupational Therapy,Aktiviti motor kasar,Aktiviti motor kasar,occupational therapy service,Malaysian,citizen,Inpatient,Class 1,,20.0,,20,,Ministry of Health Malaysia – Caj Rawatan,https://www.moh.gov.my/teras/info-kesihatan/kadar-perkhidmatan/caj-rawatan,2025-09-23,2026-08-25T14:22:02.410314+00:00
moh_treatment-9d857c05f08214fc,national_reference,MOH_TREATMENT,,,National,Occupational Therapy,Aktiviti motor kasar,Aktiviti motor kasar,occupational therapy service,Malaysian,citizen,Inpatient,Class 2,,10.0,,10,,Ministry of Health Malaysia – Caj Rawatan,https://www.moh.gov.my/teras/info-kesihatan/kadar-perkhidmatan/caj-rawatan,2025-09-23,2026-08-25T14:22:02.410314+00:00
moh_treatment-a04a1c135e4e993c,national_reference,MOH_TREATMENT,,,National,Occupational Therapy,Aktiviti motor kasar,Aktiviti motor kasar,occupational therapy service,Malaysian,citizen,Inpatient,Class 3,,0.0,,Percuma,,Ministry of Health Malaysia – Caj Rawatan,https://www.moh.gov.my/teras/info-kesihatan/kadar-perkhidmatan/caj-rawatan,2025-09-23,2026-08-25T14:22:02.410314+00:00
moh_treatment-add297cfedc69a9e,national_reference,MOH_TREATMENT,,,National,Occupational Therapy,Koordinasi tangan dan mata,Koordinasi tangan dan mata,occupational therapy service,Malaysian,citizen,Inpatient,Class 1,,20.0,,20,,Ministry of Health Malaysia – Caj Rawatan,https://www.moh.gov.my/teras/info-kesihatan/kadar-perkhidmatan/caj-rawatan,2025-09-23,2026-08-25T14:22:02.410314+00:00
moh_treatment-dacbbb9b553ec223,national_reference,MOH_TREATMENT,,,National,Occupational Therapy,Koordinasi tangan dan mata,Koordinasi tangan dan mata,occupational therapy service,Malaysian,citizen,Inpatient,Class 2,,10.0,,10,,Ministry of Health Malaysia – Caj Rawatan,https://www.moh.gov.my/teras/info-kesihatan/kadar-perkhidmatan/caj-rawatan,2025-09-23,2026-08-25T14:22:02.410314+00:00
moh_treatment-557264018d09c5ce,national_reference,MOH_TREATMENT,,,National,Occupational Therapy,Koordinasi tangan dan mata,Koordinasi tangan dan mata,occupational therapy service,Malaysian,citizen,Inpatient,Class 3,,0.0,,Percuma,,Ministry of Health Malaysia – Caj Rawatan,https://www.moh.gov.my/teras/info-kesihatan/kadar-perkhidmatan/caj-rawatan,2025-09-23,2026-08-25T14:22:02.410314+00:00
moh_treatment-26af3a3eb5fa4de8,national_reference,MOH_TREATMENT,,,National,Occupational Therapy,Tambah baik keseimbangan,Tambah baik keseimbangan,occupational therapy service,Malaysian,citizen,Inpatient,Class 1,,20.0,,20,,Ministry of Health Malaysia – Caj Rawatan,https://www.moh.gov.my/teras/info-kesihatan/kadar-perkhidmatan/caj-rawatan,2025-09-23,2026-08-25T14:22:02.410314+00:00
moh_treatment-483722a32f059769,national_reference,MOH_TREATMENT,,,National,Occupational Therapy,Tambah baik keseimbangan,Tambah baik keseimbangan,occupational therapy service,Malaysian,citizen,Inpatient,Class 2,,10.0,,10,,Ministry of Health Malaysia – Caj Rawatan,https://www.moh.gov.my/teras/info-kesihatan/kadar-perkhidmatan/caj-rawatan,2025-09-23,2026-08-25T14:22:02.410314+00:00
moh_treatment-1978e402ca262156,national_reference,MOH_TREATMENT,,,National,Occupational Therapy,Tambah baik keseimbangan,Tambah baik keseimbangan,occupational therapy service,Malaysian,citizen,Inpatient,Class 3,,0.0,,Percuma,,Ministry of Health Malaysia – Caj Rawatan,https://www.moh.gov.my/teras/info-kesihatan/kadar-perkhidmatan/caj-rawatan,2025-09-23,2026-08-25T14:22:02.410314+00:00
moh_treatment-ab0ddd41bd99ed1e,national_reference,MOH_TREATMENT,,,National,Occupational Therapy,Pendidikan semula motor,Pendidikan semula motor,occupational therapy service,Malaysian,citizen,Inpatient,Class 1,,20.0,,20,,Ministry of Health Malaysia – Caj Rawatan,https://www.moh.gov.my/teras/info-kesihatan/kadar-perkhidmatan/caj-rawatan,2025-09-23,2026-08-25T14:22:02.410314+00:00
moh_treatment-ffa1939e521f9fa2,national_reference,MOH_TREATMENT,,,National,Occupational Therapy,Pendidikan semula motor,Pendidikan semula motor,occupational therapy service,Malaysian,citizen,Inpatient,Class 2,,10.0,,10,,Ministry of Health Malaysia – Caj Rawatan,https://www.moh.gov.my/teras/info-kesihatan/kadar-perkhidmatan/caj-rawatan,2025-09-23,2026-08-25T14:22:02.410314+00:00
moh_treatment-7244a1b597d27e5a,national_reference,MOH_TREATMENT,,,National,Occupational Therapy,Pendidikan semula motor,Pendidikan semula motor,occupational therapy service,Malaysian,citizen,Inpatient,Class 3,,0.0,,Percuma,,Ministry of Health Malaysia – Caj Rawatan,https://www.moh.gov.my/teras/info-kesihatan/kadar-perkhidmatan/caj-rawatan,2025-09-23,2026-08-25T14:22:02.410314+00:00
moh_treatment-179352be7af04e04,national_reference,MOH_TREATMENT,,,National,Occupational Therapy,Teknik perkembangan neuro,Teknik perkembangan neuro,occupational therapy service,Malaysian,citizen,Inpatient,Class 1,,20.0,,20,,Ministry of Health Malaysia – Caj Rawatan,https://www.moh.gov.my/teras/info-kesihatan/kadar-perkhidmatan/caj-rawatan,2025-09-23,2026-08-25T14:22:02.410314+00:00
moh_treatment-b884f7790057dff5,national_reference,MOH_TREATMENT,,,National,Occupational Therapy,Teknik perkembangan neuro,Teknik perkembangan neuro,occupational therapy service,Malaysian,citizen,Inpatient,Class 2,,10.0,,10,,Ministry of Health Malaysia – Caj Rawatan,https://www.moh.gov.my/teras/info-kesihatan/kadar-perkhidmatan/caj-rawatan,2025-09-23,2026-08-25T14:22:02.410314+00:00
moh_treatment-aae32f105531564d,national_reference,MOH_TREATMENT,,,National,Occupational Therapy,Teknik perkembangan neuro,Teknik perkembangan neuro,occupational therapy service,Malaysian,citizen,Inpatient,Class 3,,0.0,,Percuma,,Ministry of Health Malaysia – Caj Rawatan,https://www.moh.gov.my/teras/info-kesihatan/kadar-perkhidmatan/caj-rawatan,2025-09-23,2026-08-25T14:22:02.410314+00:00
moh_treatment-92a49f45829dbfff,national_reference,MOH_TREATMENT,,,National,Occupational Therapy,Penormalan ton otot,Penormalan ton otot,occupational therapy service,Malaysian,citizen,Inpatient,Class 1,,20.0,,20,,Ministry of Health Malaysia – Caj Rawatan,https://www.moh.gov.my/teras/info-kesihatan/kadar-perkhidmatan/caj-rawatan,2025-09-23,2026-08-25T14:22:02.410314+00:00
moh_treatment-b46e3c2eab861797,national_reference,MOH_TREATMENT,,,National,Occupational Therapy,Penormalan ton otot,Penormalan ton otot,occupational therapy service,Malaysian,citizen,Inpatient,Class 2,,10.0,,10,,Ministry of Health Malaysia – Caj Rawatan,https://www.moh.gov.my/teras/info-kesihatan/kadar-perkhidmatan/caj-rawatan,2025-09-23,2026-08-25T14:22:02.410314+00:00
moh_treatment-1357e51ffede014b,national_reference,MOH_TREATMENT,,,National,Occupational Therapy,Penormalan ton otot,Penormalan ton otot,occupational therapy service,Malaysian,citizen,Inpatient,Class 3,,0.0,,Percuma,,Ministry of Health Malaysia – Caj Rawatan,https://www.moh.gov.my/teras/info-kesihatan/kadar-perkhidmatan/caj-rawatan,2025-09-23,2026-08-25T14:22:02.410314+00:00
moh_treatment-0313e7cf61780354,national_reference,MOH_TREATMENT,,,National,Occupational Therapy,Stimulasi otot mulut,Stimulasi otot mulut,occupational therapy service,Malaysian,citizen,Inpatient,Class 1,,20.0,,20,,Ministry of Health Malaysia – Caj Rawatan,https://www.moh.gov.my/teras/info-kesihatan/kadar-perkhidmatan/caj-rawatan,2025-09-23,2026-08-25T14:22:02.410314+00:00
moh_treatment-874d47d15891cc99,national_reference,MOH_TREATMENT,,,National,Occupational Therapy,Stimulasi otot mulut,Stimulasi otot mulut,occupational therapy service,Malaysian,citizen,Inpatient,Class 2,,10.0,,10,,Ministry of Health Malaysia – Caj Rawatan,https://www.moh.gov.my/teras/info-kesihatan/kadar-perkhidmatan/caj-rawatan,2025-09-23,2026-08-25T14:22:02.410314+00:00
moh_treatment-2687b20d2df9b78e,national_reference,MOH_TREATMENT,,,National,Occupational Therapy,Stimulasi otot mulut,Stimulasi otot mulut,occupational therapy service,Malaysian,citizen,Inpatient,Class 3,,0.0,,Percuma,,Ministry of Health Malaysia – Caj Rawatan,https://www.moh.gov.my/teras/info-kesihatan/kadar-perkhidmatan/caj-rawatan,2025-09-23,2026-08-25T14:22:02.410314+00:00
moh_treatment-41d47458d402028e,national_reference,MOH_TREATMENT,,,National,Occupational Therapy,Senaman meningkatkan kekuatan,Senaman meningkatkan kekuatan,occupational therapy service,Malaysian,citizen,Inpatient,Class 1,,20.0,,20,,Ministry of Health Malaysia – Caj Rawatan,https://www.moh.gov.my/teras/info-kesihatan/kadar-perkhidmatan/caj-rawatan,2025-09-23,2026-08-25T14:22:02.410314+00:00
moh_treatment-94902c040c9fdd57,national_reference,MOH_TREATMENT,,,National,Occupational Therapy,Senaman meningkatkan kekuatan,Senaman meningkatkan kekuatan,occupational therapy service,Malaysian,citizen,Inpatient,Class 2,,10.0,,10,,Ministry of Health Malaysia – Caj Rawatan,https://www.moh.gov.my/teras/info-kesihatan/kadar-perkhidmatan/caj-rawatan,2025-09-23,2026-08-25T14:22:02.410314+00:00
moh_treatment-cbc431ce29848bd3,national_reference,MOH_TREATMENT,,,National,Occupational Therapy,Senaman meningkatkan kekuatan,Senaman meningkatkan kekuatan,occupational therapy service,Malaysian,citizen,Inpatient,Class 3,,0.0,,Percuma,,Ministry of Health Malaysia – Caj Rawatan,https://www.moh.gov.my/teras/info-kesihatan/kadar-perkhidmatan/caj-rawatan,2025-09-23,2026-08-25T14:22:02.410314+00:00
moh_treatment-a9c1ab361a1f0ac6,national_reference,MOH_TREATMENT,,,National,Occupational Therapy,Latihan ketahanan,Latihan ketahanan,occupational therapy service,Malaysian,citizen,Inpatient,Class 1,,20.0,,20,,Ministry of Health Malaysia – Caj Rawatan,https://www.moh.gov.my/teras/info-kesihatan/kadar-perkhidmatan/caj-rawatan,2025-09-23,2026-08-25T14:22:02.410314+00:00
moh_treatment-9440e6dfbf1f4cb4,national_reference,MOH_TREATMENT,,,National,Occupational Therapy,Latihan ketahanan,Latihan ketahanan,occupational therapy service,Malaysian,citizen,Inpatient,Class 2,,10.0,,10,,Ministry of Health Malaysia – Caj Rawatan,https://www.moh.gov.my/teras/info-kesihatan/kadar-perkhidmatan/caj-rawatan,2025-09-23,2026-08-25T14:22:02.410314+00:00
moh_treatment-9a58ddf921cc8abf,national_reference,MOH_TREATMENT,,,National,Occupational Therapy,Latihan ketahanan,Latihan ketahanan,occupational therapy service,Malaysian,citizen,Inpatient,Class 3,,0.0,,Percuma,,Ministry of Health Malaysia – Caj Rawatan,https://www.moh.gov.my/teras/info-kesihatan/kadar-perkhidmatan/caj-rawatan,2025-09-23,2026-08-25T14:22:02.410314+00:00
moh_treatment-91e0ea983784e8a1,national_reference,MOH_TREATMENT,,,National,Occupational Therapy,Penyusutan ton otot,Penyusutan ton otot,occupational therapy service,Malaysian,citizen,Inpatient,Class 1,,20.0,,20,,Ministry of Health Malaysia – Caj Rawatan,https://www.moh.gov.my/teras/info-kesihatan/kadar-perkhidmatan/caj-rawatan,2025-09-23,2026-08-25T14:22:02.410314+00:00
moh_treatment-acc0f872fb794247,national_reference,MOH_TREATMENT,,,National,Occupational Therapy,Penyusutan ton otot,Penyusutan ton otot,occupational therapy service,Malaysian,citizen,Inpatient,Class 2,,10.0,,10,,Ministry of Health Malaysia – Caj Rawatan,https://www.moh.gov.my/teras/info-kesihatan/kadar-perkhidmatan/caj-rawatan,2025-09-23,2026-08-25T14:22:02.410314+00:00
moh_treatment-84fd29c2a336f496,national_reference,MOH_TREATMENT,,,National,Occupational Therapy,Penyusutan ton otot,Penyusutan ton otot,occupational therapy service,Malaysian,citizen,Inpatient,Class 3,,0.0,,Percuma,,Ministry of Health Malaysia – Caj Rawatan,https://www.moh.gov.my/teras/info-kesihatan/kadar-perkhidmatan/caj-rawatan,2025-09-23,2026-08-25T14:22:02.410314+00:00
moh_treatment-7587622a0fbf22a8,national_reference,MOH_TREATMENT,,,National,Occupational Therapy,Intervensi orientasi dan mobiliti,Intervensi orientasi dan mobiliti,occupational therapy service,Malaysian,citizen,Inpatient,Class 1,,20.0,,20,,Ministry of Health Malaysia – Caj Rawatan,https://www.moh.gov.my/teras/info-kesihatan/kadar-perkhidmatan/caj-rawatan,2025-09-23,2026-08-25T14:22:02.410314+00:00
moh_treatment-47bf55042a28a974,national_reference,MOH_TREATMENT,,,National,Occupational Therapy,Intervensi orientasi dan mobiliti,Intervensi orientasi dan mobiliti,occupational therapy service,Malaysian,citizen,Inpatient,Class 2,,10.0,,10,,Ministry of Health Malaysia – Caj Rawatan,https://www.moh.gov.my/teras/info-kesihatan/kadar-perkhidmatan/caj-rawatan,2025-09-23,2026-08-25T14:22:02.410314+00:00
moh_treatment-09dcb50567ad132c,national_reference,MOH_TREATMENT,,,National,Occupational Therapy,Intervensi orientasi dan mobiliti,Intervensi orientasi dan mobiliti,occupational therapy service,Malaysian,citizen,Inpatient,Class 3,,0.0,,Percuma,,Ministry of Health Malaysia – Caj Rawatan,https://www.moh.gov.my/teras/info-kesihatan/kadar-perkhidmatan/caj-rawatan,2025-09-23,2026-08-25T14:22:02.410314+00:00
moh_treatment-fec9211e5c7ff9ba,national_reference,MOH_TREATMENT,,,National,Speech Therapy,Penilaian pertuturan bahasa,Penilaian pertuturan bahasa,speech therapy service,Malaysian,citizen,Inpatient,Class 1,,50.0,,50,,Ministry of Health Malaysia – Caj Rawatan,https://www.moh.gov.my/teras/info-kesihatan/kadar-perkhidmatan/caj-rawatan,2025-09-23,2026-08-25T14:22:02.410314+00:00
moh_treatment-d5a724b17b8e9dd3,national_reference,MOH_TREATMENT,,,National,Speech Therapy,Penilaian pertuturan bahasa,Penilaian pertuturan bahasa,speech therapy service,Malaysian,citizen,Inpatient,Class 2,,20.0,,20,,Ministry of Health Malaysia – Caj Rawatan,https://www.moh.gov.my/teras/info-kesihatan/kadar-perkhidmatan/caj-rawatan,2025-09-23,2026-08-25T14:22:02.410314+00:00
moh_treatment-9170f56bae01d6b4,national_reference,MOH_TREATMENT,,,National,Speech Therapy,Penilaian pertuturan bahasa,Penilaian pertuturan bahasa,speech therapy service,Malaysian,citizen,Inpatient,Class 3,,0.0,,Percuma,,Ministry of Health Malaysia – Caj Rawatan,https://www.moh.gov.my/teras/info-kesihatan/kadar-perkhidmatan/caj-rawatan,2025-09-23,2026-08-25T14:22:02.410314+00:00
moh_treatment-d6120704966209cd,national_reference,MOH_TREATMENT,,,National,Speech Therapy,Penilaian pertuturan bahasa,Penilaian pertuturan bahasa,speech therapy service,Malaysian,citizen,Outpatient,,,10.0,,10,,Ministry of Health Malaysia – Caj Rawatan,https://www.moh.gov.my/teras/info-kesihatan/kadar-perkhidmatan/caj-rawatan,2025-09-23,2026-08-25T14:22:02.410314+00:00
moh_treatment-4c2b52c3397493e0,national_reference,MOH_TREATMENT,,,National,Speech Therapy,Penilaian Penelanan Klinikal (CSE),Penilaian Penelanan Klinikal (CSE),speech therapy service,Malaysian,citizen,Inpatient,Class 1,,50.0,,50,,Ministry of Health Malaysia – Caj Rawatan,https://www.moh.gov.my/teras/info-kesihatan/kadar-perkhidmatan/caj-rawatan,2025-09-23,2026-08-25T14:22:02.410314+00:00
moh_treatment-5de089089bdafc92,national_reference,MOH_TREATMENT,,,National,Speech Therapy,Penilaian Penelanan Klinikal (CSE),Penilaian Penelanan Klinikal (CSE),speech therapy service,Malaysian,citizen,Inpatient,Class 2,,20.0,,20,,Ministry of Health Malaysia – Caj Rawatan,https://www.moh.gov.my/teras/info-kesihatan/kadar-perkhidmatan/caj-rawatan,2025-09-23,2026-08-25T14:22:02.410314+00:00
moh_treatment-d1d9d510dfad24f8,national_reference,MOH_TREATMENT,,,National,Speech Therapy,Penilaian Penelanan Klinikal (CSE),Penilaian Penelanan Klinikal (CSE),speech therapy service,Malaysian,citizen,Inpatient,Class 3,,0.0,,Percuma,,Ministry of Health Malaysia – Caj Rawatan,https://www.moh.gov.my/teras/info-kesihatan/kadar-perkhidmatan/caj-rawatan,2025-09-23,2026-08-25T14:22:02.410314+00:00
moh_treatment-72da0ad41b0deb51,national_reference,MOH_TREATMENT,,,National,Speech Therapy,Penilaian Penelanan Klinikal (CSE),Penilaian Penelanan Klinikal (CSE),speech therapy service,Malaysian,citizen,Outpatient,,,10.0,,10,,Ministry of Health Malaysia – Caj Rawatan,https://www.moh.gov.my/teras/info-kesihatan/kadar-perkhidmatan/caj-rawatan,2025-09-23,2026-08-25T14:22:02.410314+00:00
moh_treatment-8bda26ee66ba06c8,national_reference,MOH_TREATMENT,,,National,Speech Therapy,Penilaian suara berinstrumen,Penilaian suara berinstrumen,speech therapy service,Malaysian,citizen,Inpatient,Class 1,,50.0,,50,,Ministry of Health Malaysia – Caj Rawatan,https://www.moh.gov.my/teras/info-kesihatan/kadar-perkhidmatan/caj-rawatan,2025-09-23,2026-08-25T14:22:02.410314+00:00
moh_treatment-45d3271306373c4b,national_reference,MOH_TREATMENT,,,National,Speech Therapy,Penilaian suara berinstrumen,Penilaian suara berinstrumen,speech therapy service,Malaysian,citizen,Inpatient,Class 2,,20.0,,20,,Ministry of Health Malaysia – Caj Rawatan,https://www.moh.gov.my/teras/info-kesihatan/kadar-perkhidmatan/caj-rawatan,2025-09-23,2026-08-25T14:22:02.410314+00:00
moh_treatment-0eb3ec2fec16d03d,national_reference,MOH_TREATMENT,,,National,Speech Therapy,Penilaian suara berinstrumen,Penilaian suara berinstrumen,speech therapy service,Malaysian,citizen,Inpatient,Class 3,,0.0,,Percuma,,Ministry of Health Malaysia – Caj Rawatan,https://www.moh.gov.my/teras/info-kesihatan/kadar-perkhidmatan/caj-rawatan,2025-09-23,2026-08-25T14:22:02.410314+00:00
moh_treatment-dbeb97bd0a52cf2b,national_reference,MOH_TREATMENT,,,National,Speech Therapy,Penilaian suara berinstrumen,Penilaian suara berinstrumen,speech therapy service,Malaysian,citizen,Outpatient,,,10.0,,10,,Ministry of Health Malaysia – Caj Rawatan,https://www.moh.gov.my/teras/info-kesihatan/kadar-perkhidmatan/caj-rawatan,2025-09-23,2026-08-25T14:22:02.410314+00:00
moh_treatment-2d7b7bf0ab00b69c,national_reference,MOH_TREATMENT,,,National,Speech Therapy,Penilaian resonans berinstrumen,Penilaian resonans berinstrumen,speech therapy service,Malaysian,citizen,Inpatient,Class 1,,50.0,,50,,Ministry of Health Malaysia – Caj Rawatan,https://www.moh.gov.my/teras/info-kesihatan/kadar-perkhidmatan/caj-rawatan,2025-09-23,2026-08-25T14:22:02.410314+00:00
moh_treatment-805b0eb267bae393,national_reference,MOH_TREATMENT,,,National,Speech Therapy,Penilaian resonans berinstrumen,Penilaian resonans berinstrumen,speech therapy service,Malaysian,citizen,Inpatient,Class 2,,20.0,,20,,Ministry of Health Malaysia – Caj Rawatan,https://www.moh.gov.my/teras/info-kesihatan/kadar-perkhidmatan/caj-rawatan,2025-09-23,2026-08-25T14:22:02.410314+00:00
moh_treatment-430ea8799d2b10d0,national_reference,MOH_TREATMENT,,,National,Speech Therapy,Penilaian resonans berinstrumen,Penilaian resonans berinstrumen,speech therapy service,Malaysian,citizen,Inpatient,Class 3,,0.0,,Percuma,,Ministry of Health Malaysia – Caj Rawatan,https://www.moh.gov.my/teras/info-kesihatan/kadar-perkhidmatan/caj-rawatan,2025-09-23,2026-08-25T14:22:02.410314+00:00
moh_treatment-1601de3c3a6f10c4,national_reference,MOH_TREATMENT,,,National,Speech Therapy,Penilaian resonans berinstrumen,Penilaian resonans berinstrumen,speech therapy service,Malaysian,citizen,Outpatient,,,10.0,,10,,Ministry of Health Malaysia – Caj Rawatan,https://www.moh.gov.my/teras/info-kesihatan/kadar-perkhidmatan/caj-rawatan,2025-09-23,2026-08-25T14:22:02.410314+00:00
moh_treatment-a61707ae8d8e0361,national_reference,MOH_TREATMENT,,,National,Speech Therapy,Penilaian Penelanan Endoskopik Serat Optik (FEES),Penilaian Penelanan Endoskopik Serat Optik (FEES),speech therapy service,Malaysian,citizen,Inpatient,Class 1,,50.0,,50,,Ministry of Health Malaysia – Caj Rawatan,https://www.moh.gov.my/teras/info-kesihatan/kadar-perkhidmatan/caj-rawatan,2025-09-23,2026-08-25T14:22:02.410314+00:00
moh_treatment-48c73b8b98361537,national_reference,MOH_TREATMENT,,,National,Speech Therapy,Penilaian Penelanan Endoskopik Serat Optik (FEES),Penilaian Penelanan Endoskopik Serat Optik (FEES),speech therapy service,Malaysian,citizen,Inpatient,Class 2,,20.0,,20,,Ministry of Health Malaysia – Caj Rawatan,https://www.moh.gov.my/teras/info-kesihatan/kadar-perkhidmatan/caj-rawatan,2025-09-23,2026-08-25T14:22:02.410314+00:00
moh_treatment-059f01a4b7826731,national_reference,MOH_TREATMENT,,,National,Speech Therapy,Penilaian Penelanan Endoskopik Serat Optik (FEES),Penilaian Penelanan Endoskopik Serat Optik (FEES),speech therapy service,Malaysian,citizen,Inpatient,Class 3,,0.0,,Percuma,,Ministry of Health Malaysia – Caj Rawatan,https://www.moh.gov.my/teras/info-kesihatan/kadar-perkhidmatan/caj-rawatan,2025-09-23,2026-08-25T14:22:02.410314+00:00
moh_treatment-03253b7ce3594eee,national_reference,MOH_TREATMENT,,,National,Speech Therapy,Penilaian Penelanan Endoskopik Serat Optik (FEES),Penilaian Penelanan Endoskopik Serat Optik (FEES),speech therapy service,Malaysian,citizen,Outpatient,,,10.0,,10,,Ministry of Health Malaysia – Caj Rawatan,https://www.moh.gov.my/teras/info-kesihatan/kadar-perkhidmatan/caj-rawatan,2025-09-23,2026-08-25T14:22:02.410314+00:00
moh_treatment-42a5049fa33d4aa1,national_reference,MOH_TREATMENT,,,National,Speech Therapy,Penilaian Penelanan Videofloroskopik (VFSS),Penilaian Penelanan Videofloroskopik (VFSS),speech therapy service,Malaysian,citizen,Inpatient,Class 1,,80.0,,80,,Ministry of Health Malaysia – Caj Rawatan,https://www.moh.gov.my/teras/info-kesihatan/kadar-perkhidmatan/caj-rawatan,2025-09-23,2026-08-25T14:22:02.410314+00:00
moh_treatment-2affcd5c78a9c7a7,national_reference,MOH_TREATMENT,,,National,Speech Therapy,Penilaian Penelanan Videofloroskopik (VFSS),Penilaian Penelanan Videofloroskopik (VFSS),speech therapy service,Malaysian,citizen,Inpatient,Class 2,,30.0,,30,,Ministry of Health Malaysia – Caj Rawatan,https://www.moh.gov.my/teras/info-kesihatan/kadar-perkhidmatan/caj-rawatan,2025-09-23,2026-08-25T14:22:02.410314+00:00
moh_treatment-db13a245036e4f42,national_reference,MOH_TREATMENT,,,National,Speech Therapy,Penilaian Penelanan Videofloroskopik (VFSS),Penilaian Penelanan Videofloroskopik (VFSS),speech therapy service,Malaysian,citizen,Inpatient,Class 3,,0.0,,Percuma,,Ministry of Health Malaysia – Caj Rawatan,https://www.moh.gov.my/teras/info-kesihatan/kadar-perkhidmatan/caj-rawatan,2025-09-23,2026-08-25T14:22:02.410314+00:00
moh_treatment-dadb6a3683f3cd8c,national_reference,MOH_TREATMENT,,,National,Speech Therapy,Penilaian Penelanan Videofloroskopik (VFSS),Penilaian Penelanan Videofloroskopik (VFSS),speech therapy service,Malaysian,citizen,Outpatient,,,20.0,,20,,Ministry of Health Malaysia – Caj Rawatan,https://www.moh.gov.my/teras/info-kesihatan/kadar-perkhidmatan/caj-rawatan,2025-09-23,2026-08-25T14:22:02.410314+00:00
moh_treatment-5e2631211fe706c1,national_reference,MOH_TREATMENT,,,National,Speech Therapy,Terapi pertuturan bahasa,Terapi pertuturan bahasa,speech therapy service,Malaysian,citizen,Inpatient,Class 1,,50.0,,50,,Ministry of Health Malaysia – Caj Rawatan,https://www.moh.gov.my/teras/info-kesihatan/kadar-perkhidmatan/caj-rawatan,2025-09-23,2026-08-25T14:22:02.410314+00:00
moh_treatment-d6ce84b32d5ca07e,national_reference,MOH_TREATMENT,,,National,Speech Therapy,Terapi pertuturan bahasa,Terapi pertuturan bahasa,speech therapy service,Malaysian,citizen,Inpatient,Class 2,,20.0,,20,,Ministry of Health Malaysia – Caj Rawatan,https://www.moh.gov.my/teras/info-kesihatan/kadar-perkhidmatan/caj-rawatan,2025-09-23,2026-08-25T14:22:02.410314+00:00
moh_treatment-da4c404bafa1ebb1,national_reference,MOH_TREATMENT,,,National,Speech Therapy,Terapi pertuturan bahasa,Terapi pertuturan bahasa,speech therapy service,Malaysian,citizen,Inpatient,Class 3,,0.0,,Percuma,,Ministry of Health Malaysia – Caj Rawatan,https://www.moh.gov.my/teras/info-kesihatan/kadar-perkhidmatan/caj-rawatan,2025-09-23,2026-08-25T14:22:02.410314+00:00
moh_treatment-7e70d429c5cbf7c6,national_reference,MOH_TREATMENT,,,National,Speech Therapy,Terapi pertuturan bahasa,Terapi pertuturan bahasa,speech therapy service,Malaysian,citizen,Outpatient,,,10.0,,10,,Ministry of Health Malaysia – Caj Rawatan,https://www.moh.gov.my/teras/info-kesihatan/kadar-perkhidmatan/caj-rawatan,2025-09-23,2026-08-25T14:22:02.410314+00:00
moh_treatment-8edb0d515b9f463c,national_reference,MOH_TREATMENT,,,National,Speech Therapy,Elektroterapi,Elektroterapi,speech therapy service,Malaysian,citizen,Inpatient,Class 1,,50.0,,50,,Ministry of Health Malaysia – Caj Rawatan,https://www.moh.gov.my/teras/info-kesihatan/kadar-perkhidmatan/caj-rawatan,2025-09-23,2026-08-25T14:22:02.410314+00:00
moh_treatment-6f18ea37274ad8df,national_reference,MOH_TREATMENT,,,National,Speech Therapy,Elektroterapi,Elektroterapi,speech therapy service,Malaysian,citizen,Inpatient,Class 2,,20.0,,20,,Ministry of Health Malaysia – Caj Rawatan,https://www.moh.gov.my/teras/info-kesihatan/kadar-perkhidmatan/caj-rawatan,2025-09-23,2026-08-25T14:22:02.410314+00:00
moh_treatment-b2b2f5e9ca8070f7,national_reference,MOH_TREATMENT,,,National,Speech Therapy,Elektroterapi,Elektroterapi,speech therapy service,Malaysian,citizen,Inpatient,Class 3,,0.0,,Percuma,,Ministry of Health Malaysia – Caj Rawatan,https://www.moh.gov.my/teras/info-kesihatan/kadar-perkhidmatan/caj-rawatan,2025-09-23,2026-08-25T14:22:02.410314+00:00
moh_treatment-476e20811ca2b06e,national_reference,MOH_TREATMENT,,,National,Speech Therapy,Elektroterapi,Elektroterapi,speech therapy service,Malaysian,citizen,Outpatient,,,10.0,,10,,Ministry of Health Malaysia – Caj Rawatan,https://www.moh.gov.my/teras/info-kesihatan/kadar-perkhidmatan/caj-rawatan,2025-09-23,2026-08-25T14:22:02.410314+00:00
moh_treatment-1558e05aa691e341,national_reference,MOH_TREATMENT,,,National,Dietetics,Penilaian pemakanan,Penilaian pemakanan,dietetics service,Malaysian,citizen,Inpatient,Class 1,,10.0,,10,,Ministry of Health Malaysia – Caj Rawatan,https://www.moh.gov.my/teras/info-kesihatan/kadar-perkhidmatan/caj-rawatan,2025-09-23,2026-08-25T14:22:02.410314+00:00
moh_treatment-16a2c6ec56b729d3,national_reference,MOH_TREATMENT,,,National,Dietetics,Penilaian pemakanan,Penilaian pemakanan,dietetics service,Malaysian,citizen,Inpatient,Class 2,,5.0,,5,,Ministry of Health Malaysia – Caj Rawatan,https://www.moh.gov.my/teras/info-kesihatan/kadar-perkhidmatan/caj-rawatan,2025-09-23,2026-08-25T14:22:02.410314+00:00
moh_treatment-f992c446b9ce38d9,national_reference,MOH_TREATMENT,,,National,Dietetics,Penilaian pemakanan,Penilaian pemakanan,dietetics service,Malaysian,citizen,Inpatient,Class 3,,0.0,,Percuma,,Ministry of Health Malaysia – Caj Rawatan,https://www.moh.gov.my/teras/info-kesihatan/kadar-perkhidmatan/caj-rawatan,2025-09-23,2026-08-25T14:22:02.410314+00:00
moh_treatment-e7ef2d6c01b09a0e,national_reference,MOH_TREATMENT,,,National,Dietetics,Penilaian pemakanan,Penilaian pemakanan,dietetics service,Malaysian,citizen,Outpatient,,,1.0,,1,,Ministry of Health Malaysia – Caj Rawatan,https://www.moh.gov.my/teras/info-kesihatan/kadar-perkhidmatan/caj-rawatan,2025-09-23,2026-08-25T14:22:02.410314+00:00
moh_treatment-9fd5b1ae62426c0a,national_reference,MOH_TREATMENT,,,National,Dietetics,Kalorimetri tak langsung,Kalorimetri tak langsung,dietetics service,Malaysian,citizen,Inpatient,Class 1,,20.0,,20,,Ministry of Health Malaysia – Caj Rawatan,https://www.moh.gov.my/teras/info-kesihatan/kadar-perkhidmatan/caj-rawatan,2025-09-23,2026-08-25T14:22:02.410314+00:00
moh_treatment-c5225e95def57b6c,national_reference,MOH_TREATMENT,,,National,Dietetics,Kalorimetri tak langsung,Kalorimetri tak langsung,dietetics service,Malaysian,citizen,Inpatient,Class 2,,10.0,,10,,Ministry of Health Malaysia – Caj Rawatan,https://www.moh.gov.my/teras/info-kesihatan/kadar-perkhidmatan/caj-rawatan,2025-09-23,2026-08-25T14:22:02.410314+00:00
moh_treatment-54bcc4fe994d91b2,national_reference,MOH_TREATMENT,,,National,Dietetics,Kalorimetri tak langsung,Kalorimetri tak langsung,dietetics service,Malaysian,citizen,Inpatient,Class 3,,0.0,,Percuma,,Ministry of Health Malaysia – Caj Rawatan,https://www.moh.gov.my/teras/info-kesihatan/kadar-perkhidmatan/caj-rawatan,2025-09-23,2026-08-25T14:22:02.410314+00:00
moh_treatment-d6171b6a72fae31b,national_reference,MOH_TREATMENT,,,National,Dietetics,Kalorimetri tak langsung,Kalorimetri tak langsung,dietetics service,Malaysian,citizen,Outpatient,,,5.0,,5,,Ministry of Health Malaysia – Caj Rawatan,https://www.moh.gov.my/teras/info-kesihatan/kadar-perkhidmatan/caj-rawatan,2025-09-23,2026-08-25T14:22:02.410314+00:00
moh_treatment-2897e3ef42610a52,national_reference,MOH_TREATMENT,,,National,Dietetics,Terapi diet individu,Terapi diet individu,dietetics service,Malaysian,citizen,Inpatient,Class 1,,10.0,,10,,Ministry of Health Malaysia – Caj Rawatan,https://www.moh.gov.my/teras/info-kesihatan/kadar-perkhidmatan/caj-rawatan,2025-09-23,2026-08-25T14:22:02.410314+00:00
moh_treatment-f5a56ff5c744bbcc,national_reference,MOH_TREATMENT,,,National,Dietetics,Terapi diet individu,Terapi diet individu,dietetics service,Malaysian,citizen,Inpatient,Class 2,,5.0,,5,,Ministry of Health Malaysia – Caj Rawatan,https://www.moh.gov.my/teras/info-kesihatan/kadar-perkhidmatan/caj-rawatan,2025-09-23,2026-08-25T14:22:02.410314+00:00
moh_treatment-746133d4c95df6ac,national_reference,MOH_TREATMENT,,,National,Dietetics,Terapi diet individu,Terapi diet individu,dietetics service,Malaysian,citizen,Inpatient,Class 3,,0.0,,Percuma,,Ministry of Health Malaysia – Caj Rawatan,https://www.moh.gov.my/teras/info-kesihatan/kadar-perkhidmatan/caj-rawatan,2025-09-23,2026-08-25T14:22:02.410314+00:00
moh_treatment-8513cf7a66623b28,national_reference,MOH_TREATMENT,,,National,Dietetics,Terapi diet individu,Terapi diet individu,dietetics service,Malaysian,citizen,Outpatient,,,2.0,,2,,Ministry of Health Malaysia – Caj Rawatan,https://www.moh.gov.my/teras/info-kesihatan/kadar-perkhidmatan/caj-rawatan,2025-09-23,2026-08-25T14:22:02.410314+00:00
moh_treatment-a5e69f1fda12c9a7,national_reference,MOH_TREATMENT,,,National,Dietetics,Terapi diet berkumpulan,Terapi diet berkumpulan,dietetics service,Malaysian,citizen,Outpatient,,,1.0,,1,,Ministry of Health Malaysia – Caj Rawatan,https://www.moh.gov.my/teras/info-kesihatan/kadar-perkhidmatan/caj-rawatan,2025-09-23,2026-08-25T14:22:02.410314+00:00
moh_treatment-790dc8957f4c449e,national_reference,MOH_TREATMENT,,,National,Dietetics,Tambahan pemakanan oral,Tambahan pemakanan oral,dietetics service,Malaysian,citizen,Inpatient,Class 1,,20.0,,20,,Ministry of Health Malaysia – Caj Rawatan,https://www.moh.gov.my/teras/info-kesihatan/kadar-perkhidmatan/caj-rawatan,2025-09-23,2026-08-25T14:22:02.410314+00:00
moh_treatment-adf97f8c22c7a83d,national_reference,MOH_TREATMENT,,,National,Dietetics,Tambahan pemakanan oral,Tambahan pemakanan oral,dietetics service,Malaysian,citizen,Inpatient,Class 2,,10.0,,10,,Ministry of Health Malaysia – Caj Rawatan,https://www.moh.gov.my/teras/info-kesihatan/kadar-perkhidmatan/caj-rawatan,2025-09-23,2026-08-25T14:22:02.410314+00:00
moh_treatment-f870e618c9ef625d,national_reference,MOH_TREATMENT,,,National,Dietetics,Tambahan pemakanan oral,Tambahan pemakanan oral,dietetics service,Malaysian,citizen,Inpatient,Class 3,,0.0,,Percuma,,Ministry of Health Malaysia – Caj Rawatan,https://www.moh.gov.my/teras/info-kesihatan/kadar-perkhidmatan/caj-rawatan,2025-09-23,2026-08-25T14:22:02.410314+00:00
moh_treatment-e84d9ac63b91a772,national_reference,MOH_TREATMENT,,,National,Dietetics,Pemakanan entereal,Pemakanan entereal,dietetics service,Malaysian,citizen,Inpatient,Class 1,,50.0,,50,,Ministry of Health Malaysia – Caj Rawatan,https://www.moh.gov.my/teras/info-kesihatan/kadar-perkhidmatan/caj-rawatan,2025-09-23,2026-08-25T14:22:02.410314+00:00
moh_treatment-47a824ae45b82326,national_reference,MOH_TREATMENT,,,National,Dietetics,Pemakanan entereal,Pemakanan entereal,dietetics service,Malaysian,citizen,Inpatient,Class 2,,30.0,,30,,Ministry of Health Malaysia – Caj Rawatan,https://www.moh.gov.my/teras/info-kesihatan/kadar-perkhidmatan/caj-rawatan,2025-09-23,2026-08-25T14:22:02.410314+00:00
moh_treatment-32fb41a18e680238,national_reference,MOH_TREATMENT,,,National,Dietetics,Pemakanan entereal,Pemakanan entereal,dietetics service,Malaysian,citizen,Inpatient,Class 3,,0.0,,Percuma,,Ministry of Health Malaysia – Caj Rawatan,https://www.moh.gov.my/teras/info-kesihatan/kadar-perkhidmatan/caj-rawatan,2025-09-23,2026-08-25T14:22:02.410314+00:00
moh_treatment-3f1569380f5055e1,national_reference,MOH_TREATMENT,,,National,Traditional and Complementary Medicine,Urutan Tradisional,Urutan Tradisional,treatment charge,Malaysian,citizen,Inpatient,Class 1,,20.0,,20,,Ministry of Health Malaysia – Caj Rawatan,https://www.moh.gov.my/teras/info-kesihatan/kadar-perkhidmatan/caj-rawatan,2025-09-23,2026-08-25T14:22:02.410314+00:00
moh_treatment-b98e5bd3c50db24d,national_reference,MOH_TREATMENT,,,National,Traditional and Complementary Medicine,Urutan Tradisional,Urutan Tradisional,treatment charge,Malaysian,citizen,Inpatient,Class 2,,20.0,,20,,Ministry of Health Malaysia – Caj Rawatan,https://www.moh.gov.my/teras/info-kesihatan/kadar-perkhidmatan/caj-rawatan,2025-09-23,2026-08-25T14:22:02.410314+00:00
moh_treatment-b06f3b3fb3489fb8,national_reference,MOH_TREATMENT,,,National,Traditional and Complementary Medicine,Urutan Tradisional,Urutan Tradisional,treatment charge,Malaysian,citizen,Inpatient,Class 3,,0.0,,Percuma,,Ministry of Health Malaysia – Caj Rawatan,https://www.moh.gov.my/teras/info-kesihatan/kadar-perkhidmatan/caj-rawatan,2025-09-23,2026-08-25T14:22:02.410314+00:00
moh_treatment-ecab9626fdb3d0f6,national_reference,MOH_TREATMENT,,,National,Traditional and Complementary Medicine,Urutan Tradisional,Urutan Tradisional,treatment charge,Malaysian,citizen,Outpatient,,,20.0,,20,,Ministry of Health Malaysia – Caj Rawatan,https://www.moh.gov.my/teras/info-kesihatan/kadar-perkhidmatan/caj-rawatan,2025-09-23,2026-08-25T14:22:02.410314+00:00
moh_treatment-ec373cf3f8f7089e,national_reference,MOH_TREATMENT,,,National,Traditional and Complementary Medicine,Akupunktur,Akupunktur,treatment charge,Malaysian,citizen,Inpatient,Class 1,,20.0,,20,,Ministry of Health Malaysia – Caj Rawatan,https://www.moh.gov.my/teras/info-kesihatan/kadar-perkhidmatan/caj-rawatan,2025-09-23,2026-08-25T14:22:02.410314+00:00
moh_treatment-70689eef7b4a2be7,national_reference,MOH_TREATMENT,,,National,Traditional and Complementary Medicine,Akupunktur,Akupunktur,treatment charge,Malaysian,citizen,Inpatient,Class 2,,20.0,,20,,Ministry of Health Malaysia – Caj Rawatan,https://www.moh.gov.my/teras/info-kesihatan/kadar-perkhidmatan/caj-rawatan,2025-09-23,2026-08-25T14:22:02.410314+00:00
moh_treatment-c2fdd2fa92d1064b,national_reference,MOH_TREATMENT,,,National,Traditional and Complementary Medicine,Akupunktur,Akupunktur,treatment charge,Malaysian,citizen,Inpatient,Class 3,,0.0,,Percuma,,Ministry of Health Malaysia – Caj Rawatan,https://www.moh.gov.my/teras/info-kesihatan/kadar-perkhidmatan/caj-rawatan,2025-09-23,2026-08-25T14:22:02.410314+00:00
moh_treatment-5c867615c99567a5,national_reference,MOH_TREATMENT,,,National,Traditional and Complementary Medicine,Akupunktur,Akupunktur,treatment charge,Malaysian,citizen,Outpatient,,,20.0,,20,,Ministry of Health Malaysia – Caj Rawatan,https://www.moh.gov.my/teras/info-kesihatan/kadar-perkhidmatan/caj-rawatan,2025-09-23,2026-08-25T14:22:02.410314+00:00
moh_treatment-5f3106776fb9b9a9,national_reference,MOH_TREATMENT,,,National,Traditional and Complementary Medicine,Akupunktur dan moxibustion,Akupunktur dan moxibustion,treatment charge,Malaysian,citizen,Inpatient,Class 1,,25.0,,25,,Ministry of Health Malaysia – Caj Rawatan,https://www.moh.gov.my/teras/info-kesihatan/kadar-perkhidmatan/caj-rawatan,2025-09-23,2026-08-25T14:22:02.410314+00:00
moh_treatment-5394241134478e93,national_reference,MOH_TREATMENT,,,National,Traditional and Complementary Medicine,Akupunktur dan moxibustion,Akupunktur dan moxibustion,treatment charge,Malaysian,citizen,Inpatient,Class 2,,25.0,,25,,Ministry of Health Malaysia – Caj Rawatan,https://www.moh.gov.my/teras/info-kesihatan/kadar-perkhidmatan/caj-rawatan,2025-09-23,2026-08-25T14:22:02.410314+00:00
moh_treatment-f2e5c32622494f28,national_reference,MOH_TREATMENT,,,National,Traditional and Complementary Medicine,Akupunktur dan moxibustion,Akupunktur dan moxibustion,treatment charge,Malaysian,citizen,Inpatient,Class 3,,0.0,,Percuma,,Ministry of Health Malaysia – Caj Rawatan,https://www.moh.gov.my/teras/info-kesihatan/kadar-perkhidmatan/caj-rawatan,2025-09-23,2026-08-25T14:22:02.410314+00:00
moh_treatment-80a54bc488f773ba,national_reference,MOH_TREATMENT,,,National,Traditional and Complementary Medicine,Akupunktur dan moxibustion,Akupunktur dan moxibustion,treatment charge,Malaysian,citizen,Outpatient,,,25.0,,25,,Ministry of Health Malaysia – Caj Rawatan,https://www.moh.gov.my/teras/info-kesihatan/kadar-perkhidmatan/caj-rawatan,2025-09-23,2026-08-25T14:22:02.410314+00:00
moh_treatment-f5ed19426c04ddd7,national_reference,MOH_TREATMENT,,,National,Traditional and Complementary Medicine,Akupunktur dan bekam,Akupunktur dan bekam,treatment charge,Malaysian,citizen,Inpatient,Class 1,,25.0,,25,,Ministry of Health Malaysia – Caj Rawatan,https://www.moh.gov.my/teras/info-kesihatan/kadar-perkhidmatan/caj-rawatan,2025-09-23,2026-08-25T14:22:02.410314+00:00
moh_treatment-4dae118c411015f2,national_reference,MOH_TREATMENT,,,National,Traditional and Complementary Medicine,Akupunktur dan bekam,Akupunktur dan bekam,treatment charge,Malaysian,citizen,Inpatient,Class 2,,25.0,,25,,Ministry of Health Malaysia – Caj Rawatan,https://www.moh.gov.my/teras/info-kesihatan/kadar-perkhidmatan/caj-rawatan,2025-09-23,2026-08-25T14:22:02.410314+00:00
moh_treatment-b784a0f20178b609,national_reference,MOH_TREATMENT,,,National,Traditional and Complementary Medicine,Akupunktur dan bekam,Akupunktur dan bekam,treatment charge,Malaysian,citizen,Inpatient,Class 3,,0.0,,Percuma,,Ministry of Health Malaysia – Caj Rawatan,https://www.moh.gov.my/teras/info-kesihatan/kadar-perkhidmatan/caj-rawatan,2025-09-23,2026-08-25T14:22:02.410314+00:00
moh_treatment-a4ef99eea47c9c44,national_reference,MOH_TREATMENT,,,National,Traditional and Complementary Medicine,Akupunktur dan bekam,Akupunktur dan bekam,treatment charge,Malaysian,citizen,Outpatient,,,25.0,,25,,Ministry of Health Malaysia – Caj Rawatan,https://www.moh.gov.my/teras/info-kesihatan/kadar-perkhidmatan/caj-rawatan,2025-09-23,2026-08-25T14:22:02.410314+00:00
moh_treatment-5f00e9b7a29348b0,national_reference,MOH_TREATMENT,,,National,Traditional and Complementary Medicine,Terapi herba sebagai rawatan tambahan untuk pesakit Kanser,Terapi herba sebagai rawatan tambahan untuk pesakit Kanser,treatment charge,Malaysian,citizen,Inpatient,Class 1,,100.0,,100,,Ministry of Health Malaysia – Caj Rawatan,https://www.moh.gov.my/teras/info-kesihatan/kadar-perkhidmatan/caj-rawatan,2025-09-23,2026-08-25T14:22:02.410314+00:00
moh_treatment-c3ca2705ca5187a5,national_reference,MOH_TREATMENT,,,National,Traditional and Complementary Medicine,Terapi herba sebagai rawatan tambahan untuk pesakit Kanser,Terapi herba sebagai rawatan tambahan untuk pesakit Kanser,treatment charge,Malaysian,citizen,Inpatient,Class 2,,100.0,,100,,Ministry of Health Malaysia – Caj Rawatan,https://www.moh.gov.my/teras/info-kesihatan/kadar-perkhidmatan/caj-rawatan,2025-09-23,2026-08-25T14:22:02.410314+00:00
moh_treatment-c659e8aa9eab90d8,national_reference,MOH_TREATMENT,,,National,Traditional and Complementary Medicine,Terapi herba sebagai rawatan tambahan untuk pesakit Kanser,Terapi herba sebagai rawatan tambahan untuk pesakit Kanser,treatment charge,Malaysian,citizen,Inpatient,Class 3,,0.0,,Percuma,,Ministry of Health Malaysia – Caj Rawatan,https://www.moh.gov.my/teras/info-kesihatan/kadar-perkhidmatan/caj-rawatan,2025-09-23,2026-08-25T14:22:02.410314+00:00
moh_treatment-c4df5c693aac5a55,national_reference,MOH_TREATMENT,,,National,Traditional and Complementary Medicine,Terapi herba sebagai rawatan tambahan untuk pesakit Kanser,Terapi herba sebagai rawatan tambahan untuk pesakit Kanser,treatment charge,Malaysian,citizen,Outpatient,,,100.0,,100,,Ministry of Health Malaysia – Caj Rawatan,https://www.moh.gov.my/teras/info-kesihatan/kadar-perkhidmatan/caj-rawatan,2025-09-23,2026-08-25T14:22:02.410314+00:00
