procedure_code,body_system,procedure_name,care_setting,segmentation_type,segment,typical_bill_amount_rm,typical_bill_p25_rm,typical_bill_p75_rm,average_los_days,los_description,number_of_discharges_band,data_status,source_pdf_page,source_url
C1,Circulatory,Angiogram (Coronary Arteriography & Catheterisation),Inpatient,Overall,All,11700,8800,18300,2.0,,">= 5,000",Published,15,https://www.liam.org.my/library/healthcare/Price-Ranges-Common-Private-Healthcare-Services-Msia_27Jan2026.pdf
C1,Circulatory,Angiogram (Coronary Arteriography & Catheterisation),Inpatient,Facility State,Johor,13400,10000,18900,,,500 - 999,Published,16,https://www.liam.org.my/library/healthcare/Price-Ranges-Common-Private-Healthcare-Services-Msia_27Jan2026.pdf
C1,Circulatory,Angiogram (Coronary Arteriography & Catheterisation),Inpatient,Facility State,Kedah,11500,9300,16900,,,100 - 499,Published,16,https://www.liam.org.my/library/healthcare/Price-Ranges-Common-Private-Healthcare-Services-Msia_27Jan2026.pdf
C1,Circulatory,Angiogram (Coronary Arteriography & Catheterisation),Inpatient,Facility State,Kelantan,16500,13200,21400,,,50 - 99,Published,16,https://www.liam.org.my/library/healthcare/Price-Ranges-Common-Private-Healthcare-Services-Msia_27Jan2026.pdf
C1,Circulatory,Angiogram (Coronary Arteriography & Catheterisation),Inpatient,Facility State,Kuala Lumpur,11600,9000,19300,,,"1,000 - 4,999",Published,16,https://www.liam.org.my/library/healthcare/Price-Ranges-Common-Private-Healthcare-Services-Msia_27Jan2026.pdf
C1,Circulatory,Angiogram (Coronary Arteriography & Catheterisation),Inpatient,Facility State,Melaka,11000,8300,19300,,,500 - 999,Published,16,https://www.liam.org.my/library/healthcare/Price-Ranges-Common-Private-Healthcare-Services-Msia_27Jan2026.pdf
C1,Circulatory,Angiogram (Coronary Arteriography & Catheterisation),Inpatient,Facility State,Negeri Sembilan,14000,11100,21700,,,100 - 499,Published,16,https://www.liam.org.my/library/healthcare/Price-Ranges-Common-Private-Healthcare-Services-Msia_27Jan2026.pdf
C1,Circulatory,Angiogram (Coronary Arteriography & Catheterisation),Inpatient,Facility State,Pahang,13600,9500,22300,,,50 - 99,Published,16,https://www.liam.org.my/library/healthcare/Price-Ranges-Common-Private-Healthcare-Services-Msia_27Jan2026.pdf
C1,Circulatory,Angiogram (Coronary Arteriography & Catheterisation),Inpatient,Facility State,Perak,10400,8000,16100,,,500 - 999,Published,16,https://www.liam.org.my/library/healthcare/Price-Ranges-Common-Private-Healthcare-Services-Msia_27Jan2026.pdf
C1,Circulatory,Angiogram (Coronary Arteriography & Catheterisation),Inpatient,Facility State,Perlis,,,,,,,Insufficient credible data,16,https://www.liam.org.my/library/healthcare/Price-Ranges-Common-Private-Healthcare-Services-Msia_27Jan2026.pdf
C1,Circulatory,Angiogram (Coronary Arteriography & Catheterisation),Inpatient,Facility State,Pulau Pinang,8400,6200,13900,,,500 - 999,Published,16,https://www.liam.org.my/library/healthcare/Price-Ranges-Common-Private-Healthcare-Services-Msia_27Jan2026.pdf
C1,Circulatory,Angiogram (Coronary Arteriography & Catheterisation),Inpatient,Facility State,Sabah,13500,10300,23200,,,50 - 99,Published,16,https://www.liam.org.my/library/healthcare/Price-Ranges-Common-Private-Healthcare-Services-Msia_27Jan2026.pdf
C1,Circulatory,Angiogram (Coronary Arteriography & Catheterisation),Inpatient,Facility State,Sarawak,7100,5900,12800,,,100 - 499,Published,16,https://www.liam.org.my/library/healthcare/Price-Ranges-Common-Private-Healthcare-Services-Msia_27Jan2026.pdf
C1,Circulatory,Angiogram (Coronary Arteriography & Catheterisation),Inpatient,Facility State,Selangor,13400,10000,20000,,,"1,000 - 4,999",Published,16,https://www.liam.org.my/library/healthcare/Price-Ranges-Common-Private-Healthcare-Services-Msia_27Jan2026.pdf
C1,Circulatory,Angiogram (Coronary Arteriography & Catheterisation),Inpatient,Facility State,Terengganu,10800,9900,13400,,,1 - 49,Published,16,https://www.liam.org.my/library/healthcare/Price-Ranges-Common-Private-Healthcare-Services-Msia_27Jan2026.pdf
C1,Circulatory,Angiogram (Coronary Arteriography & Catheterisation),Inpatient,Age Group,Age 20 and below,12800,10100,17400,2.6,,1 - 49,Published,17,https://www.liam.org.my/library/healthcare/Price-Ranges-Common-Private-Healthcare-Services-Msia_27Jan2026.pdf
C1,Circulatory,Angiogram (Coronary Arteriography & Catheterisation),Inpatient,Age Group,Age between 21 – 40,12400,9500,17200,2.3,,500 - 999,Published,17,https://www.liam.org.my/library/healthcare/Price-Ranges-Common-Private-Healthcare-Services-Msia_27Jan2026.pdf
C1,Circulatory,Angiogram (Coronary Arteriography & Catheterisation),Inpatient,Age Group,Age between 41 – 60,11800,8800,18700,2.1,,"1,000 - 4,999",Published,17,https://www.liam.org.my/library/healthcare/Price-Ranges-Common-Private-Healthcare-Services-Msia_27Jan2026.pdf
C1,Circulatory,Angiogram (Coronary Arteriography & Catheterisation),Inpatient,Age Group,Age 61 and above,11000,8400,18100,1.9,,"1,000 - 4,999",Published,17,https://www.liam.org.my/library/healthcare/Price-Ranges-Common-Private-Healthcare-Services-Msia_27Jan2026.pdf
D1,Digestive,Endoscopy (Lower GI) with Biopsy,Inpatient,Overall,All,9900,7500,14000,2.3,,">= 5,000",Published,18,https://www.liam.org.my/library/healthcare/Price-Ranges-Common-Private-Healthcare-Services-Msia_27Jan2026.pdf
D1,Digestive,Endoscopy (Lower GI) with Biopsy,Inpatient,Facility State,Johor,10200,7600,14600,,,"1,000 - 4,999",Published,19,https://www.liam.org.my/library/healthcare/Price-Ranges-Common-Private-Healthcare-Services-Msia_27Jan2026.pdf
D1,Digestive,Endoscopy (Lower GI) with Biopsy,Inpatient,Facility State,Kedah,7900,5900,11700,,,100 - 499,Published,19,https://www.liam.org.my/library/healthcare/Price-Ranges-Common-Private-Healthcare-Services-Msia_27Jan2026.pdf
D1,Digestive,Endoscopy (Lower GI) with Biopsy,Inpatient,Facility State,Kelantan,10300,7400,13100,,,50 - 99,Published,19,https://www.liam.org.my/library/healthcare/Price-Ranges-Common-Private-Healthcare-Services-Msia_27Jan2026.pdf
D1,Digestive,Endoscopy (Lower GI) with Biopsy,Inpatient,Facility State,Kuala Lumpur,10800,8400,15100,,,500 - 999,Published,19,https://www.liam.org.my/library/healthcare/Price-Ranges-Common-Private-Healthcare-Services-Msia_27Jan2026.pdf
D1,Digestive,Endoscopy (Lower GI) with Biopsy,Inpatient,Facility State,Melaka,10300,7600,14900,,,100 - 499,Published,19,https://www.liam.org.my/library/healthcare/Price-Ranges-Common-Private-Healthcare-Services-Msia_27Jan2026.pdf
D1,Digestive,Endoscopy (Lower GI) with Biopsy,Inpatient,Facility State,Negeri Sembilan,10700,8200,15700,,,100 - 499,Published,19,https://www.liam.org.my/library/healthcare/Price-Ranges-Common-Private-Healthcare-Services-Msia_27Jan2026.pdf
D1,Digestive,Endoscopy (Lower GI) with Biopsy,Inpatient,Facility State,Pahang,8000,6100,12100,,,100 - 499,Published,19,https://www.liam.org.my/library/healthcare/Price-Ranges-Common-Private-Healthcare-Services-Msia_27Jan2026.pdf
D1,Digestive,Endoscopy (Lower GI) with Biopsy,Inpatient,Facility State,Perak,8700,6800,12600,,,500 - 999,Published,19,https://www.liam.org.my/library/healthcare/Price-Ranges-Common-Private-Healthcare-Services-Msia_27Jan2026.pdf
D1,Digestive,Endoscopy (Lower GI) with Biopsy,Inpatient,Facility State,Perlis,8600,8400,9500,,,1 - 49,Published,19,https://www.liam.org.my/library/healthcare/Price-Ranges-Common-Private-Healthcare-Services-Msia_27Jan2026.pdf
D1,Digestive,Endoscopy (Lower GI) with Biopsy,Inpatient,Facility State,Pulau Pinang,8500,6500,11900,,,500 - 999,Published,19,https://www.liam.org.my/library/healthcare/Price-Ranges-Common-Private-Healthcare-Services-Msia_27Jan2026.pdf
D1,Digestive,Endoscopy (Lower GI) with Biopsy,Inpatient,Facility State,Sabah,12100,8800,16100,,,50 - 99,Published,19,https://www.liam.org.my/library/healthcare/Price-Ranges-Common-Private-Healthcare-Services-Msia_27Jan2026.pdf
D1,Digestive,Endoscopy (Lower GI) with Biopsy,Inpatient,Facility State,Sarawak,7200,4200,11500,,,100 - 499,Published,19,https://www.liam.org.my/library/healthcare/Price-Ranges-Common-Private-Healthcare-Services-Msia_27Jan2026.pdf
D1,Digestive,Endoscopy (Lower GI) with Biopsy,Inpatient,Facility State,Selangor,10600,8300,14500,,,"1,000 - 4,999",Published,19,https://www.liam.org.my/library/healthcare/Price-Ranges-Common-Private-Healthcare-Services-Msia_27Jan2026.pdf
D1,Digestive,Endoscopy (Lower GI) with Biopsy,Inpatient,Facility State,Terengganu,8700,7400,11300,,,1 - 49,Published,19,https://www.liam.org.my/library/healthcare/Price-Ranges-Common-Private-Healthcare-Services-Msia_27Jan2026.pdf
D1,Digestive,Endoscopy (Lower GI) with Biopsy,Inpatient,Age Group,Age 20 and below,10300,7400,13900,2.6,,100 - 499,Published,20,https://www.liam.org.my/library/healthcare/Price-Ranges-Common-Private-Healthcare-Services-Msia_27Jan2026.pdf
D1,Digestive,Endoscopy (Lower GI) with Biopsy,Inpatient,Age Group,Age between 21 – 40,9800,7600,13300,2.3,,"1,000 - 4,999",Published,20,https://www.liam.org.my/library/healthcare/Price-Ranges-Common-Private-Healthcare-Services-Msia_27Jan2026.pdf
D1,Digestive,Endoscopy (Lower GI) with Biopsy,Inpatient,Age Group,Age between 41 – 60,10200,7500,14700,2.2,,"1,000 - 4,999",Published,20,https://www.liam.org.my/library/healthcare/Price-Ranges-Common-Private-Healthcare-Services-Msia_27Jan2026.pdf
D1,Digestive,Endoscopy (Lower GI) with Biopsy,Inpatient,Age Group,Age 61 and above,10000,7000,14300,2.2,,500 - 999,Published,20,https://www.liam.org.my/library/healthcare/Price-Ranges-Common-Private-Healthcare-Services-Msia_27Jan2026.pdf
D1,Digestive,Endoscopy (Lower GI) with Biopsy,Daycare,Overall,All,4700,3700,5900,,Discharge within the same day,"1,000 - 4,999",Published,18,https://www.liam.org.my/library/healthcare/Price-Ranges-Common-Private-Healthcare-Services-Msia_27Jan2026.pdf
D1,Digestive,Endoscopy (Lower GI) with Biopsy,Daycare,Facility State,Johor,4800,3900,5800,,,100 - 499,Published,21,https://www.liam.org.my/library/healthcare/Price-Ranges-Common-Private-Healthcare-Services-Msia_27Jan2026.pdf
D1,Digestive,Endoscopy (Lower GI) with Biopsy,Daycare,Facility State,Kedah,4100,3300,5100,,,50 - 99,Published,21,https://www.liam.org.my/library/healthcare/Price-Ranges-Common-Private-Healthcare-Services-Msia_27Jan2026.pdf
D1,Digestive,Endoscopy (Lower GI) with Biopsy,Daycare,Facility State,Kelantan,,,,,,,Insufficient credible data,21,https://www.liam.org.my/library/healthcare/Price-Ranges-Common-Private-Healthcare-Services-Msia_27Jan2026.pdf
D1,Digestive,Endoscopy (Lower GI) with Biopsy,Daycare,Facility State,Kuala Lumpur,5200,4300,6300,,,"1,000 - 4,999",Published,21,https://www.liam.org.my/library/healthcare/Price-Ranges-Common-Private-Healthcare-Services-Msia_27Jan2026.pdf
D1,Digestive,Endoscopy (Lower GI) with Biopsy,Daycare,Facility State,Melaka,5200,4200,6800,,,100 - 499,Published,21,https://www.liam.org.my/library/healthcare/Price-Ranges-Common-Private-Healthcare-Services-Msia_27Jan2026.pdf
D1,Digestive,Endoscopy (Lower GI) with Biopsy,Daycare,Facility State,Negeri Sembilan,5300,4200,6700,,,100 - 499,Published,21,https://www.liam.org.my/library/healthcare/Price-Ranges-Common-Private-Healthcare-Services-Msia_27Jan2026.pdf
D1,Digestive,Endoscopy (Lower GI) with Biopsy,Daycare,Facility State,Pahang,4300,3300,4800,,,1 - 49,Published,21,https://www.liam.org.my/library/healthcare/Price-Ranges-Common-Private-Healthcare-Services-Msia_27Jan2026.pdf
D1,Digestive,Endoscopy (Lower GI) with Biopsy,Daycare,Facility State,Perak,4600,3600,5800,,,100 - 499,Published,21,https://www.liam.org.my/library/healthcare/Price-Ranges-Common-Private-Healthcare-Services-Msia_27Jan2026.pdf
D1,Digestive,Endoscopy (Lower GI) with Biopsy,Daycare,Facility State,Perlis,,,,,,,Insufficient credible data,21,https://www.liam.org.my/library/healthcare/Price-Ranges-Common-Private-Healthcare-Services-Msia_27Jan2026.pdf
D1,Digestive,Endoscopy (Lower GI) with Biopsy,Daycare,Facility State,Pulau Pinang,4100,3100,5000,,,100 - 499,Published,21,https://www.liam.org.my/library/healthcare/Price-Ranges-Common-Private-Healthcare-Services-Msia_27Jan2026.pdf
D1,Digestive,Endoscopy (Lower GI) with Biopsy,Daycare,Facility State,Sabah,5200,3900,6500,,,50 - 99,Published,21,https://www.liam.org.my/library/healthcare/Price-Ranges-Common-Private-Healthcare-Services-Msia_27Jan2026.pdf
D1,Digestive,Endoscopy (Lower GI) with Biopsy,Daycare,Facility State,Sarawak,2900,2400,3700,,,100 - 499,Published,21,https://www.liam.org.my/library/healthcare/Price-Ranges-Common-Private-Healthcare-Services-Msia_27Jan2026.pdf
D1,Digestive,Endoscopy (Lower GI) with Biopsy,Daycare,Facility State,Selangor,4800,4000,5900,,,"1,000 - 4,999",Published,21,https://www.liam.org.my/library/healthcare/Price-Ranges-Common-Private-Healthcare-Services-Msia_27Jan2026.pdf
D1,Digestive,Endoscopy (Lower GI) with Biopsy,Daycare,Facility State,Terengganu,,,,,,,Insufficient credible data,21,https://www.liam.org.my/library/healthcare/Price-Ranges-Common-Private-Healthcare-Services-Msia_27Jan2026.pdf
D1,Digestive,Endoscopy (Lower GI) with Biopsy,Daycare,Age Group,Age 20 and below,4600,3800,5800,,Discharge within the same day,100 - 499,Published,22,https://www.liam.org.my/library/healthcare/Price-Ranges-Common-Private-Healthcare-Services-Msia_27Jan2026.pdf
D1,Digestive,Endoscopy (Lower GI) with Biopsy,Daycare,Age Group,Age between 21 – 40,4700,3800,5800,,Discharge within the same day,"1,000 - 4,999",Published,22,https://www.liam.org.my/library/healthcare/Price-Ranges-Common-Private-Healthcare-Services-Msia_27Jan2026.pdf
D1,Digestive,Endoscopy (Lower GI) with Biopsy,Daycare,Age Group,Age between 41 – 60,4700,3700,5900,,Discharge within the same day,"1,000 - 4,999",Published,22,https://www.liam.org.my/library/healthcare/Price-Ranges-Common-Private-Healthcare-Services-Msia_27Jan2026.pdf
D1,Digestive,Endoscopy (Lower GI) with Biopsy,Daycare,Age Group,Age 61 and above,4700,3500,5800,,Discharge within the same day,500 - 999,Published,22,https://www.liam.org.my/library/healthcare/Price-Ranges-Common-Private-Healthcare-Services-Msia_27Jan2026.pdf
D2,Digestive,Endoscopy (Upper GI) with Biopsy,Inpatient,Overall,All,8800,6500,12400,2.3,,">= 5,000",Published,23,https://www.liam.org.my/library/healthcare/Price-Ranges-Common-Private-Healthcare-Services-Msia_27Jan2026.pdf
D2,Digestive,Endoscopy (Upper GI) with Biopsy,Inpatient,Facility State,Johor,8800,6700,12700,,,"1,000 - 4,999",Published,24,https://www.liam.org.my/library/healthcare/Price-Ranges-Common-Private-Healthcare-Services-Msia_27Jan2026.pdf
D2,Digestive,Endoscopy (Upper GI) with Biopsy,Inpatient,Facility State,Kedah,7000,5500,9400,,,500 - 999,Published,24,https://www.liam.org.my/library/healthcare/Price-Ranges-Common-Private-Healthcare-Services-Msia_27Jan2026.pdf
D2,Digestive,Endoscopy (Upper GI) with Biopsy,Inpatient,Facility State,Kelantan,10700,7800,15600,,,100 - 499,Published,24,https://www.liam.org.my/library/healthcare/Price-Ranges-Common-Private-Healthcare-Services-Msia_27Jan2026.pdf
D2,Digestive,Endoscopy (Upper GI) with Biopsy,Inpatient,Facility State,Kuala Lumpur,9500,7100,13800,,,"1,000 - 4,999",Published,24,https://www.liam.org.my/library/healthcare/Price-Ranges-Common-Private-Healthcare-Services-Msia_27Jan2026.pdf
D2,Digestive,Endoscopy (Upper GI) with Biopsy,Inpatient,Facility State,Melaka,9500,7200,13100,,,500 - 999,Published,24,https://www.liam.org.my/library/healthcare/Price-Ranges-Common-Private-Healthcare-Services-Msia_27Jan2026.pdf
D2,Digestive,Endoscopy (Upper GI) with Biopsy,Inpatient,Facility State,Negeri Sembilan,9400,7100,12900,,,500 - 999,Published,24,https://www.liam.org.my/library/healthcare/Price-Ranges-Common-Private-Healthcare-Services-Msia_27Jan2026.pdf
D2,Digestive,Endoscopy (Upper GI) with Biopsy,Inpatient,Facility State,Pahang,7700,6200,10700,,,100 - 499,Published,24,https://www.liam.org.my/library/healthcare/Price-Ranges-Common-Private-Healthcare-Services-Msia_27Jan2026.pdf
D2,Digestive,Endoscopy (Upper GI) with Biopsy,Inpatient,Facility State,Perak,8200,6400,10700,,,"1,000 - 4,999",Published,24,https://www.liam.org.my/library/healthcare/Price-Ranges-Common-Private-Healthcare-Services-Msia_27Jan2026.pdf
D2,Digestive,Endoscopy (Upper GI) with Biopsy,Inpatient,Facility State,Perlis,8700,7100,9700,,,1 - 49,Published,24,https://www.liam.org.my/library/healthcare/Price-Ranges-Common-Private-Healthcare-Services-Msia_27Jan2026.pdf
D2,Digestive,Endoscopy (Upper GI) with Biopsy,Inpatient,Facility State,Pulau Pinang,7400,5300,10200,,,"1,000 - 4,999",Published,24,https://www.liam.org.my/library/healthcare/Price-Ranges-Common-Private-Healthcare-Services-Msia_27Jan2026.pdf
D2,Digestive,Endoscopy (Upper GI) with Biopsy,Inpatient,Facility State,Sabah,12000,8500,18300,,,100 - 499,Published,24,https://www.liam.org.my/library/healthcare/Price-Ranges-Common-Private-Healthcare-Services-Msia_27Jan2026.pdf
D2,Digestive,Endoscopy (Upper GI) with Biopsy,Inpatient,Facility State,Sarawak,5800,4100,8500,,,100 - 499,Published,24,https://www.liam.org.my/library/healthcare/Price-Ranges-Common-Private-Healthcare-Services-Msia_27Jan2026.pdf
D2,Digestive,Endoscopy (Upper GI) with Biopsy,Inpatient,Facility State,Selangor,9700,7200,13700,,,"1,000 - 4,999",Published,24,https://www.liam.org.my/library/healthcare/Price-Ranges-Common-Private-Healthcare-Services-Msia_27Jan2026.pdf
D2,Digestive,Endoscopy (Upper GI) with Biopsy,Inpatient,Facility State,Terengganu,8900,6900,11400,,,1 - 49,Published,24,https://www.liam.org.my/library/healthcare/Price-Ranges-Common-Private-Healthcare-Services-Msia_27Jan2026.pdf
D2,Digestive,Endoscopy (Upper GI) with Biopsy,Inpatient,Age Group,Age 20 and below,7900,6100,10800,2.4,,"1,000 - 4,999",Published,25,https://www.liam.org.my/library/healthcare/Price-Ranges-Common-Private-Healthcare-Services-Msia_27Jan2026.pdf
D2,Digestive,Endoscopy (Upper GI) with Biopsy,Inpatient,Age Group,Age between 21 – 40,8100,6200,11000,2.2,,">= 5,000",Published,25,https://www.liam.org.my/library/healthcare/Price-Ranges-Common-Private-Healthcare-Services-Msia_27Jan2026.pdf
D2,Digestive,Endoscopy (Upper GI) with Biopsy,Inpatient,Age Group,Age between 41 – 60,9500,7100,14000,2.3,,">= 5,000",Published,25,https://www.liam.org.my/library/healthcare/Price-Ranges-Common-Private-Healthcare-Services-Msia_27Jan2026.pdf
D2,Digestive,Endoscopy (Upper GI) with Biopsy,Inpatient,Age Group,Age 61 and above,10000,7200,15000,2.4,,"1,000 - 4,999",Published,25,https://www.liam.org.my/library/healthcare/Price-Ranges-Common-Private-Healthcare-Services-Msia_27Jan2026.pdf
D2,Digestive,Endoscopy (Upper GI) with Biopsy,Daycare,Overall,All,4700,3300,6100,,Discharge within the same day,">= 5,000",Published,23,https://www.liam.org.my/library/healthcare/Price-Ranges-Common-Private-Healthcare-Services-Msia_27Jan2026.pdf
D2,Digestive,Endoscopy (Upper GI) with Biopsy,Daycare,Facility State,Johor,5000,3900,6200,,,500 - 999,Published,26,https://www.liam.org.my/library/healthcare/Price-Ranges-Common-Private-Healthcare-Services-Msia_27Jan2026.pdf
D2,Digestive,Endoscopy (Upper GI) with Biopsy,Daycare,Facility State,Kedah,3600,2800,4900,,,50 - 99,Published,26,https://www.liam.org.my/library/healthcare/Price-Ranges-Common-Private-Healthcare-Services-Msia_27Jan2026.pdf
D2,Digestive,Endoscopy (Upper GI) with Biopsy,Daycare,Facility State,Kelantan,,,,,,,Insufficient credible data,26,https://www.liam.org.my/library/healthcare/Price-Ranges-Common-Private-Healthcare-Services-Msia_27Jan2026.pdf
D2,Digestive,Endoscopy (Upper GI) with Biopsy,Daycare,Facility State,Kuala Lumpur,5000,3700,6500,,,"1,000 - 4,999",Published,26,https://www.liam.org.my/library/healthcare/Price-Ranges-Common-Private-Healthcare-Services-Msia_27Jan2026.pdf
D2,Digestive,Endoscopy (Upper GI) with Biopsy,Daycare,Facility State,Melaka,5600,3700,7000,,,100 - 499,Published,26,https://www.liam.org.my/library/healthcare/Price-Ranges-Common-Private-Healthcare-Services-Msia_27Jan2026.pdf
D2,Digestive,Endoscopy (Upper GI) with Biopsy,Daycare,Facility State,Negeri Sembilan,5200,4100,6600,,,100 - 499,Published,26,https://www.liam.org.my/library/healthcare/Price-Ranges-Common-Private-Healthcare-Services-Msia_27Jan2026.pdf
D2,Digestive,Endoscopy (Upper GI) with Biopsy,Daycare,Facility State,Pahang,3500,3000,4500,,,1 - 49,Published,26,https://www.liam.org.my/library/healthcare/Price-Ranges-Common-Private-Healthcare-Services-Msia_27Jan2026.pdf
D2,Digestive,Endoscopy (Upper GI) with Biopsy,Daycare,Facility State,Perak,4400,3300,5800,,,100 - 499,Published,26,https://www.liam.org.my/library/healthcare/Price-Ranges-Common-Private-Healthcare-Services-Msia_27Jan2026.pdf
D2,Digestive,Endoscopy (Upper GI) with Biopsy,Daycare,Facility State,Perlis,,,,,,,Insufficient credible data,26,https://www.liam.org.my/library/healthcare/Price-Ranges-Common-Private-Healthcare-Services-Msia_27Jan2026.pdf
D2,Digestive,Endoscopy (Upper GI) with Biopsy,Daycare,Facility State,Pulau Pinang,3900,2900,5000,,,500 - 999,Published,26,https://www.liam.org.my/library/healthcare/Price-Ranges-Common-Private-Healthcare-Services-Msia_27Jan2026.pdf
D2,Digestive,Endoscopy (Upper GI) with Biopsy,Daycare,Facility State,Sabah,5500,4400,6700,,,100 - 499,Published,26,https://www.liam.org.my/library/healthcare/Price-Ranges-Common-Private-Healthcare-Services-Msia_27Jan2026.pdf
D2,Digestive,Endoscopy (Upper GI) with Biopsy,Daycare,Facility State,Sarawak,3100,2500,3800,,,100 - 499,Published,26,https://www.liam.org.my/library/healthcare/Price-Ranges-Common-Private-Healthcare-Services-Msia_27Jan2026.pdf
D2,Digestive,Endoscopy (Upper GI) with Biopsy,Daycare,Facility State,Selangor,4900,3500,6300,,,"1,000 - 4,999",Published,26,https://www.liam.org.my/library/healthcare/Price-Ranges-Common-Private-Healthcare-Services-Msia_27Jan2026.pdf
D2,Digestive,Endoscopy (Upper GI) with Biopsy,Daycare,Facility State,Terengganu,,,,,,,Insufficient credible data,26,https://www.liam.org.my/library/healthcare/Price-Ranges-Common-Private-Healthcare-Services-Msia_27Jan2026.pdf
D2,Digestive,Endoscopy (Upper GI) with Biopsy,Daycare,Age Group,Age 20 and below,3900,3100,5400,,Discharge within the same day,100 - 499,Published,27,https://www.liam.org.my/library/healthcare/Price-Ranges-Common-Private-Healthcare-Services-Msia_27Jan2026.pdf
D2,Digestive,Endoscopy (Upper GI) with Biopsy,Daycare,Age Group,Age between 21 – 40,4100,3100,5400,,Discharge within the same day,"1,000 - 4,999",Published,27,https://www.liam.org.my/library/healthcare/Price-Ranges-Common-Private-Healthcare-Services-Msia_27Jan2026.pdf
D2,Digestive,Endoscopy (Upper GI) with Biopsy,Daycare,Age Group,Age between 41 – 60,4900,3600,6300,,Discharge within the same day,"1,000 - 4,999",Published,27,https://www.liam.org.my/library/healthcare/Price-Ranges-Common-Private-Healthcare-Services-Msia_27Jan2026.pdf
D2,Digestive,Endoscopy (Upper GI) with Biopsy,Daycare,Age Group,Age 61 and above,5200,3700,6600,,Discharge within the same day,500 - 999,Published,27,https://www.liam.org.my/library/healthcare/Price-Ranges-Common-Private-Healthcare-Services-Msia_27Jan2026.pdf
D3,Digestive,Removal of a Polyp-colon,Inpatient,Overall,All,9200,6000,13400,2.2,,100 - 499,Published,28,https://www.liam.org.my/library/healthcare/Price-Ranges-Common-Private-Healthcare-Services-Msia_27Jan2026.pdf
D3,Digestive,Removal of a Polyp-colon,Inpatient,Facility State,Johor,10400,7800,14200,,,1 - 49,Published,29,https://www.liam.org.my/library/healthcare/Price-Ranges-Common-Private-Healthcare-Services-Msia_27Jan2026.pdf
D3,Digestive,Removal of a Polyp-colon,Inpatient,Facility State,Kedah,,,,,,,Insufficient credible data,29,https://www.liam.org.my/library/healthcare/Price-Ranges-Common-Private-Healthcare-Services-Msia_27Jan2026.pdf
D3,Digestive,Removal of a Polyp-colon,Inpatient,Facility State,Kelantan,,,,,,,Insufficient credible data,29,https://www.liam.org.my/library/healthcare/Price-Ranges-Common-Private-Healthcare-Services-Msia_27Jan2026.pdf
D3,Digestive,Removal of a Polyp-colon,Inpatient,Facility State,Kuala Lumpur,10800,6600,16500,,,1 - 49,Published,29,https://www.liam.org.my/library/healthcare/Price-Ranges-Common-Private-Healthcare-Services-Msia_27Jan2026.pdf
D3,Digestive,Removal of a Polyp-colon,Inpatient,Facility State,Melaka,9500,6600,15600,,,1 - 49,Published,29,https://www.liam.org.my/library/healthcare/Price-Ranges-Common-Private-Healthcare-Services-Msia_27Jan2026.pdf
D3,Digestive,Removal of a Polyp-colon,Inpatient,Facility State,Negeri Sembilan,,,,,,,Insufficient credible data,29,https://www.liam.org.my/library/healthcare/Price-Ranges-Common-Private-Healthcare-Services-Msia_27Jan2026.pdf
D3,Digestive,Removal of a Polyp-colon,Inpatient,Facility State,Pahang,,,,,,,Insufficient credible data,29,https://www.liam.org.my/library/healthcare/Price-Ranges-Common-Private-Healthcare-Services-Msia_27Jan2026.pdf
D3,Digestive,Removal of a Polyp-colon,Inpatient,Facility State,Perak,9400,7700,14800,,,1 - 49,Published,29,https://www.liam.org.my/library/healthcare/Price-Ranges-Common-Private-Healthcare-Services-Msia_27Jan2026.pdf
D3,Digestive,Removal of a Polyp-colon,Inpatient,Facility State,Perlis,,,,,,,Insufficient credible data,29,https://www.liam.org.my/library/healthcare/Price-Ranges-Common-Private-Healthcare-Services-Msia_27Jan2026.pdf
D3,Digestive,Removal of a Polyp-colon,Inpatient,Facility State,Pulau Pinang,9200,6800,12100,,,1 - 49,Published,29,https://www.liam.org.my/library/healthcare/Price-Ranges-Common-Private-Healthcare-Services-Msia_27Jan2026.pdf
D3,Digestive,Removal of a Polyp-colon,Inpatient,Facility State,Sabah,,,,,,,Insufficient credible data,29,https://www.liam.org.my/library/healthcare/Price-Ranges-Common-Private-Healthcare-Services-Msia_27Jan2026.pdf
D3,Digestive,Removal of a Polyp-colon,Inpatient,Facility State,Sarawak,3500,2600,6300,,,50 - 99,Published,29,https://www.liam.org.my/library/healthcare/Price-Ranges-Common-Private-Healthcare-Services-Msia_27Jan2026.pdf
D3,Digestive,Removal of a Polyp-colon,Inpatient,Facility State,Selangor,11700,9400,15700,,,1 - 49,Published,29,https://www.liam.org.my/library/healthcare/Price-Ranges-Common-Private-Healthcare-Services-Msia_27Jan2026.pdf
D3,Digestive,Removal of a Polyp-colon,Inpatient,Facility State,Terengganu,,,,,,,Insufficient credible data,29,https://www.liam.org.my/library/healthcare/Price-Ranges-Common-Private-Healthcare-Services-Msia_27Jan2026.pdf
D3,Digestive,Removal of a Polyp-colon,Inpatient,Age Group,Age 20 and below,3100,2500,6700,2.1,,1 - 49,Published,30,https://www.liam.org.my/library/healthcare/Price-Ranges-Common-Private-Healthcare-Services-Msia_27Jan2026.pdf
D3,Digestive,Removal of a Polyp-colon,Inpatient,Age Group,Age between 21 – 40,10700,6600,15700,2.7,,50 - 99,Published,30,https://www.liam.org.my/library/healthcare/Price-Ranges-Common-Private-Healthcare-Services-Msia_27Jan2026.pdf
D3,Digestive,Removal of a Polyp-colon,Inpatient,Age Group,Age between 41 – 60,10600,6800,13800,2.1,,100 - 499,Published,30,https://www.liam.org.my/library/healthcare/Price-Ranges-Common-Private-Healthcare-Services-Msia_27Jan2026.pdf
D3,Digestive,Removal of a Polyp-colon,Inpatient,Age Group,Age 61 and above,8600,6400,12600,2.1,,50 - 99,Published,30,https://www.liam.org.my/library/healthcare/Price-Ranges-Common-Private-Healthcare-Services-Msia_27Jan2026.pdf
D3,Digestive,Removal of a Polyp-colon,Daycare,Overall,All,4700,4000,5800,,Discharge within the same day,100 - 499,Published,28,https://www.liam.org.my/library/healthcare/Price-Ranges-Common-Private-Healthcare-Services-Msia_27Jan2026.pdf
D3,Digestive,Removal of a Polyp-colon,Daycare,Facility State,Johor,5400,4000,6400,,,1 - 49,Published,31,https://www.liam.org.my/library/healthcare/Price-Ranges-Common-Private-Healthcare-Services-Msia_27Jan2026.pdf
D3,Digestive,Removal of a Polyp-colon,Daycare,Facility State,Kedah,,,,,,,Insufficient credible data,31,https://www.liam.org.my/library/healthcare/Price-Ranges-Common-Private-Healthcare-Services-Msia_27Jan2026.pdf
D3,Digestive,Removal of a Polyp-colon,Daycare,Facility State,Kelantan,,,,,,,Insufficient credible data,31,https://www.liam.org.my/library/healthcare/Price-Ranges-Common-Private-Healthcare-Services-Msia_27Jan2026.pdf
D3,Digestive,Removal of a Polyp-colon,Daycare,Facility State,Kuala Lumpur,5300,4400,6200,,,50 - 99,Published,31,https://www.liam.org.my/library/healthcare/Price-Ranges-Common-Private-Healthcare-Services-Msia_27Jan2026.pdf
D3,Digestive,Removal of a Polyp-colon,Daycare,Facility State,Melaka,,,,,,,Insufficient credible data,31,https://www.liam.org.my/library/healthcare/Price-Ranges-Common-Private-Healthcare-Services-Msia_27Jan2026.pdf
D3,Digestive,Removal of a Polyp-colon,Daycare,Facility State,Negeri Sembilan,,,,,,,Insufficient credible data,31,https://www.liam.org.my/library/healthcare/Price-Ranges-Common-Private-Healthcare-Services-Msia_27Jan2026.pdf
D3,Digestive,Removal of a Polyp-colon,Daycare,Facility State,Pahang,,,,,,,Insufficient credible data,31,https://www.liam.org.my/library/healthcare/Price-Ranges-Common-Private-Healthcare-Services-Msia_27Jan2026.pdf
D3,Digestive,Removal of a Polyp-colon,Daycare,Facility State,Perak,,,,,,,Insufficient credible data,31,https://www.liam.org.my/library/healthcare/Price-Ranges-Common-Private-Healthcare-Services-Msia_27Jan2026.pdf
D3,Digestive,Removal of a Polyp-colon,Daycare,Facility State,Perlis,,,,,,,Insufficient credible data,31,https://www.liam.org.my/library/healthcare/Price-Ranges-Common-Private-Healthcare-Services-Msia_27Jan2026.pdf
D3,Digestive,Removal of a Polyp-colon,Daycare,Facility State,Pulau Pinang,4300,3500,5000,,,1 - 49,Published,31,https://www.liam.org.my/library/healthcare/Price-Ranges-Common-Private-Healthcare-Services-Msia_27Jan2026.pdf
D3,Digestive,Removal of a Polyp-colon,Daycare,Facility State,Sabah,,,,,,,Insufficient credible data,31,https://www.liam.org.my/library/healthcare/Price-Ranges-Common-Private-Healthcare-Services-Msia_27Jan2026.pdf
D3,Digestive,Removal of a Polyp-colon,Daycare,Facility State,Sarawak,3800,3400,4600,,,1 - 49,Published,31,https://www.liam.org.my/library/healthcare/Price-Ranges-Common-Private-Healthcare-Services-Msia_27Jan2026.pdf
D3,Digestive,Removal of a Polyp-colon,Daycare,Facility State,Selangor,4900,4300,6300,,,50 - 99,Published,31,https://www.liam.org.my/library/healthcare/Price-Ranges-Common-Private-Healthcare-Services-Msia_27Jan2026.pdf
D3,Digestive,Removal of a Polyp-colon,Daycare,Facility State,Terengganu,,,,,,,Insufficient credible data,31,https://www.liam.org.my/library/healthcare/Price-Ranges-Common-Private-Healthcare-Services-Msia_27Jan2026.pdf
D3,Digestive,Removal of a Polyp-colon,Daycare,Age Group,Age 20 and below,,,,,Discharge within the same day,,Insufficient credible data,32,https://www.liam.org.my/library/healthcare/Price-Ranges-Common-Private-Healthcare-Services-Msia_27Jan2026.pdf
D3,Digestive,Removal of a Polyp-colon,Daycare,Age Group,Age between 21 – 40,4300,3700,5300,,Discharge within the same day,1 - 49,Published,32,https://www.liam.org.my/library/healthcare/Price-Ranges-Common-Private-Healthcare-Services-Msia_27Jan2026.pdf
D3,Digestive,Removal of a Polyp-colon,Daycare,Age Group,Age between 41 – 60,4800,4000,5900,,Discharge within the same day,100 - 499,Published,32,https://www.liam.org.my/library/healthcare/Price-Ranges-Common-Private-Healthcare-Services-Msia_27Jan2026.pdf
D3,Digestive,Removal of a Polyp-colon,Daycare,Age Group,Age 61 and above,4700,3900,6000,,Discharge within the same day,50 - 99,Published,32,https://www.liam.org.my/library/healthcare/Price-Ranges-Common-Private-Healthcare-Services-Msia_27Jan2026.pdf
D4,Digestive,Removal of Appendix,Inpatient,Overall,All,20700,17000,25500,2.7,,"1,000 - 4,999",Published,33,https://www.liam.org.my/library/healthcare/Price-Ranges-Common-Private-Healthcare-Services-Msia_27Jan2026.pdf
D4,Digestive,Removal of Appendix,Inpatient,Facility State,Johor,21500,18300,25500,,,100 - 499,Published,34,https://www.liam.org.my/library/healthcare/Price-Ranges-Common-Private-Healthcare-Services-Msia_27Jan2026.pdf
D4,Digestive,Removal of Appendix,Inpatient,Facility State,Kedah,17900,14600,20000,,,100 - 499,Published,34,https://www.liam.org.my/library/healthcare/Price-Ranges-Common-Private-Healthcare-Services-Msia_27Jan2026.pdf
D4,Digestive,Removal of Appendix,Inpatient,Facility State,Kelantan,25700,19900,29400,,,1 - 49,Published,34,https://www.liam.org.my/library/healthcare/Price-Ranges-Common-Private-Healthcare-Services-Msia_27Jan2026.pdf
D4,Digestive,Removal of Appendix,Inpatient,Facility State,Kuala Lumpur,24500,20000,29500,,,100 - 499,Published,34,https://www.liam.org.my/library/healthcare/Price-Ranges-Common-Private-Healthcare-Services-Msia_27Jan2026.pdf
D4,Digestive,Removal of Appendix,Inpatient,Facility State,Melaka,17800,15700,21500,,,100 - 499,Published,34,https://www.liam.org.my/library/healthcare/Price-Ranges-Common-Private-Healthcare-Services-Msia_27Jan2026.pdf
D4,Digestive,Removal of Appendix,Inpatient,Facility State,Negeri Sembilan,23800,19800,29400,,,50 - 99,Published,34,https://www.liam.org.my/library/healthcare/Price-Ranges-Common-Private-Healthcare-Services-Msia_27Jan2026.pdf
D4,Digestive,Removal of Appendix,Inpatient,Facility State,Pahang,18800,17500,22500,,,50 - 99,Published,34,https://www.liam.org.my/library/healthcare/Price-Ranges-Common-Private-Healthcare-Services-Msia_27Jan2026.pdf
D4,Digestive,Removal of Appendix,Inpatient,Facility State,Perak,20700,17700,26000,,,100 - 499,Published,34,https://www.liam.org.my/library/healthcare/Price-Ranges-Common-Private-Healthcare-Services-Msia_27Jan2026.pdf
D4,Digestive,Removal of Appendix,Inpatient,Facility State,Perlis,19500,18100,22100,,,1 - 49,Published,34,https://www.liam.org.my/library/healthcare/Price-Ranges-Common-Private-Healthcare-Services-Msia_27Jan2026.pdf
D4,Digestive,Removal of Appendix,Inpatient,Facility State,Pulau Pinang,16700,14400,20800,,,100 - 499,Published,34,https://www.liam.org.my/library/healthcare/Price-Ranges-Common-Private-Healthcare-Services-Msia_27Jan2026.pdf
D4,Digestive,Removal of Appendix,Inpatient,Facility State,Sabah,21300,18300,26100,,,1 - 49,Published,34,https://www.liam.org.my/library/healthcare/Price-Ranges-Common-Private-Healthcare-Services-Msia_27Jan2026.pdf
D4,Digestive,Removal of Appendix,Inpatient,Facility State,Sarawak,12900,11200,15700,,,50 - 99,Published,34,https://www.liam.org.my/library/healthcare/Price-Ranges-Common-Private-Healthcare-Services-Msia_27Jan2026.pdf
D4,Digestive,Removal of Appendix,Inpatient,Facility State,Selangor,22700,18500,27300,,,500 - 999,Published,34,https://www.liam.org.my/library/healthcare/Price-Ranges-Common-Private-Healthcare-Services-Msia_27Jan2026.pdf
D4,Digestive,Removal of Appendix,Inpatient,Facility State,Terengganu,20900,19600,22100,,,1 - 49,Published,34,https://www.liam.org.my/library/healthcare/Price-Ranges-Common-Private-Healthcare-Services-Msia_27Jan2026.pdf
D4,Digestive,Removal of Appendix,Inpatient,Age Group,Age 20 and below,19100,15700,23200,2.6,,500 - 999,Published,35,https://www.liam.org.my/library/healthcare/Price-Ranges-Common-Private-Healthcare-Services-Msia_27Jan2026.pdf
D4,Digestive,Removal of Appendix,Inpatient,Age Group,Age between 21 – 40,21000,17200,25700,2.6,,"1,000 - 4,999",Published,35,https://www.liam.org.my/library/healthcare/Price-Ranges-Common-Private-Healthcare-Services-Msia_27Jan2026.pdf
D4,Digestive,Removal of Appendix,Inpatient,Age Group,Age between 41 – 60,22800,18500,27700,2.9,,500 - 999,Published,35,https://www.liam.org.my/library/healthcare/Price-Ranges-Common-Private-Healthcare-Services-Msia_27Jan2026.pdf
D4,Digestive,Removal of Appendix,Inpatient,Age Group,Age 61 and above,24900,18600,34100,3.0,,50 - 99,Published,35,https://www.liam.org.my/library/healthcare/Price-Ranges-Common-Private-Healthcare-Services-Msia_27Jan2026.pdf
D5,Digestive,Removal of Gallbladder,Inpatient,Overall,All,21300,16900,27800,2.8,,"1,000 - 4,999",Published,36,https://www.liam.org.my/library/healthcare/Price-Ranges-Common-Private-Healthcare-Services-Msia_27Jan2026.pdf
D5,Digestive,Removal of Gallbladder,Inpatient,Facility State,Johor,24600,19700,30500,,,100 - 499,Published,37,https://www.liam.org.my/library/healthcare/Price-Ranges-Common-Private-Healthcare-Services-Msia_27Jan2026.pdf
D5,Digestive,Removal of Gallbladder,Inpatient,Facility State,Kedah,20700,17300,25200,,,50 - 99,Published,37,https://www.liam.org.my/library/healthcare/Price-Ranges-Common-Private-Healthcare-Services-Msia_27Jan2026.pdf
D5,Digestive,Removal of Gallbladder,Inpatient,Facility State,Kelantan,24400,20000,28900,,,1 - 49,Published,37,https://www.liam.org.my/library/healthcare/Price-Ranges-Common-Private-Healthcare-Services-Msia_27Jan2026.pdf
D5,Digestive,Removal of Gallbladder,Inpatient,Facility State,Kuala Lumpur,22200,18400,28800,,,100 - 499,Published,37,https://www.liam.org.my/library/healthcare/Price-Ranges-Common-Private-Healthcare-Services-Msia_27Jan2026.pdf
D5,Digestive,Removal of Gallbladder,Inpatient,Facility State,Melaka,17800,13600,22300,,,100 - 499,Published,37,https://www.liam.org.my/library/healthcare/Price-Ranges-Common-Private-Healthcare-Services-Msia_27Jan2026.pdf
D5,Digestive,Removal of Gallbladder,Inpatient,Facility State,Negeri Sembilan,21200,19000,27200,,,50 - 99,Published,37,https://www.liam.org.my/library/healthcare/Price-Ranges-Common-Private-Healthcare-Services-Msia_27Jan2026.pdf
D5,Digestive,Removal of Gallbladder,Inpatient,Facility State,Pahang,19000,17000,24600,,,1 - 49,Published,37,https://www.liam.org.my/library/healthcare/Price-Ranges-Common-Private-Healthcare-Services-Msia_27Jan2026.pdf
D5,Digestive,Removal of Gallbladder,Inpatient,Facility State,Perak,20800,17200,25700,,,100 - 499,Published,37,https://www.liam.org.my/library/healthcare/Price-Ranges-Common-Private-Healthcare-Services-Msia_27Jan2026.pdf
D5,Digestive,Removal of Gallbladder,Inpatient,Facility State,Perlis,,,,,,,Insufficient credible data,37,https://www.liam.org.my/library/healthcare/Price-Ranges-Common-Private-Healthcare-Services-Msia_27Jan2026.pdf
D5,Digestive,Removal of Gallbladder,Inpatient,Facility State,Pulau Pinang,17800,13300,22600,,,100 - 499,Published,37,https://www.liam.org.my/library/healthcare/Price-Ranges-Common-Private-Healthcare-Services-Msia_27Jan2026.pdf
D5,Digestive,Removal of Gallbladder,Inpatient,Facility State,Sabah,26800,18500,37400,,,1 - 49,Published,37,https://www.liam.org.my/library/healthcare/Price-Ranges-Common-Private-Healthcare-Services-Msia_27Jan2026.pdf
D5,Digestive,Removal of Gallbladder,Inpatient,Facility State,Sarawak,12500,10800,15900,,,100 - 499,Published,37,https://www.liam.org.my/library/healthcare/Price-Ranges-Common-Private-Healthcare-Services-Msia_27Jan2026.pdf
D5,Digestive,Removal of Gallbladder,Inpatient,Facility State,Selangor,24000,19500,32400,,,500 - 999,Published,37,https://www.liam.org.my/library/healthcare/Price-Ranges-Common-Private-Healthcare-Services-Msia_27Jan2026.pdf
D5,Digestive,Removal of Gallbladder,Inpatient,Facility State,Terengganu,,,,,,,Insufficient credible data,37,https://www.liam.org.my/library/healthcare/Price-Ranges-Common-Private-Healthcare-Services-Msia_27Jan2026.pdf
D5,Digestive,Removal of Gallbladder,Inpatient,Age Group,Age 20 and below,22300,18800,26200,3.4,,1 - 49,Published,38,https://www.liam.org.my/library/healthcare/Price-Ranges-Common-Private-Healthcare-Services-Msia_27Jan2026.pdf
D5,Digestive,Removal of Gallbladder,Inpatient,Age Group,Age between 21 – 40,21700,17400,28000,2.8,,500 - 999,Published,38,https://www.liam.org.my/library/healthcare/Price-Ranges-Common-Private-Healthcare-Services-Msia_27Jan2026.pdf
D5,Digestive,Removal of Gallbladder,Inpatient,Age Group,Age between 41 – 60,21400,16900,27800,2.7,,"1,000 - 4,999",Published,38,https://www.liam.org.my/library/healthcare/Price-Ranges-Common-Private-Healthcare-Services-Msia_27Jan2026.pdf
D5,Digestive,Removal of Gallbladder,Inpatient,Age Group,Age 61 and above,20000,15500,27700,2.7,,100 - 499,Published,38,https://www.liam.org.my/library/healthcare/Price-Ranges-Common-Private-Healthcare-Services-Msia_27Jan2026.pdf
D6,Digestive,Removal of Piles at Anus/Rectum,Inpatient,Overall,All,14800,11300,18500,2.1,,"1,000 - 4,999",Published,39,https://www.liam.org.my/library/healthcare/Price-Ranges-Common-Private-Healthcare-Services-Msia_27Jan2026.pdf
D6,Digestive,Removal of Piles at Anus/Rectum,Inpatient,Facility State,Johor,17000,14100,21200,,,100 - 499,Published,40,https://www.liam.org.my/library/healthcare/Price-Ranges-Common-Private-Healthcare-Services-Msia_27Jan2026.pdf
D6,Digestive,Removal of Piles at Anus/Rectum,Inpatient,Facility State,Kedah,12500,10100,14500,,,1 - 49,Published,40,https://www.liam.org.my/library/healthcare/Price-Ranges-Common-Private-Healthcare-Services-Msia_27Jan2026.pdf
D6,Digestive,Removal of Piles at Anus/Rectum,Inpatient,Facility State,Kelantan,20600,16200,23700,,,1 - 49,Published,40,https://www.liam.org.my/library/healthcare/Price-Ranges-Common-Private-Healthcare-Services-Msia_27Jan2026.pdf
D6,Digestive,Removal of Piles at Anus/Rectum,Inpatient,Facility State,Kuala Lumpur,15200,11700,18200,,,100 - 499,Published,40,https://www.liam.org.my/library/healthcare/Price-Ranges-Common-Private-Healthcare-Services-Msia_27Jan2026.pdf
D6,Digestive,Removal of Piles at Anus/Rectum,Inpatient,Facility State,Melaka,13200,11600,18200,,,100 - 499,Published,40,https://www.liam.org.my/library/healthcare/Price-Ranges-Common-Private-Healthcare-Services-Msia_27Jan2026.pdf
D6,Digestive,Removal of Piles at Anus/Rectum,Inpatient,Facility State,Negeri Sembilan,13300,10100,17200,,,50 - 99,Published,40,https://www.liam.org.my/library/healthcare/Price-Ranges-Common-Private-Healthcare-Services-Msia_27Jan2026.pdf
D6,Digestive,Removal of Piles at Anus/Rectum,Inpatient,Facility State,Pahang,13600,12600,16600,,,1 - 49,Published,40,https://www.liam.org.my/library/healthcare/Price-Ranges-Common-Private-Healthcare-Services-Msia_27Jan2026.pdf
D6,Digestive,Removal of Piles at Anus/Rectum,Inpatient,Facility State,Perak,14900,13200,16800,,,100 - 499,Published,40,https://www.liam.org.my/library/healthcare/Price-Ranges-Common-Private-Healthcare-Services-Msia_27Jan2026.pdf
D6,Digestive,Removal of Piles at Anus/Rectum,Inpatient,Facility State,Perlis,,,,,,,Insufficient credible data,40,https://www.liam.org.my/library/healthcare/Price-Ranges-Common-Private-Healthcare-Services-Msia_27Jan2026.pdf
D6,Digestive,Removal of Piles at Anus/Rectum,Inpatient,Facility State,Pulau Pinang,10400,8300,13700,,,100 - 499,Published,40,https://www.liam.org.my/library/healthcare/Price-Ranges-Common-Private-Healthcare-Services-Msia_27Jan2026.pdf
D6,Digestive,Removal of Piles at Anus/Rectum,Inpatient,Facility State,Sabah,13600,8800,17300,,,1 - 49,Published,40,https://www.liam.org.my/library/healthcare/Price-Ranges-Common-Private-Healthcare-Services-Msia_27Jan2026.pdf
D6,Digestive,Removal of Piles at Anus/Rectum,Inpatient,Facility State,Sarawak,9300,6000,11700,,,100 - 499,Published,40,https://www.liam.org.my/library/healthcare/Price-Ranges-Common-Private-Healthcare-Services-Msia_27Jan2026.pdf
D6,Digestive,Removal of Piles at Anus/Rectum,Inpatient,Facility State,Selangor,15800,12700,19500,,,500 - 999,Published,40,https://www.liam.org.my/library/healthcare/Price-Ranges-Common-Private-Healthcare-Services-Msia_27Jan2026.pdf
D6,Digestive,Removal of Piles at Anus/Rectum,Inpatient,Facility State,Terengganu,18300,16800,19200,,,1 - 49,Published,40,https://www.liam.org.my/library/healthcare/Price-Ranges-Common-Private-Healthcare-Services-Msia_27Jan2026.pdf
D6,Digestive,Removal of Piles at Anus/Rectum,Inpatient,Age Group,Age 20 and below,13600,10200,16000,2.0,,1 - 49,Published,41,https://www.liam.org.my/library/healthcare/Price-Ranges-Common-Private-Healthcare-Services-Msia_27Jan2026.pdf
D6,Digestive,Removal of Piles at Anus/Rectum,Inpatient,Age Group,Age between 21 – 40,14900,11400,18700,2.2,,500 - 999,Published,41,https://www.liam.org.my/library/healthcare/Price-Ranges-Common-Private-Healthcare-Services-Msia_27Jan2026.pdf
D6,Digestive,Removal of Piles at Anus/Rectum,Inpatient,Age Group,Age between 41 – 60,14800,11200,18500,1.9,,500 - 999,Published,41,https://www.liam.org.my/library/healthcare/Price-Ranges-Common-Private-Healthcare-Services-Msia_27Jan2026.pdf
D6,Digestive,Removal of Piles at Anus/Rectum,Inpatient,Age Group,Age 61 and above,14900,11800,18100,1.9,,100 - 499,Published,41,https://www.liam.org.my/library/healthcare/Price-Ranges-Common-Private-Healthcare-Services-Msia_27Jan2026.pdf
D6,Digestive,Removal of Piles at Anus/Rectum,Daycare,Overall,All,4900,3500,6300,,Discharge within the same day,50 - 99,Published,39,https://www.liam.org.my/library/healthcare/Price-Ranges-Common-Private-Healthcare-Services-Msia_27Jan2026.pdf
D6,Digestive,Removal of Piles at Anus/Rectum,Daycare,Facility State,Johor,,,,,,,Insufficient credible data,42,https://www.liam.org.my/library/healthcare/Price-Ranges-Common-Private-Healthcare-Services-Msia_27Jan2026.pdf
D6,Digestive,Removal of Piles at Anus/Rectum,Daycare,Facility State,Kedah,,,,,,,Insufficient credible data,42,https://www.liam.org.my/library/healthcare/Price-Ranges-Common-Private-Healthcare-Services-Msia_27Jan2026.pdf
D6,Digestive,Removal of Piles at Anus/Rectum,Daycare,Facility State,Kelantan,,,,,,,Insufficient credible data,42,https://www.liam.org.my/library/healthcare/Price-Ranges-Common-Private-Healthcare-Services-Msia_27Jan2026.pdf
D6,Digestive,Removal of Piles at Anus/Rectum,Daycare,Facility State,Kuala Lumpur,4400,2000,6400,,,1 - 49,Published,42,https://www.liam.org.my/library/healthcare/Price-Ranges-Common-Private-Healthcare-Services-Msia_27Jan2026.pdf
D6,Digestive,Removal of Piles at Anus/Rectum,Daycare,Facility State,Melaka,,,,,,,Insufficient credible data,42,https://www.liam.org.my/library/healthcare/Price-Ranges-Common-Private-Healthcare-Services-Msia_27Jan2026.pdf
D6,Digestive,Removal of Piles at Anus/Rectum,Daycare,Facility State,Negeri Sembilan,,,,,,,Insufficient credible data,42,https://www.liam.org.my/library/healthcare/Price-Ranges-Common-Private-Healthcare-Services-Msia_27Jan2026.pdf
D6,Digestive,Removal of Piles at Anus/Rectum,Daycare,Facility State,Pahang,,,,,,,Insufficient credible data,42,https://www.liam.org.my/library/healthcare/Price-Ranges-Common-Private-Healthcare-Services-Msia_27Jan2026.pdf
D6,Digestive,Removal of Piles at Anus/Rectum,Daycare,Facility State,Perak,,,,,,,Insufficient credible data,42,https://www.liam.org.my/library/healthcare/Price-Ranges-Common-Private-Healthcare-Services-Msia_27Jan2026.pdf
D6,Digestive,Removal of Piles at Anus/Rectum,Daycare,Facility State,Perlis,,,,,,,Insufficient credible data,42,https://www.liam.org.my/library/healthcare/Price-Ranges-Common-Private-Healthcare-Services-Msia_27Jan2026.pdf
D6,Digestive,Removal of Piles at Anus/Rectum,Daycare,Facility State,Pulau Pinang,,,,,,,Insufficient credible data,42,https://www.liam.org.my/library/healthcare/Price-Ranges-Common-Private-Healthcare-Services-Msia_27Jan2026.pdf
D6,Digestive,Removal of Piles at Anus/Rectum,Daycare,Facility State,Sabah,,,,,,,Insufficient credible data,42,https://www.liam.org.my/library/healthcare/Price-Ranges-Common-Private-Healthcare-Services-Msia_27Jan2026.pdf
D6,Digestive,Removal of Piles at Anus/Rectum,Daycare,Facility State,Sarawak,,,,,,,Insufficient credible data,42,https://www.liam.org.my/library/healthcare/Price-Ranges-Common-Private-Healthcare-Services-Msia_27Jan2026.pdf
D6,Digestive,Removal of Piles at Anus/Rectum,Daycare,Facility State,Selangor,5400,3900,6500,,,1 - 49,Published,42,https://www.liam.org.my/library/healthcare/Price-Ranges-Common-Private-Healthcare-Services-Msia_27Jan2026.pdf
D6,Digestive,Removal of Piles at Anus/Rectum,Daycare,Facility State,Terengganu,,,,,,,Insufficient credible data,42,https://www.liam.org.my/library/healthcare/Price-Ranges-Common-Private-Healthcare-Services-Msia_27Jan2026.pdf
D6,Digestive,Removal of Piles at Anus/Rectum,Daycare,Age Group,Age 20 and below,,,,,Discharge within the same day,,Insufficient credible data,43,https://www.liam.org.my/library/healthcare/Price-Ranges-Common-Private-Healthcare-Services-Msia_27Jan2026.pdf
D6,Digestive,Removal of Piles at Anus/Rectum,Daycare,Age Group,Age between 21 – 40,4600,3500,5700,,Discharge within the same day,1 - 49,Published,43,https://www.liam.org.my/library/healthcare/Price-Ranges-Common-Private-Healthcare-Services-Msia_27Jan2026.pdf
D6,Digestive,Removal of Piles at Anus/Rectum,Daycare,Age Group,Age between 41 – 60,5100,3600,6400,,Discharge within the same day,1 - 49,Published,43,https://www.liam.org.my/library/healthcare/Price-Ranges-Common-Private-Healthcare-Services-Msia_27Jan2026.pdf
D6,Digestive,Removal of Piles at Anus/Rectum,Daycare,Age Group,Age 61 and above,4700,1900,7100,,Discharge within the same day,1 - 49,Published,43,https://www.liam.org.my/library/healthcare/Price-Ranges-Common-Private-Healthcare-Services-Msia_27Jan2026.pdf
T1,"Ear, Nose, and Throat (ENT)",Diagnostic Bronchoscopy,Inpatient,Overall,All,15000,11200,21400,4.0,,"1,000 - 4,999",Published,44,https://www.liam.org.my/library/healthcare/Price-Ranges-Common-Private-Healthcare-Services-Msia_27Jan2026.pdf
T1,"Ear, Nose, and Throat (ENT)",Diagnostic Bronchoscopy,Inpatient,Facility State,Johor,13900,11000,20600,,,100 - 499,Published,45,https://www.liam.org.my/library/healthcare/Price-Ranges-Common-Private-Healthcare-Services-Msia_27Jan2026.pdf
T1,"Ear, Nose, and Throat (ENT)",Diagnostic Bronchoscopy,Inpatient,Facility State,Kedah,11300,9800,13900,,,50 - 99,Published,45,https://www.liam.org.my/library/healthcare/Price-Ranges-Common-Private-Healthcare-Services-Msia_27Jan2026.pdf
T1,"Ear, Nose, and Throat (ENT)",Diagnostic Bronchoscopy,Inpatient,Facility State,Kelantan,,,,,,,Insufficient credible data,45,https://www.liam.org.my/library/healthcare/Price-Ranges-Common-Private-Healthcare-Services-Msia_27Jan2026.pdf
T1,"Ear, Nose, and Throat (ENT)",Diagnostic Bronchoscopy,Inpatient,Facility State,Kuala Lumpur,15900,11000,22200,,,100 - 499,Published,45,https://www.liam.org.my/library/healthcare/Price-Ranges-Common-Private-Healthcare-Services-Msia_27Jan2026.pdf
T1,"Ear, Nose, and Throat (ENT)",Diagnostic Bronchoscopy,Inpatient,Facility State,Melaka,20100,17100,29500,,,50 - 99,Published,45,https://www.liam.org.my/library/healthcare/Price-Ranges-Common-Private-Healthcare-Services-Msia_27Jan2026.pdf
T1,"Ear, Nose, and Throat (ENT)",Diagnostic Bronchoscopy,Inpatient,Facility State,Negeri Sembilan,20400,12300,25900,,,1 - 49,Published,45,https://www.liam.org.my/library/healthcare/Price-Ranges-Common-Private-Healthcare-Services-Msia_27Jan2026.pdf
T1,"Ear, Nose, and Throat (ENT)",Diagnostic Bronchoscopy,Inpatient,Facility State,Pahang,,,,,,,Insufficient credible data,45,https://www.liam.org.my/library/healthcare/Price-Ranges-Common-Private-Healthcare-Services-Msia_27Jan2026.pdf
T1,"Ear, Nose, and Throat (ENT)",Diagnostic Bronchoscopy,Inpatient,Facility State,Perak,13000,10200,16100,,,1 - 49,Published,45,https://www.liam.org.my/library/healthcare/Price-Ranges-Common-Private-Healthcare-Services-Msia_27Jan2026.pdf
T1,"Ear, Nose, and Throat (ENT)",Diagnostic Bronchoscopy,Inpatient,Facility State,Perlis,,,,,,,Insufficient credible data,45,https://www.liam.org.my/library/healthcare/Price-Ranges-Common-Private-Healthcare-Services-Msia_27Jan2026.pdf
T1,"Ear, Nose, and Throat (ENT)",Diagnostic Bronchoscopy,Inpatient,Facility State,Pulau Pinang,15000,11900,19300,,,100 - 499,Published,45,https://www.liam.org.my/library/healthcare/Price-Ranges-Common-Private-Healthcare-Services-Msia_27Jan2026.pdf
T1,"Ear, Nose, and Throat (ENT)",Diagnostic Bronchoscopy,Inpatient,Facility State,Sabah,,,,,,,Insufficient credible data,45,https://www.liam.org.my/library/healthcare/Price-Ranges-Common-Private-Healthcare-Services-Msia_27Jan2026.pdf
T1,"Ear, Nose, and Throat (ENT)",Diagnostic Bronchoscopy,Inpatient,Facility State,Sarawak,,,,,,,Insufficient credible data,45,https://www.liam.org.my/library/healthcare/Price-Ranges-Common-Private-Healthcare-Services-Msia_27Jan2026.pdf
T1,"Ear, Nose, and Throat (ENT)",Diagnostic Bronchoscopy,Inpatient,Facility State,Selangor,15000,10800,22400,,,100 - 499,Published,45,https://www.liam.org.my/library/healthcare/Price-Ranges-Common-Private-Healthcare-Services-Msia_27Jan2026.pdf
T1,"Ear, Nose, and Throat (ENT)",Diagnostic Bronchoscopy,Inpatient,Facility State,Terengganu,,,,,,,Insufficient credible data,45,https://www.liam.org.my/library/healthcare/Price-Ranges-Common-Private-Healthcare-Services-Msia_27Jan2026.pdf
T1,"Ear, Nose, and Throat (ENT)",Diagnostic Bronchoscopy,Inpatient,Age Group,Age 20 and below,14100,11800,19300,4.7,,100 - 499,Published,46,https://www.liam.org.my/library/healthcare/Price-Ranges-Common-Private-Healthcare-Services-Msia_27Jan2026.pdf
T1,"Ear, Nose, and Throat (ENT)",Diagnostic Bronchoscopy,Inpatient,Age Group,Age between 21 – 40,14500,10700,19800,3.8,,500 - 999,Published,46,https://www.liam.org.my/library/healthcare/Price-Ranges-Common-Private-Healthcare-Services-Msia_27Jan2026.pdf
T1,"Ear, Nose, and Throat (ENT)",Diagnostic Bronchoscopy,Inpatient,Age Group,Age between 41 – 60,15000,11300,21900,4.2,,500 - 999,Published,46,https://www.liam.org.my/library/healthcare/Price-Ranges-Common-Private-Healthcare-Services-Msia_27Jan2026.pdf
T1,"Ear, Nose, and Throat (ENT)",Diagnostic Bronchoscopy,Inpatient,Age Group,Age 61 and above,17300,11700,24700,4.2,,100 - 499,Published,46,https://www.liam.org.my/library/healthcare/Price-Ranges-Common-Private-Healthcare-Services-Msia_27Jan2026.pdf
T1,"Ear, Nose, and Throat (ENT)",Diagnostic Bronchoscopy,Daycare,Overall,All,5100,3800,6200,,Discharge within the same day,50 - 99,Published,44,https://www.liam.org.my/library/healthcare/Price-Ranges-Common-Private-Healthcare-Services-Msia_27Jan2026.pdf
T1,"Ear, Nose, and Throat (ENT)",Diagnostic Bronchoscopy,Daycare,Facility State,Johor,,,,,,,Insufficient credible data,47,https://www.liam.org.my/library/healthcare/Price-Ranges-Common-Private-Healthcare-Services-Msia_27Jan2026.pdf
T1,"Ear, Nose, and Throat (ENT)",Diagnostic Bronchoscopy,Daycare,Facility State,Kedah,,,,,,,Insufficient credible data,47,https://www.liam.org.my/library/healthcare/Price-Ranges-Common-Private-Healthcare-Services-Msia_27Jan2026.pdf
T1,"Ear, Nose, and Throat (ENT)",Diagnostic Bronchoscopy,Daycare,Facility State,Kelantan,,,,,,,Insufficient credible data,47,https://www.liam.org.my/library/healthcare/Price-Ranges-Common-Private-Healthcare-Services-Msia_27Jan2026.pdf
T1,"Ear, Nose, and Throat (ENT)",Diagnostic Bronchoscopy,Daycare,Facility State,Kuala Lumpur,6100,5300,6700,,,1 - 49,Published,47,https://www.liam.org.my/library/healthcare/Price-Ranges-Common-Private-Healthcare-Services-Msia_27Jan2026.pdf
T1,"Ear, Nose, and Throat (ENT)",Diagnostic Bronchoscopy,Daycare,Facility State,Melaka,,,,,,,Insufficient credible data,47,https://www.liam.org.my/library/healthcare/Price-Ranges-Common-Private-Healthcare-Services-Msia_27Jan2026.pdf
T1,"Ear, Nose, and Throat (ENT)",Diagnostic Bronchoscopy,Daycare,Facility State,Negeri Sembilan,,,,,,,Insufficient credible data,47,https://www.liam.org.my/library/healthcare/Price-Ranges-Common-Private-Healthcare-Services-Msia_27Jan2026.pdf
T1,"Ear, Nose, and Throat (ENT)",Diagnostic Bronchoscopy,Daycare,Facility State,Pahang,,,,,,,Insufficient credible data,47,https://www.liam.org.my/library/healthcare/Price-Ranges-Common-Private-Healthcare-Services-Msia_27Jan2026.pdf
T1,"Ear, Nose, and Throat (ENT)",Diagnostic Bronchoscopy,Daycare,Facility State,Perak,,,,,,,Insufficient credible data,47,https://www.liam.org.my/library/healthcare/Price-Ranges-Common-Private-Healthcare-Services-Msia_27Jan2026.pdf
T1,"Ear, Nose, and Throat (ENT)",Diagnostic Bronchoscopy,Daycare,Facility State,Perlis,,,,,,,Insufficient credible data,47,https://www.liam.org.my/library/healthcare/Price-Ranges-Common-Private-Healthcare-Services-Msia_27Jan2026.pdf
T1,"Ear, Nose, and Throat (ENT)",Diagnostic Bronchoscopy,Daycare,Facility State,Pulau Pinang,3500,3200,4300,,,1 - 49,Published,47,https://www.liam.org.my/library/healthcare/Price-Ranges-Common-Private-Healthcare-Services-Msia_27Jan2026.pdf
T1,"Ear, Nose, and Throat (ENT)",Diagnostic Bronchoscopy,Daycare,Facility State,Sabah,,,,,,,Insufficient credible data,47,https://www.liam.org.my/library/healthcare/Price-Ranges-Common-Private-Healthcare-Services-Msia_27Jan2026.pdf
T1,"Ear, Nose, and Throat (ENT)",Diagnostic Bronchoscopy,Daycare,Facility State,Sarawak,,,,,,,Insufficient credible data,47,https://www.liam.org.my/library/healthcare/Price-Ranges-Common-Private-Healthcare-Services-Msia_27Jan2026.pdf
T1,"Ear, Nose, and Throat (ENT)",Diagnostic Bronchoscopy,Daycare,Facility State,Selangor,5400,4700,6400,,,1 - 49,Published,47,https://www.liam.org.my/library/healthcare/Price-Ranges-Common-Private-Healthcare-Services-Msia_27Jan2026.pdf
T1,"Ear, Nose, and Throat (ENT)",Diagnostic Bronchoscopy,Daycare,Facility State,Terengganu,,,,,,,Insufficient credible data,47,https://www.liam.org.my/library/healthcare/Price-Ranges-Common-Private-Healthcare-Services-Msia_27Jan2026.pdf
T1,"Ear, Nose, and Throat (ENT)",Diagnostic Bronchoscopy,Daycare,Age Group,Age 20 and below,,,,,Discharge within the same day,,Insufficient credible data,48,https://www.liam.org.my/library/healthcare/Price-Ranges-Common-Private-Healthcare-Services-Msia_27Jan2026.pdf
T1,"Ear, Nose, and Throat (ENT)",Diagnostic Bronchoscopy,Daycare,Age Group,Age between 21 – 40,5300,4100,6000,,Discharge within the same day,1 - 49,Published,48,https://www.liam.org.my/library/healthcare/Price-Ranges-Common-Private-Healthcare-Services-Msia_27Jan2026.pdf
T1,"Ear, Nose, and Throat (ENT)",Diagnostic Bronchoscopy,Daycare,Age Group,Age between 41 – 60,4900,3700,6200,,Discharge within the same day,1 - 49,Published,48,https://www.liam.org.my/library/healthcare/Price-Ranges-Common-Private-Healthcare-Services-Msia_27Jan2026.pdf
T1,"Ear, Nose, and Throat (ENT)",Diagnostic Bronchoscopy,Daycare,Age Group,Age 61 and above,5200,4200,6300,,Discharge within the same day,1 - 49,Published,48,https://www.liam.org.my/library/healthcare/Price-Ranges-Common-Private-Healthcare-Services-Msia_27Jan2026.pdf
T2,"Ear, Nose, and Throat (ENT)",Endoscopy - Sinus/Nasendoscopy,Inpatient,Overall,All,7800,5400,11500,2.8,,">= 5,000",Published,49,https://www.liam.org.my/library/healthcare/Price-Ranges-Common-Private-Healthcare-Services-Msia_27Jan2026.pdf
T2,"Ear, Nose, and Throat (ENT)",Endoscopy - Sinus/Nasendoscopy,Inpatient,Facility State,Johor,7600,5400,11200,,,500 - 999,Published,50,https://www.liam.org.my/library/healthcare/Price-Ranges-Common-Private-Healthcare-Services-Msia_27Jan2026.pdf
T2,"Ear, Nose, and Throat (ENT)",Endoscopy - Sinus/Nasendoscopy,Inpatient,Facility State,Kedah,6800,5200,9900,,,100 - 499,Published,50,https://www.liam.org.my/library/healthcare/Price-Ranges-Common-Private-Healthcare-Services-Msia_27Jan2026.pdf
T2,"Ear, Nose, and Throat (ENT)",Endoscopy - Sinus/Nasendoscopy,Inpatient,Facility State,Kelantan,8600,6600,11600,,,100 - 499,Published,50,https://www.liam.org.my/library/healthcare/Price-Ranges-Common-Private-Healthcare-Services-Msia_27Jan2026.pdf
T2,"Ear, Nose, and Throat (ENT)",Endoscopy - Sinus/Nasendoscopy,Inpatient,Facility State,Kuala Lumpur,9100,6300,14000,,,500 - 999,Published,50,https://www.liam.org.my/library/healthcare/Price-Ranges-Common-Private-Healthcare-Services-Msia_27Jan2026.pdf
T2,"Ear, Nose, and Throat (ENT)",Endoscopy - Sinus/Nasendoscopy,Inpatient,Facility State,Melaka,6900,4700,10300,,,100 - 499,Published,50,https://www.liam.org.my/library/healthcare/Price-Ranges-Common-Private-Healthcare-Services-Msia_27Jan2026.pdf
T2,"Ear, Nose, and Throat (ENT)",Endoscopy - Sinus/Nasendoscopy,Inpatient,Facility State,Negeri Sembilan,8400,5700,11400,,,100 - 499,Published,50,https://www.liam.org.my/library/healthcare/Price-Ranges-Common-Private-Healthcare-Services-Msia_27Jan2026.pdf
T2,"Ear, Nose, and Throat (ENT)",Endoscopy - Sinus/Nasendoscopy,Inpatient,Facility State,Pahang,9700,7100,13600,,,100 - 499,Published,50,https://www.liam.org.my/library/healthcare/Price-Ranges-Common-Private-Healthcare-Services-Msia_27Jan2026.pdf
T2,"Ear, Nose, and Throat (ENT)",Endoscopy - Sinus/Nasendoscopy,Inpatient,Facility State,Perak,6500,4700,9400,,,100 - 499,Published,50,https://www.liam.org.my/library/healthcare/Price-Ranges-Common-Private-Healthcare-Services-Msia_27Jan2026.pdf
T2,"Ear, Nose, and Throat (ENT)",Endoscopy - Sinus/Nasendoscopy,Inpatient,Facility State,Perlis,6800,4800,9000,,,1 - 49,Published,50,https://www.liam.org.my/library/healthcare/Price-Ranges-Common-Private-Healthcare-Services-Msia_27Jan2026.pdf
T2,"Ear, Nose, and Throat (ENT)",Endoscopy - Sinus/Nasendoscopy,Inpatient,Facility State,Pulau Pinang,6700,4600,9900,,,500 - 999,Published,50,https://www.liam.org.my/library/healthcare/Price-Ranges-Common-Private-Healthcare-Services-Msia_27Jan2026.pdf
T2,"Ear, Nose, and Throat (ENT)",Endoscopy - Sinus/Nasendoscopy,Inpatient,Facility State,Sabah,8200,5000,16300,,,50 - 99,Published,50,https://www.liam.org.my/library/healthcare/Price-Ranges-Common-Private-Healthcare-Services-Msia_27Jan2026.pdf
T2,"Ear, Nose, and Throat (ENT)",Endoscopy - Sinus/Nasendoscopy,Inpatient,Facility State,Sarawak,4900,3600,7600,,,50 - 99,Published,50,https://www.liam.org.my/library/healthcare/Price-Ranges-Common-Private-Healthcare-Services-Msia_27Jan2026.pdf
T2,"Ear, Nose, and Throat (ENT)",Endoscopy - Sinus/Nasendoscopy,Inpatient,Facility State,Selangor,8200,5900,12200,,,"1,000 - 4,999",Published,50,https://www.liam.org.my/library/healthcare/Price-Ranges-Common-Private-Healthcare-Services-Msia_27Jan2026.pdf
T2,"Ear, Nose, and Throat (ENT)",Endoscopy - Sinus/Nasendoscopy,Inpatient,Facility State,Terengganu,6400,5300,9300,,,1 - 49,Published,50,https://www.liam.org.my/library/healthcare/Price-Ranges-Common-Private-Healthcare-Services-Msia_27Jan2026.pdf
T2,"Ear, Nose, and Throat (ENT)",Endoscopy - Sinus/Nasendoscopy,Inpatient,Age Group,Age 20 and below,7600,5500,10700,3.0,,"1,000 - 4,999",Published,51,https://www.liam.org.my/library/healthcare/Price-Ranges-Common-Private-Healthcare-Services-Msia_27Jan2026.pdf
T2,"Ear, Nose, and Throat (ENT)",Endoscopy - Sinus/Nasendoscopy,Inpatient,Age Group,Age between 21 – 40,7600,5300,11300,2.8,,"1,000 - 4,999",Published,51,https://www.liam.org.my/library/healthcare/Price-Ranges-Common-Private-Healthcare-Services-Msia_27Jan2026.pdf
T2,"Ear, Nose, and Throat (ENT)",Endoscopy - Sinus/Nasendoscopy,Inpatient,Age Group,Age between 41 – 60,8200,5600,12400,2.8,,"1,000 - 4,999",Published,51,https://www.liam.org.my/library/healthcare/Price-Ranges-Common-Private-Healthcare-Services-Msia_27Jan2026.pdf
T2,"Ear, Nose, and Throat (ENT)",Endoscopy - Sinus/Nasendoscopy,Inpatient,Age Group,Age 61 and above,8500,5500,13400,2.8,,100 - 499,Published,51,https://www.liam.org.my/library/healthcare/Price-Ranges-Common-Private-Healthcare-Services-Msia_27Jan2026.pdf
T2,"Ear, Nose, and Throat (ENT)",Endoscopy - Sinus/Nasendoscopy,Daycare,Overall,All,3100,1400,5300,,Discharge within the same day,50 - 99,Published,49,https://www.liam.org.my/library/healthcare/Price-Ranges-Common-Private-Healthcare-Services-Msia_27Jan2026.pdf
T2,"Ear, Nose, and Throat (ENT)",Endoscopy - Sinus/Nasendoscopy,Daycare,Facility State,Johor,,,,,,,Insufficient credible data,52,https://www.liam.org.my/library/healthcare/Price-Ranges-Common-Private-Healthcare-Services-Msia_27Jan2026.pdf
T2,"Ear, Nose, and Throat (ENT)",Endoscopy - Sinus/Nasendoscopy,Daycare,Facility State,Kedah,,,,,,,Insufficient credible data,52,https://www.liam.org.my/library/healthcare/Price-Ranges-Common-Private-Healthcare-Services-Msia_27Jan2026.pdf
T2,"Ear, Nose, and Throat (ENT)",Endoscopy - Sinus/Nasendoscopy,Daycare,Facility State,Kelantan,,,,,,,Insufficient credible data,52,https://www.liam.org.my/library/healthcare/Price-Ranges-Common-Private-Healthcare-Services-Msia_27Jan2026.pdf
T2,"Ear, Nose, and Throat (ENT)",Endoscopy - Sinus/Nasendoscopy,Daycare,Facility State,Kuala Lumpur,,,,,,,Insufficient credible data,52,https://www.liam.org.my/library/healthcare/Price-Ranges-Common-Private-Healthcare-Services-Msia_27Jan2026.pdf
T2,"Ear, Nose, and Throat (ENT)",Endoscopy - Sinus/Nasendoscopy,Daycare,Facility State,Melaka,,,,,,,Insufficient credible data,52,https://www.liam.org.my/library/healthcare/Price-Ranges-Common-Private-Healthcare-Services-Msia_27Jan2026.pdf
T2,"Ear, Nose, and Throat (ENT)",Endoscopy - Sinus/Nasendoscopy,Daycare,Facility State,Negeri Sembilan,,,,,,,Insufficient credible data,52,https://www.liam.org.my/library/healthcare/Price-Ranges-Common-Private-Healthcare-Services-Msia_27Jan2026.pdf
T2,"Ear, Nose, and Throat (ENT)",Endoscopy - Sinus/Nasendoscopy,Daycare,Facility State,Pahang,,,,,,,Insufficient credible data,52,https://www.liam.org.my/library/healthcare/Price-Ranges-Common-Private-Healthcare-Services-Msia_27Jan2026.pdf
T2,"Ear, Nose, and Throat (ENT)",Endoscopy - Sinus/Nasendoscopy,Daycare,Facility State,Perak,,,,,,,Insufficient credible data,52,https://www.liam.org.my/library/healthcare/Price-Ranges-Common-Private-Healthcare-Services-Msia_27Jan2026.pdf
T2,"Ear, Nose, and Throat (ENT)",Endoscopy - Sinus/Nasendoscopy,Daycare,Facility State,Perlis,,,,,,,Insufficient credible data,52,https://www.liam.org.my/library/healthcare/Price-Ranges-Common-Private-Healthcare-Services-Msia_27Jan2026.pdf
T2,"Ear, Nose, and Throat (ENT)",Endoscopy - Sinus/Nasendoscopy,Daycare,Facility State,Pulau Pinang,,,,,,,Insufficient credible data,52,https://www.liam.org.my/library/healthcare/Price-Ranges-Common-Private-Healthcare-Services-Msia_27Jan2026.pdf
T2,"Ear, Nose, and Throat (ENT)",Endoscopy - Sinus/Nasendoscopy,Daycare,Facility State,Sabah,,,,,,,Insufficient credible data,52,https://www.liam.org.my/library/healthcare/Price-Ranges-Common-Private-Healthcare-Services-Msia_27Jan2026.pdf
T2,"Ear, Nose, and Throat (ENT)",Endoscopy - Sinus/Nasendoscopy,Daycare,Facility State,Sarawak,,,,,,,Insufficient credible data,52,https://www.liam.org.my/library/healthcare/Price-Ranges-Common-Private-Healthcare-Services-Msia_27Jan2026.pdf
T2,"Ear, Nose, and Throat (ENT)",Endoscopy - Sinus/Nasendoscopy,Daycare,Facility State,Selangor,2300,1000,4300,,,1 - 49,Published,52,https://www.liam.org.my/library/healthcare/Price-Ranges-Common-Private-Healthcare-Services-Msia_27Jan2026.pdf
T2,"Ear, Nose, and Throat (ENT)",Endoscopy - Sinus/Nasendoscopy,Daycare,Facility State,Terengganu,,,,,,,Insufficient credible data,52,https://www.liam.org.my/library/healthcare/Price-Ranges-Common-Private-Healthcare-Services-Msia_27Jan2026.pdf
T2,"Ear, Nose, and Throat (ENT)",Endoscopy - Sinus/Nasendoscopy,Daycare,Age Group,Age 20 and below,3900,2700,6400,,Discharge within the same day,1 - 49,Published,53,https://www.liam.org.my/library/healthcare/Price-Ranges-Common-Private-Healthcare-Services-Msia_27Jan2026.pdf
T2,"Ear, Nose, and Throat (ENT)",Endoscopy - Sinus/Nasendoscopy,Daycare,Age Group,Age between 21 – 40,2500,1500,5600,,Discharge within the same day,1 - 49,Published,53,https://www.liam.org.my/library/healthcare/Price-Ranges-Common-Private-Healthcare-Services-Msia_27Jan2026.pdf
T2,"Ear, Nose, and Throat (ENT)",Endoscopy - Sinus/Nasendoscopy,Daycare,Age Group,Age between 41 – 60,,,,,Discharge within the same day,,Insufficient credible data,53,https://www.liam.org.my/library/healthcare/Price-Ranges-Common-Private-Healthcare-Services-Msia_27Jan2026.pdf
T2,"Ear, Nose, and Throat (ENT)",Endoscopy - Sinus/Nasendoscopy,Daycare,Age Group,Age 61 and above,,,,,Discharge within the same day,,Insufficient credible data,53,https://www.liam.org.my/library/healthcare/Price-Ranges-Common-Private-Healthcare-Services-Msia_27Jan2026.pdf
T3,"Ear, Nose, and Throat (ENT)",Laryngeal & Pharyngeal Endoscopy,Inpatient,Overall,All,7800,5600,11400,2.7,,"1,000 - 4,999",Published,54,https://www.liam.org.my/library/healthcare/Price-Ranges-Common-Private-Healthcare-Services-Msia_27Jan2026.pdf
T3,"Ear, Nose, and Throat (ENT)",Laryngeal & Pharyngeal Endoscopy,Inpatient,Facility State,Johor,7400,5500,10500,,,"1,000 - 4,999",Published,55,https://www.liam.org.my/library/healthcare/Price-Ranges-Common-Private-Healthcare-Services-Msia_27Jan2026.pdf
T3,"Ear, Nose, and Throat (ENT)",Laryngeal & Pharyngeal Endoscopy,Inpatient,Facility State,Kedah,7100,5600,10400,,,100 - 499,Published,55,https://www.liam.org.my/library/healthcare/Price-Ranges-Common-Private-Healthcare-Services-Msia_27Jan2026.pdf
T3,"Ear, Nose, and Throat (ENT)",Laryngeal & Pharyngeal Endoscopy,Inpatient,Facility State,Kelantan,,,,,,,Insufficient credible data,55,https://www.liam.org.my/library/healthcare/Price-Ranges-Common-Private-Healthcare-Services-Msia_27Jan2026.pdf
T3,"Ear, Nose, and Throat (ENT)",Laryngeal & Pharyngeal Endoscopy,Inpatient,Facility State,Kuala Lumpur,8600,5900,14200,,,500 - 999,Published,55,https://www.liam.org.my/library/healthcare/Price-Ranges-Common-Private-Healthcare-Services-Msia_27Jan2026.pdf
T3,"Ear, Nose, and Throat (ENT)",Laryngeal & Pharyngeal Endoscopy,Inpatient,Facility State,Melaka,7900,5900,12200,,,100 - 499,Published,55,https://www.liam.org.my/library/healthcare/Price-Ranges-Common-Private-Healthcare-Services-Msia_27Jan2026.pdf
T3,"Ear, Nose, and Throat (ENT)",Laryngeal & Pharyngeal Endoscopy,Inpatient,Facility State,Negeri Sembilan,8500,6300,11300,,,100 - 499,Published,55,https://www.liam.org.my/library/healthcare/Price-Ranges-Common-Private-Healthcare-Services-Msia_27Jan2026.pdf
T3,"Ear, Nose, and Throat (ENT)",Laryngeal & Pharyngeal Endoscopy,Inpatient,Facility State,Pahang,9900,5400,15300,,,1 - 49,Published,55,https://www.liam.org.my/library/healthcare/Price-Ranges-Common-Private-Healthcare-Services-Msia_27Jan2026.pdf
T3,"Ear, Nose, and Throat (ENT)",Laryngeal & Pharyngeal Endoscopy,Inpatient,Facility State,Perak,7500,5400,10900,,,100 - 499,Published,55,https://www.liam.org.my/library/healthcare/Price-Ranges-Common-Private-Healthcare-Services-Msia_27Jan2026.pdf
T3,"Ear, Nose, and Throat (ENT)",Laryngeal & Pharyngeal Endoscopy,Inpatient,Facility State,Perlis,,,,,,,Insufficient credible data,55,https://www.liam.org.my/library/healthcare/Price-Ranges-Common-Private-Healthcare-Services-Msia_27Jan2026.pdf
T3,"Ear, Nose, and Throat (ENT)",Laryngeal & Pharyngeal Endoscopy,Inpatient,Facility State,Pulau Pinang,6100,4400,9300,,,100 - 499,Published,55,https://www.liam.org.my/library/healthcare/Price-Ranges-Common-Private-Healthcare-Services-Msia_27Jan2026.pdf
T3,"Ear, Nose, and Throat (ENT)",Laryngeal & Pharyngeal Endoscopy,Inpatient,Facility State,Sabah,11100,9900,12500,,,1 - 49,Published,55,https://www.liam.org.my/library/healthcare/Price-Ranges-Common-Private-Healthcare-Services-Msia_27Jan2026.pdf
T3,"Ear, Nose, and Throat (ENT)",Laryngeal & Pharyngeal Endoscopy,Inpatient,Facility State,Sarawak,7900,5100,9900,,,50 - 99,Published,55,https://www.liam.org.my/library/healthcare/Price-Ranges-Common-Private-Healthcare-Services-Msia_27Jan2026.pdf
T3,"Ear, Nose, and Throat (ENT)",Laryngeal & Pharyngeal Endoscopy,Inpatient,Facility State,Selangor,8300,5800,12000,,,"1,000 - 4,999",Published,55,https://www.liam.org.my/library/healthcare/Price-Ranges-Common-Private-Healthcare-Services-Msia_27Jan2026.pdf
T3,"Ear, Nose, and Throat (ENT)",Laryngeal & Pharyngeal Endoscopy,Inpatient,Facility State,Terengganu,,,,,,,Insufficient credible data,55,https://www.liam.org.my/library/healthcare/Price-Ranges-Common-Private-Healthcare-Services-Msia_27Jan2026.pdf
T3,"Ear, Nose, and Throat (ENT)",Laryngeal & Pharyngeal Endoscopy,Inpatient,Age Group,Age 20 and below,7800,5600,11100,2.8,,500 - 999,Published,56,https://www.liam.org.my/library/healthcare/Price-Ranges-Common-Private-Healthcare-Services-Msia_27Jan2026.pdf
T3,"Ear, Nose, and Throat (ENT)",Laryngeal & Pharyngeal Endoscopy,Inpatient,Age Group,Age between 21 – 40,7500,5500,10900,2.7,,"1,000 - 4,999",Published,56,https://www.liam.org.my/library/healthcare/Price-Ranges-Common-Private-Healthcare-Services-Msia_27Jan2026.pdf
T3,"Ear, Nose, and Throat (ENT)",Laryngeal & Pharyngeal Endoscopy,Inpatient,Age Group,Age between 41 – 60,8200,5800,12400,2.6,,"1,000 - 4,999",Published,56,https://www.liam.org.my/library/healthcare/Price-Ranges-Common-Private-Healthcare-Services-Msia_27Jan2026.pdf
T3,"Ear, Nose, and Throat (ENT)",Laryngeal & Pharyngeal Endoscopy,Inpatient,Age Group,Age 61 and above,9000,6400,14400,2.7,,100 - 499,Published,56,https://www.liam.org.my/library/healthcare/Price-Ranges-Common-Private-Healthcare-Services-Msia_27Jan2026.pdf
T3,"Ear, Nose, and Throat (ENT)",Laryngeal & Pharyngeal Endoscopy,Daycare,Overall,All,3200,1800,4900,,Discharge within the same day,100 - 499,Published,54,https://www.liam.org.my/library/healthcare/Price-Ranges-Common-Private-Healthcare-Services-Msia_27Jan2026.pdf
T3,"Ear, Nose, and Throat (ENT)",Laryngeal & Pharyngeal Endoscopy,Daycare,Facility State,Johor,,,,,,,Insufficient credible data,57,https://www.liam.org.my/library/healthcare/Price-Ranges-Common-Private-Healthcare-Services-Msia_27Jan2026.pdf
T3,"Ear, Nose, and Throat (ENT)",Laryngeal & Pharyngeal Endoscopy,Daycare,Facility State,Kedah,,,,,,,Insufficient credible data,57,https://www.liam.org.my/library/healthcare/Price-Ranges-Common-Private-Healthcare-Services-Msia_27Jan2026.pdf
T3,"Ear, Nose, and Throat (ENT)",Laryngeal & Pharyngeal Endoscopy,Daycare,Facility State,Kelantan,,,,,,,Insufficient credible data,57,https://www.liam.org.my/library/healthcare/Price-Ranges-Common-Private-Healthcare-Services-Msia_27Jan2026.pdf
T3,"Ear, Nose, and Throat (ENT)",Laryngeal & Pharyngeal Endoscopy,Daycare,Facility State,Kuala Lumpur,2900,1800,4200,,,1 - 49,Published,57,https://www.liam.org.my/library/healthcare/Price-Ranges-Common-Private-Healthcare-Services-Msia_27Jan2026.pdf
T3,"Ear, Nose, and Throat (ENT)",Laryngeal & Pharyngeal Endoscopy,Daycare,Facility State,Melaka,,,,,,,Insufficient credible data,57,https://www.liam.org.my/library/healthcare/Price-Ranges-Common-Private-Healthcare-Services-Msia_27Jan2026.pdf
T3,"Ear, Nose, and Throat (ENT)",Laryngeal & Pharyngeal Endoscopy,Daycare,Facility State,Negeri Sembilan,,,,,,,Insufficient credible data,57,https://www.liam.org.my/library/healthcare/Price-Ranges-Common-Private-Healthcare-Services-Msia_27Jan2026.pdf
T3,"Ear, Nose, and Throat (ENT)",Laryngeal & Pharyngeal Endoscopy,Daycare,Facility State,Pahang,,,,,,,Insufficient credible data,57,https://www.liam.org.my/library/healthcare/Price-Ranges-Common-Private-Healthcare-Services-Msia_27Jan2026.pdf
T3,"Ear, Nose, and Throat (ENT)",Laryngeal & Pharyngeal Endoscopy,Daycare,Facility State,Perak,,,,,,,Insufficient credible data,57,https://www.liam.org.my/library/healthcare/Price-Ranges-Common-Private-Healthcare-Services-Msia_27Jan2026.pdf
T3,"Ear, Nose, and Throat (ENT)",Laryngeal & Pharyngeal Endoscopy,Daycare,Facility State,Perlis,,,,,,,Insufficient credible data,57,https://www.liam.org.my/library/healthcare/Price-Ranges-Common-Private-Healthcare-Services-Msia_27Jan2026.pdf
T3,"Ear, Nose, and Throat (ENT)",Laryngeal & Pharyngeal Endoscopy,Daycare,Facility State,Pulau Pinang,,,,,,,Insufficient credible data,57,https://www.liam.org.my/library/healthcare/Price-Ranges-Common-Private-Healthcare-Services-Msia_27Jan2026.pdf
T3,"Ear, Nose, and Throat (ENT)",Laryngeal & Pharyngeal Endoscopy,Daycare,Facility State,Sabah,,,,,,,Insufficient credible data,57,https://www.liam.org.my/library/healthcare/Price-Ranges-Common-Private-Healthcare-Services-Msia_27Jan2026.pdf
T3,"Ear, Nose, and Throat (ENT)",Laryngeal & Pharyngeal Endoscopy,Daycare,Facility State,Sarawak,,,,,,,Insufficient credible data,57,https://www.liam.org.my/library/healthcare/Price-Ranges-Common-Private-Healthcare-Services-Msia_27Jan2026.pdf
T3,"Ear, Nose, and Throat (ENT)",Laryngeal & Pharyngeal Endoscopy,Daycare,Facility State,Selangor,3200,1500,5400,,,1 - 49,Published,57,https://www.liam.org.my/library/healthcare/Price-Ranges-Common-Private-Healthcare-Services-Msia_27Jan2026.pdf
T3,"Ear, Nose, and Throat (ENT)",Laryngeal & Pharyngeal Endoscopy,Daycare,Facility State,Terengganu,,,,,,,Insufficient credible data,57,https://www.liam.org.my/library/healthcare/Price-Ranges-Common-Private-Healthcare-Services-Msia_27Jan2026.pdf
T3,"Ear, Nose, and Throat (ENT)",Laryngeal & Pharyngeal Endoscopy,Daycare,Age Group,Age 20 and below,3000,1800,6500,,Discharge within the same day,1 - 49,Published,58,https://www.liam.org.my/library/healthcare/Price-Ranges-Common-Private-Healthcare-Services-Msia_27Jan2026.pdf
T3,"Ear, Nose, and Throat (ENT)",Laryngeal & Pharyngeal Endoscopy,Daycare,Age Group,Age between 21 – 40,3100,1900,4500,,Discharge within the same day,1 - 49,Published,58,https://www.liam.org.my/library/healthcare/Price-Ranges-Common-Private-Healthcare-Services-Msia_27Jan2026.pdf
T3,"Ear, Nose, and Throat (ENT)",Laryngeal & Pharyngeal Endoscopy,Daycare,Age Group,Age between 41 – 60,3600,1500,5000,,Discharge within the same day,1 - 49,Published,58,https://www.liam.org.my/library/healthcare/Price-Ranges-Common-Private-Healthcare-Services-Msia_27Jan2026.pdf
T3,"Ear, Nose, and Throat (ENT)",Laryngeal & Pharyngeal Endoscopy,Daycare,Age Group,Age 61 and above,3200,1600,4300,,Discharge within the same day,1 - 49,Published,58,https://www.liam.org.my/library/healthcare/Price-Ranges-Common-Private-Healthcare-Services-Msia_27Jan2026.pdf
T4,"Ear, Nose, and Throat (ENT)",Laryngoscopy,Inpatient,Overall,All,7900,5400,12400,2.9,,"1,000 - 4,999",Published,59,https://www.liam.org.my/library/healthcare/Price-Ranges-Common-Private-Healthcare-Services-Msia_27Jan2026.pdf
T4,"Ear, Nose, and Throat (ENT)",Laryngoscopy,Inpatient,Facility State,Johor,7200,5100,11200,,,100 - 499,Published,60,https://www.liam.org.my/library/healthcare/Price-Ranges-Common-Private-Healthcare-Services-Msia_27Jan2026.pdf
T4,"Ear, Nose, and Throat (ENT)",Laryngoscopy,Inpatient,Facility State,Kedah,6200,4800,8800,,,1 - 49,Published,60,https://www.liam.org.my/library/healthcare/Price-Ranges-Common-Private-Healthcare-Services-Msia_27Jan2026.pdf
T4,"Ear, Nose, and Throat (ENT)",Laryngoscopy,Inpatient,Facility State,Kelantan,9900,6700,11600,,,1 - 49,Published,60,https://www.liam.org.my/library/healthcare/Price-Ranges-Common-Private-Healthcare-Services-Msia_27Jan2026.pdf
T4,"Ear, Nose, and Throat (ENT)",Laryngoscopy,Inpatient,Facility State,Kuala Lumpur,9500,5900,15000,,,100 - 499,Published,60,https://www.liam.org.my/library/healthcare/Price-Ranges-Common-Private-Healthcare-Services-Msia_27Jan2026.pdf
T4,"Ear, Nose, and Throat (ENT)",Laryngoscopy,Inpatient,Facility State,Melaka,7800,5400,11200,,,50 - 99,Published,60,https://www.liam.org.my/library/healthcare/Price-Ranges-Common-Private-Healthcare-Services-Msia_27Jan2026.pdf
T4,"Ear, Nose, and Throat (ENT)",Laryngoscopy,Inpatient,Facility State,Negeri Sembilan,8500,5300,12800,,,50 - 99,Published,60,https://www.liam.org.my/library/healthcare/Price-Ranges-Common-Private-Healthcare-Services-Msia_27Jan2026.pdf
T4,"Ear, Nose, and Throat (ENT)",Laryngoscopy,Inpatient,Facility State,Pahang,8000,6600,10300,,,1 - 49,Published,60,https://www.liam.org.my/library/healthcare/Price-Ranges-Common-Private-Healthcare-Services-Msia_27Jan2026.pdf
T4,"Ear, Nose, and Throat (ENT)",Laryngoscopy,Inpatient,Facility State,Perak,8300,5200,11900,,,100 - 499,Published,60,https://www.liam.org.my/library/healthcare/Price-Ranges-Common-Private-Healthcare-Services-Msia_27Jan2026.pdf
T4,"Ear, Nose, and Throat (ENT)",Laryngoscopy,Inpatient,Facility State,Perlis,5100,4300,11900,,,1 - 49,Published,60,https://www.liam.org.my/library/healthcare/Price-Ranges-Common-Private-Healthcare-Services-Msia_27Jan2026.pdf
T4,"Ear, Nose, and Throat (ENT)",Laryngoscopy,Inpatient,Facility State,Pulau Pinang,7300,5200,10600,,,500 - 999,Published,60,https://www.liam.org.my/library/healthcare/Price-Ranges-Common-Private-Healthcare-Services-Msia_27Jan2026.pdf
T4,"Ear, Nose, and Throat (ENT)",Laryngoscopy,Inpatient,Facility State,Sabah,,,,,,,Insufficient credible data,60,https://www.liam.org.my/library/healthcare/Price-Ranges-Common-Private-Healthcare-Services-Msia_27Jan2026.pdf
T4,"Ear, Nose, and Throat (ENT)",Laryngoscopy,Inpatient,Facility State,Sarawak,7800,4500,14700,,,1 - 49,Published,60,https://www.liam.org.my/library/healthcare/Price-Ranges-Common-Private-Healthcare-Services-Msia_27Jan2026.pdf
T4,"Ear, Nose, and Throat (ENT)",Laryngoscopy,Inpatient,Facility State,Selangor,8700,5900,15000,,,500 - 999,Published,60,https://www.liam.org.my/library/healthcare/Price-Ranges-Common-Private-Healthcare-Services-Msia_27Jan2026.pdf
T4,"Ear, Nose, and Throat (ENT)",Laryngoscopy,Inpatient,Facility State,Terengganu,,,,,,,Insufficient credible data,60,https://www.liam.org.my/library/healthcare/Price-Ranges-Common-Private-Healthcare-Services-Msia_27Jan2026.pdf
T4,"Ear, Nose, and Throat (ENT)",Laryngoscopy,Inpatient,Age Group,Age 20 and below,7100,5100,10200,3.0,,100 - 499,Published,61,https://www.liam.org.my/library/healthcare/Price-Ranges-Common-Private-Healthcare-Services-Msia_27Jan2026.pdf
T4,"Ear, Nose, and Throat (ENT)",Laryngoscopy,Inpatient,Age Group,Age between 21 – 40,7400,5200,11200,2.9,,500 - 999,Published,61,https://www.liam.org.my/library/healthcare/Price-Ranges-Common-Private-Healthcare-Services-Msia_27Jan2026.pdf
T4,"Ear, Nose, and Throat (ENT)",Laryngoscopy,Inpatient,Age Group,Age between 41 – 60,9200,6000,15100,3.0,,500 - 999,Published,61,https://www.liam.org.my/library/healthcare/Price-Ranges-Common-Private-Healthcare-Services-Msia_27Jan2026.pdf
T4,"Ear, Nose, and Throat (ENT)",Laryngoscopy,Inpatient,Age Group,Age 61 and above,10300,6200,18000,3.0,,100 - 499,Published,61,https://www.liam.org.my/library/healthcare/Price-Ranges-Common-Private-Healthcare-Services-Msia_27Jan2026.pdf
T4,"Ear, Nose, and Throat (ENT)",Laryngoscopy,Daycare,Overall,All,3400,2500,4900,,Discharge within the same day,50 - 99,Published,59,https://www.liam.org.my/library/healthcare/Price-Ranges-Common-Private-Healthcare-Services-Msia_27Jan2026.pdf
T4,"Ear, Nose, and Throat (ENT)",Laryngoscopy,Daycare,Facility State,Johor,,,,,,,Insufficient credible data,62,https://www.liam.org.my/library/healthcare/Price-Ranges-Common-Private-Healthcare-Services-Msia_27Jan2026.pdf
T4,"Ear, Nose, and Throat (ENT)",Laryngoscopy,Daycare,Facility State,Kedah,,,,,,,Insufficient credible data,62,https://www.liam.org.my/library/healthcare/Price-Ranges-Common-Private-Healthcare-Services-Msia_27Jan2026.pdf
T4,"Ear, Nose, and Throat (ENT)",Laryngoscopy,Daycare,Facility State,Kelantan,,,,,,,Insufficient credible data,62,https://www.liam.org.my/library/healthcare/Price-Ranges-Common-Private-Healthcare-Services-Msia_27Jan2026.pdf
T4,"Ear, Nose, and Throat (ENT)",Laryngoscopy,Daycare,Facility State,Kuala Lumpur,3500,1200,7000,,,1 - 49,Published,62,https://www.liam.org.my/library/healthcare/Price-Ranges-Common-Private-Healthcare-Services-Msia_27Jan2026.pdf
T4,"Ear, Nose, and Throat (ENT)",Laryngoscopy,Daycare,Facility State,Melaka,,,,,,,Insufficient credible data,62,https://www.liam.org.my/library/healthcare/Price-Ranges-Common-Private-Healthcare-Services-Msia_27Jan2026.pdf
T4,"Ear, Nose, and Throat (ENT)",Laryngoscopy,Daycare,Facility State,Negeri Sembilan,,,,,,,Insufficient credible data,62,https://www.liam.org.my/library/healthcare/Price-Ranges-Common-Private-Healthcare-Services-Msia_27Jan2026.pdf
T4,"Ear, Nose, and Throat (ENT)",Laryngoscopy,Daycare,Facility State,Pahang,,,,,,,Insufficient credible data,62,https://www.liam.org.my/library/healthcare/Price-Ranges-Common-Private-Healthcare-Services-Msia_27Jan2026.pdf
T4,"Ear, Nose, and Throat (ENT)",Laryngoscopy,Daycare,Facility State,Perak,,,,,,,Insufficient credible data,62,https://www.liam.org.my/library/healthcare/Price-Ranges-Common-Private-Healthcare-Services-Msia_27Jan2026.pdf
T4,"Ear, Nose, and Throat (ENT)",Laryngoscopy,Daycare,Facility State,Perlis,,,,,,,Insufficient credible data,62,https://www.liam.org.my/library/healthcare/Price-Ranges-Common-Private-Healthcare-Services-Msia_27Jan2026.pdf
T4,"Ear, Nose, and Throat (ENT)",Laryngoscopy,Daycare,Facility State,Pulau Pinang,3400,2700,4400,,,1 - 49,Published,62,https://www.liam.org.my/library/healthcare/Price-Ranges-Common-Private-Healthcare-Services-Msia_27Jan2026.pdf
T4,"Ear, Nose, and Throat (ENT)",Laryngoscopy,Daycare,Facility State,Sabah,,,,,,,Insufficient credible data,62,https://www.liam.org.my/library/healthcare/Price-Ranges-Common-Private-Healthcare-Services-Msia_27Jan2026.pdf
T4,"Ear, Nose, and Throat (ENT)",Laryngoscopy,Daycare,Facility State,Sarawak,,,,,,,Insufficient credible data,62,https://www.liam.org.my/library/healthcare/Price-Ranges-Common-Private-Healthcare-Services-Msia_27Jan2026.pdf
T4,"Ear, Nose, and Throat (ENT)",Laryngoscopy,Daycare,Facility State,Selangor,3400,1400,5000,,,1 - 49,Published,62,https://www.liam.org.my/library/healthcare/Price-Ranges-Common-Private-Healthcare-Services-Msia_27Jan2026.pdf
T4,"Ear, Nose, and Throat (ENT)",Laryngoscopy,Daycare,Facility State,Terengganu,,,,,,,Insufficient credible data,62,https://www.liam.org.my/library/healthcare/Price-Ranges-Common-Private-Healthcare-Services-Msia_27Jan2026.pdf
T4,"Ear, Nose, and Throat (ENT)",Laryngoscopy,Daycare,Age Group,Age 20 and below,,,,,Discharge within the same day,,Insufficient credible data,63,https://www.liam.org.my/library/healthcare/Price-Ranges-Common-Private-Healthcare-Services-Msia_27Jan2026.pdf
T4,"Ear, Nose, and Throat (ENT)",Laryngoscopy,Daycare,Age Group,Age between 21 – 40,3300,2400,4500,,Discharge within the same day,1 - 49,Published,63,https://www.liam.org.my/library/healthcare/Price-Ranges-Common-Private-Healthcare-Services-Msia_27Jan2026.pdf
T4,"Ear, Nose, and Throat (ENT)",Laryngoscopy,Daycare,Age Group,Age between 41 – 60,3400,2500,4900,,Discharge within the same day,1 - 49,Published,63,https://www.liam.org.my/library/healthcare/Price-Ranges-Common-Private-Healthcare-Services-Msia_27Jan2026.pdf
T4,"Ear, Nose, and Throat (ENT)",Laryngoscopy,Daycare,Age Group,Age 61 and above,,,,,Discharge within the same day,,Insufficient credible data,63,https://www.liam.org.my/library/healthcare/Price-Ranges-Common-Private-Healthcare-Services-Msia_27Jan2026.pdf
T5,"Ear, Nose, and Throat (ENT)",Removal of Both the Adenoids & Tonsils,Inpatient,Overall,All,12400,10200,15700,2.3,,"1,000 - 4,999",Published,64,https://www.liam.org.my/library/healthcare/Price-Ranges-Common-Private-Healthcare-Services-Msia_27Jan2026.pdf
T5,"Ear, Nose, and Throat (ENT)",Removal of Both the Adenoids & Tonsils,Inpatient,Facility State,Johor,12900,11000,16000,,,100 - 499,Published,65,https://www.liam.org.my/library/healthcare/Price-Ranges-Common-Private-Healthcare-Services-Msia_27Jan2026.pdf
T5,"Ear, Nose, and Throat (ENT)",Removal of Both the Adenoids & Tonsils,Inpatient,Facility State,Kedah,12900,11100,16200,,,50 - 99,Published,65,https://www.liam.org.my/library/healthcare/Price-Ranges-Common-Private-Healthcare-Services-Msia_27Jan2026.pdf
T5,"Ear, Nose, and Throat (ENT)",Removal of Both the Adenoids & Tonsils,Inpatient,Facility State,Kelantan,10100,7900,12500,,,1 - 49,Published,65,https://www.liam.org.my/library/healthcare/Price-Ranges-Common-Private-Healthcare-Services-Msia_27Jan2026.pdf
T5,"Ear, Nose, and Throat (ENT)",Removal of Both the Adenoids & Tonsils,Inpatient,Facility State,Kuala Lumpur,12000,10400,15200,,,50 - 99,Published,65,https://www.liam.org.my/library/healthcare/Price-Ranges-Common-Private-Healthcare-Services-Msia_27Jan2026.pdf
T5,"Ear, Nose, and Throat (ENT)",Removal of Both the Adenoids & Tonsils,Inpatient,Facility State,Melaka,13800,10300,15800,,,50 - 99,Published,65,https://www.liam.org.my/library/healthcare/Price-Ranges-Common-Private-Healthcare-Services-Msia_27Jan2026.pdf
T5,"Ear, Nose, and Throat (ENT)",Removal of Both the Adenoids & Tonsils,Inpatient,Facility State,Negeri Sembilan,15500,13100,17200,,,50 - 99,Published,65,https://www.liam.org.my/library/healthcare/Price-Ranges-Common-Private-Healthcare-Services-Msia_27Jan2026.pdf
T5,"Ear, Nose, and Throat (ENT)",Removal of Both the Adenoids & Tonsils,Inpatient,Facility State,Pahang,11500,9100,13700,,,1 - 49,Published,65,https://www.liam.org.my/library/healthcare/Price-Ranges-Common-Private-Healthcare-Services-Msia_27Jan2026.pdf
T5,"Ear, Nose, and Throat (ENT)",Removal of Both the Adenoids & Tonsils,Inpatient,Facility State,Perak,12100,10700,14400,,,50 - 99,Published,65,https://www.liam.org.my/library/healthcare/Price-Ranges-Common-Private-Healthcare-Services-Msia_27Jan2026.pdf
T5,"Ear, Nose, and Throat (ENT)",Removal of Both the Adenoids & Tonsils,Inpatient,Facility State,Perlis,,,,,,,Insufficient credible data,65,https://www.liam.org.my/library/healthcare/Price-Ranges-Common-Private-Healthcare-Services-Msia_27Jan2026.pdf
T5,"Ear, Nose, and Throat (ENT)",Removal of Both the Adenoids & Tonsils,Inpatient,Facility State,Pulau Pinang,11200,8900,12400,,,50 - 99,Published,65,https://www.liam.org.my/library/healthcare/Price-Ranges-Common-Private-Healthcare-Services-Msia_27Jan2026.pdf
T5,"Ear, Nose, and Throat (ENT)",Removal of Both the Adenoids & Tonsils,Inpatient,Facility State,Sabah,12100,9400,18200,,,1 - 49,Published,65,https://www.liam.org.my/library/healthcare/Price-Ranges-Common-Private-Healthcare-Services-Msia_27Jan2026.pdf
T5,"Ear, Nose, and Throat (ENT)",Removal of Both the Adenoids & Tonsils,Inpatient,Facility State,Sarawak,7400,6500,8800,,,1 - 49,Published,65,https://www.liam.org.my/library/healthcare/Price-Ranges-Common-Private-Healthcare-Services-Msia_27Jan2026.pdf
T5,"Ear, Nose, and Throat (ENT)",Removal of Both the Adenoids & Tonsils,Inpatient,Facility State,Selangor,12800,10700,16500,,,100 - 499,Published,65,https://www.liam.org.my/library/healthcare/Price-Ranges-Common-Private-Healthcare-Services-Msia_27Jan2026.pdf
T5,"Ear, Nose, and Throat (ENT)",Removal of Both the Adenoids & Tonsils,Inpatient,Facility State,Terengganu,12800,12200,13100,,,1 - 49,Published,65,https://www.liam.org.my/library/healthcare/Price-Ranges-Common-Private-Healthcare-Services-Msia_27Jan2026.pdf
T5,"Ear, Nose, and Throat (ENT)",Removal of Both the Adenoids & Tonsils,Inpatient,Age Group,Age 20 and below,12200,10100,15300,2.3,,500 - 999,Published,66,https://www.liam.org.my/library/healthcare/Price-Ranges-Common-Private-Healthcare-Services-Msia_27Jan2026.pdf
T5,"Ear, Nose, and Throat (ENT)",Removal of Both the Adenoids & Tonsils,Inpatient,Age Group,Age between 21 – 40,15800,11400,19600,2.7,,50 - 99,Published,66,https://www.liam.org.my/library/healthcare/Price-Ranges-Common-Private-Healthcare-Services-Msia_27Jan2026.pdf
T5,"Ear, Nose, and Throat (ENT)",Removal of Both the Adenoids & Tonsils,Inpatient,Age Group,Age between 41 – 60,17700,13300,21600,2.4,,1 - 49,Published,66,https://www.liam.org.my/library/healthcare/Price-Ranges-Common-Private-Healthcare-Services-Msia_27Jan2026.pdf
T5,"Ear, Nose, and Throat (ENT)",Removal of Both the Adenoids & Tonsils,Inpatient,Age Group,Age 61 and above,,,,,,,Insufficient credible data,66,https://www.liam.org.my/library/healthcare/Price-Ranges-Common-Private-Healthcare-Services-Msia_27Jan2026.pdf
T6,"Ear, Nose, and Throat (ENT)",Septoplasty (Nose Wall/Septum Surgery),Inpatient,Overall,All,20100,15800,25000,2.5,,"1,000 - 4,999",Published,67,https://www.liam.org.my/library/healthcare/Price-Ranges-Common-Private-Healthcare-Services-Msia_27Jan2026.pdf
T6,"Ear, Nose, and Throat (ENT)",Septoplasty (Nose Wall/Septum Surgery),Inpatient,Facility State,Johor,21000,18100,24900,,,100 - 499,Published,68,https://www.liam.org.my/library/healthcare/Price-Ranges-Common-Private-Healthcare-Services-Msia_27Jan2026.pdf
T6,"Ear, Nose, and Throat (ENT)",Septoplasty (Nose Wall/Septum Surgery),Inpatient,Facility State,Kedah,20600,15500,24500,,,1 - 49,Published,68,https://www.liam.org.my/library/healthcare/Price-Ranges-Common-Private-Healthcare-Services-Msia_27Jan2026.pdf
T6,"Ear, Nose, and Throat (ENT)",Septoplasty (Nose Wall/Septum Surgery),Inpatient,Facility State,Kelantan,20400,18000,24200,,,1 - 49,Published,68,https://www.liam.org.my/library/healthcare/Price-Ranges-Common-Private-Healthcare-Services-Msia_27Jan2026.pdf
T6,"Ear, Nose, and Throat (ENT)",Septoplasty (Nose Wall/Septum Surgery),Inpatient,Facility State,Kuala Lumpur,22100,14000,30700,,,100 - 499,Published,68,https://www.liam.org.my/library/healthcare/Price-Ranges-Common-Private-Healthcare-Services-Msia_27Jan2026.pdf
T6,"Ear, Nose, and Throat (ENT)",Septoplasty (Nose Wall/Septum Surgery),Inpatient,Facility State,Melaka,17800,14600,22200,,,100 - 499,Published,68,https://www.liam.org.my/library/healthcare/Price-Ranges-Common-Private-Healthcare-Services-Msia_27Jan2026.pdf
T6,"Ear, Nose, and Throat (ENT)",Septoplasty (Nose Wall/Septum Surgery),Inpatient,Facility State,Negeri Sembilan,21700,17400,27300,,,50 - 99,Published,68,https://www.liam.org.my/library/healthcare/Price-Ranges-Common-Private-Healthcare-Services-Msia_27Jan2026.pdf
T6,"Ear, Nose, and Throat (ENT)",Septoplasty (Nose Wall/Septum Surgery),Inpatient,Facility State,Pahang,23000,19300,26500,,,1 - 49,Published,68,https://www.liam.org.my/library/healthcare/Price-Ranges-Common-Private-Healthcare-Services-Msia_27Jan2026.pdf
T6,"Ear, Nose, and Throat (ENT)",Septoplasty (Nose Wall/Septum Surgery),Inpatient,Facility State,Perak,20600,16900,24600,,,100 - 499,Published,68,https://www.liam.org.my/library/healthcare/Price-Ranges-Common-Private-Healthcare-Services-Msia_27Jan2026.pdf
T6,"Ear, Nose, and Throat (ENT)",Septoplasty (Nose Wall/Septum Surgery),Inpatient,Facility State,Perlis,,,,,,,Insufficient credible data,68,https://www.liam.org.my/library/healthcare/Price-Ranges-Common-Private-Healthcare-Services-Msia_27Jan2026.pdf
T6,"Ear, Nose, and Throat (ENT)",Septoplasty (Nose Wall/Septum Surgery),Inpatient,Facility State,Pulau Pinang,16500,14500,20600,,,100 - 499,Published,68,https://www.liam.org.my/library/healthcare/Price-Ranges-Common-Private-Healthcare-Services-Msia_27Jan2026.pdf
T6,"Ear, Nose, and Throat (ENT)",Septoplasty (Nose Wall/Septum Surgery),Inpatient,Facility State,Sabah,,,,,,,Insufficient credible data,68,https://www.liam.org.my/library/healthcare/Price-Ranges-Common-Private-Healthcare-Services-Msia_27Jan2026.pdf
T6,"Ear, Nose, and Throat (ENT)",Septoplasty (Nose Wall/Septum Surgery),Inpatient,Facility State,Sarawak,13600,12300,17100,,,50 - 99,Published,68,https://www.liam.org.my/library/healthcare/Price-Ranges-Common-Private-Healthcare-Services-Msia_27Jan2026.pdf
T6,"Ear, Nose, and Throat (ENT)",Septoplasty (Nose Wall/Septum Surgery),Inpatient,Facility State,Selangor,20700,16300,25900,,,500 - 999,Published,68,https://www.liam.org.my/library/healthcare/Price-Ranges-Common-Private-Healthcare-Services-Msia_27Jan2026.pdf
T6,"Ear, Nose, and Throat (ENT)",Septoplasty (Nose Wall/Septum Surgery),Inpatient,Facility State,Terengganu,,,,,,,Insufficient credible data,68,https://www.liam.org.my/library/healthcare/Price-Ranges-Common-Private-Healthcare-Services-Msia_27Jan2026.pdf
T6,"Ear, Nose, and Throat (ENT)",Septoplasty (Nose Wall/Septum Surgery),Inpatient,Age Group,Age 20 and below,19900,15200,24600,2.5,,100 - 499,Published,69,https://www.liam.org.my/library/healthcare/Price-Ranges-Common-Private-Healthcare-Services-Msia_27Jan2026.pdf
T6,"Ear, Nose, and Throat (ENT)",Septoplasty (Nose Wall/Septum Surgery),Inpatient,Age Group,Age between 21 – 40,20100,15700,25400,2.5,,"1,000 - 4,999",Published,69,https://www.liam.org.my/library/healthcare/Price-Ranges-Common-Private-Healthcare-Services-Msia_27Jan2026.pdf
T6,"Ear, Nose, and Throat (ENT)",Septoplasty (Nose Wall/Septum Surgery),Inpatient,Age Group,Age between 41 – 60,20200,16000,24600,2.4,,500 - 999,Published,69,https://www.liam.org.my/library/healthcare/Price-Ranges-Common-Private-Healthcare-Services-Msia_27Jan2026.pdf
T6,"Ear, Nose, and Throat (ENT)",Septoplasty (Nose Wall/Septum Surgery),Inpatient,Age Group,Age 61 and above,21300,16100,27100,2.5,,50 - 99,Published,69,https://www.liam.org.my/library/healthcare/Price-Ranges-Common-Private-Healthcare-Services-Msia_27Jan2026.pdf
T7,"Ear, Nose, and Throat (ENT)",Surgery on Nasal Sinus,Inpatient,Overall,All,21900,17400,27200,2.7,,"1,000 - 4,999",Published,70,https://www.liam.org.my/library/healthcare/Price-Ranges-Common-Private-Healthcare-Services-Msia_27Jan2026.pdf
T7,"Ear, Nose, and Throat (ENT)",Surgery on Nasal Sinus,Inpatient,Facility State,Johor,21400,18400,25200,,,100 - 499,Published,71,https://www.liam.org.my/library/healthcare/Price-Ranges-Common-Private-Healthcare-Services-Msia_27Jan2026.pdf
T7,"Ear, Nose, and Throat (ENT)",Surgery on Nasal Sinus,Inpatient,Facility State,Kedah,28000,20400,37000,,,1 - 49,Published,71,https://www.liam.org.my/library/healthcare/Price-Ranges-Common-Private-Healthcare-Services-Msia_27Jan2026.pdf
T7,"Ear, Nose, and Throat (ENT)",Surgery on Nasal Sinus,Inpatient,Facility State,Kelantan,24500,21800,27800,,,1 - 49,Published,71,https://www.liam.org.my/library/healthcare/Price-Ranges-Common-Private-Healthcare-Services-Msia_27Jan2026.pdf
T7,"Ear, Nose, and Throat (ENT)",Surgery on Nasal Sinus,Inpatient,Facility State,Kuala Lumpur,24600,16400,31300,,,100 - 499,Published,71,https://www.liam.org.my/library/healthcare/Price-Ranges-Common-Private-Healthcare-Services-Msia_27Jan2026.pdf
T7,"Ear, Nose, and Throat (ENT)",Surgery on Nasal Sinus,Inpatient,Facility State,Melaka,20000,17900,27700,,,1 - 49,Published,71,https://www.liam.org.my/library/healthcare/Price-Ranges-Common-Private-Healthcare-Services-Msia_27Jan2026.pdf
T7,"Ear, Nose, and Throat (ENT)",Surgery on Nasal Sinus,Inpatient,Facility State,Negeri Sembilan,27200,22600,31400,,,1 - 49,Published,71,https://www.liam.org.my/library/healthcare/Price-Ranges-Common-Private-Healthcare-Services-Msia_27Jan2026.pdf
T7,"Ear, Nose, and Throat (ENT)",Surgery on Nasal Sinus,Inpatient,Facility State,Pahang,21200,17800,24900,,,1 - 49,Published,71,https://www.liam.org.my/library/healthcare/Price-Ranges-Common-Private-Healthcare-Services-Msia_27Jan2026.pdf
T7,"Ear, Nose, and Throat (ENT)",Surgery on Nasal Sinus,Inpatient,Facility State,Perak,21700,18100,24400,,,50 - 99,Published,71,https://www.liam.org.my/library/healthcare/Price-Ranges-Common-Private-Healthcare-Services-Msia_27Jan2026.pdf
T7,"Ear, Nose, and Throat (ENT)",Surgery on Nasal Sinus,Inpatient,Facility State,Perlis,,,,,,,Insufficient credible data,71,https://www.liam.org.my/library/healthcare/Price-Ranges-Common-Private-Healthcare-Services-Msia_27Jan2026.pdf
T7,"Ear, Nose, and Throat (ENT)",Surgery on Nasal Sinus,Inpatient,Facility State,Pulau Pinang,17100,14000,22300,,,100 - 499,Published,71,https://www.liam.org.my/library/healthcare/Price-Ranges-Common-Private-Healthcare-Services-Msia_27Jan2026.pdf
T7,"Ear, Nose, and Throat (ENT)",Surgery on Nasal Sinus,Inpatient,Facility State,Sabah,,,,,,,Insufficient credible data,71,https://www.liam.org.my/library/healthcare/Price-Ranges-Common-Private-Healthcare-Services-Msia_27Jan2026.pdf
T7,"Ear, Nose, and Throat (ENT)",Surgery on Nasal Sinus,Inpatient,Facility State,Sarawak,12100,9300,18400,,,1 - 49,Published,71,https://www.liam.org.my/library/healthcare/Price-Ranges-Common-Private-Healthcare-Services-Msia_27Jan2026.pdf
T7,"Ear, Nose, and Throat (ENT)",Surgery on Nasal Sinus,Inpatient,Facility State,Selangor,22400,18900,27500,,,500 - 999,Published,71,https://www.liam.org.my/library/healthcare/Price-Ranges-Common-Private-Healthcare-Services-Msia_27Jan2026.pdf
T7,"Ear, Nose, and Throat (ENT)",Surgery on Nasal Sinus,Inpatient,Facility State,Terengganu,,,,,,,Insufficient credible data,71,https://www.liam.org.my/library/healthcare/Price-Ranges-Common-Private-Healthcare-Services-Msia_27Jan2026.pdf
T7,"Ear, Nose, and Throat (ENT)",Surgery on Nasal Sinus,Inpatient,Age Group,Age 20 and below,22100,17100,27100,2.9,,100 - 499,Published,72,https://www.liam.org.my/library/healthcare/Price-Ranges-Common-Private-Healthcare-Services-Msia_27Jan2026.pdf
T7,"Ear, Nose, and Throat (ENT)",Surgery on Nasal Sinus,Inpatient,Age Group,Age between 21 – 40,22400,18100,27500,2.8,,500 - 999,Published,72,https://www.liam.org.my/library/healthcare/Price-Ranges-Common-Private-Healthcare-Services-Msia_27Jan2026.pdf
T7,"Ear, Nose, and Throat (ENT)",Surgery on Nasal Sinus,Inpatient,Age Group,Age between 41 – 60,20600,16500,26000,2.5,,100 - 499,Published,72,https://www.liam.org.my/library/healthcare/Price-Ranges-Common-Private-Healthcare-Services-Msia_27Jan2026.pdf
T7,"Ear, Nose, and Throat (ENT)",Surgery on Nasal Sinus,Inpatient,Age Group,Age 61 and above,20300,15600,27900,2.3,,50 - 99,Published,72,https://www.liam.org.my/library/healthcare/Price-Ranges-Common-Private-Healthcare-Services-Msia_27Jan2026.pdf
E1,Eye,Cataract Surgery,Daycare,Overall,All,8400,6800,10300,,Discharge within the same day,"1,000 - 4,999",Published,73,https://www.liam.org.my/library/healthcare/Price-Ranges-Common-Private-Healthcare-Services-Msia_27Jan2026.pdf
E1,Eye,Cataract Surgery,Daycare,Facility State,Johor,10100,8100,11400,,,100 - 499,Published,74,https://www.liam.org.my/library/healthcare/Price-Ranges-Common-Private-Healthcare-Services-Msia_27Jan2026.pdf
E1,Eye,Cataract Surgery,Daycare,Facility State,Kedah,7300,5100,9100,,,50 - 99,Published,74,https://www.liam.org.my/library/healthcare/Price-Ranges-Common-Private-Healthcare-Services-Msia_27Jan2026.pdf
E1,Eye,Cataract Surgery,Daycare,Facility State,Kelantan,,,,,,,Insufficient credible data,74,https://www.liam.org.my/library/healthcare/Price-Ranges-Common-Private-Healthcare-Services-Msia_27Jan2026.pdf
E1,Eye,Cataract Surgery,Daycare,Facility State,Kuala Lumpur,8800,7000,12300,,,100 - 499,Published,74,https://www.liam.org.my/library/healthcare/Price-Ranges-Common-Private-Healthcare-Services-Msia_27Jan2026.pdf
E1,Eye,Cataract Surgery,Daycare,Facility State,Melaka,8500,8000,11000,,,100 - 499,Published,74,https://www.liam.org.my/library/healthcare/Price-Ranges-Common-Private-Healthcare-Services-Msia_27Jan2026.pdf
E1,Eye,Cataract Surgery,Daycare,Facility State,Negeri Sembilan,9600,8700,10700,,,50 - 99,Published,74,https://www.liam.org.my/library/healthcare/Price-Ranges-Common-Private-Healthcare-Services-Msia_27Jan2026.pdf
E1,Eye,Cataract Surgery,Daycare,Facility State,Pahang,,,,,,,Insufficient credible data,74,https://www.liam.org.my/library/healthcare/Price-Ranges-Common-Private-Healthcare-Services-Msia_27Jan2026.pdf
E1,Eye,Cataract Surgery,Daycare,Facility State,Perak,9100,8400,11800,,,100 - 499,Published,74,https://www.liam.org.my/library/healthcare/Price-Ranges-Common-Private-Healthcare-Services-Msia_27Jan2026.pdf
E1,Eye,Cataract Surgery,Daycare,Facility State,Perlis,,,,,,,Insufficient credible data,74,https://www.liam.org.my/library/healthcare/Price-Ranges-Common-Private-Healthcare-Services-Msia_27Jan2026.pdf
E1,Eye,Cataract Surgery,Daycare,Facility State,Pulau Pinang,6900,6200,8100,,,100 - 499,Published,74,https://www.liam.org.my/library/healthcare/Price-Ranges-Common-Private-Healthcare-Services-Msia_27Jan2026.pdf
E1,Eye,Cataract Surgery,Daycare,Facility State,Sabah,7600,6300,11000,,,50 - 99,Published,74,https://www.liam.org.my/library/healthcare/Price-Ranges-Common-Private-Healthcare-Services-Msia_27Jan2026.pdf
E1,Eye,Cataract Surgery,Daycare,Facility State,Sarawak,6600,5900,7500,,,100 - 499,Published,74,https://www.liam.org.my/library/healthcare/Price-Ranges-Common-Private-Healthcare-Services-Msia_27Jan2026.pdf
E1,Eye,Cataract Surgery,Daycare,Facility State,Selangor,8800,7400,10600,,,500 - 999,Published,74,https://www.liam.org.my/library/healthcare/Price-Ranges-Common-Private-Healthcare-Services-Msia_27Jan2026.pdf
E1,Eye,Cataract Surgery,Daycare,Facility State,Terengganu,,,,,,,Insufficient credible data,74,https://www.liam.org.my/library/healthcare/Price-Ranges-Common-Private-Healthcare-Services-Msia_27Jan2026.pdf
E1,Eye,Cataract Surgery,Daycare,Age Group,Age 20 and below,9400,8200,11800,,Discharge within the same day,1 - 49,Published,75,https://www.liam.org.my/library/healthcare/Price-Ranges-Common-Private-Healthcare-Services-Msia_27Jan2026.pdf
E1,Eye,Cataract Surgery,Daycare,Age Group,Age between 21 – 40,10800,8200,12500,,Discharge within the same day,1 - 49,Published,75,https://www.liam.org.my/library/healthcare/Price-Ranges-Common-Private-Healthcare-Services-Msia_27Jan2026.pdf
E1,Eye,Cataract Surgery,Daycare,Age Group,Age between 41 – 60,8600,7000,10700,,Discharge within the same day,500 - 999,Published,75,https://www.liam.org.my/library/healthcare/Price-Ranges-Common-Private-Healthcare-Services-Msia_27Jan2026.pdf
E1,Eye,Cataract Surgery,Daycare,Age Group,Age 61 and above,8300,6700,10000,,Discharge within the same day,"1,000 - 4,999",Published,75,https://www.liam.org.my/library/healthcare/Price-Ranges-Common-Private-Healthcare-Services-Msia_27Jan2026.pdf
G1,Genitourinary,Hysteroscopy,Inpatient,Overall,All,10600,8300,13900,1.9,,"1,000 - 4,999",Published,76,https://www.liam.org.my/library/healthcare/Price-Ranges-Common-Private-Healthcare-Services-Msia_27Jan2026.pdf
G1,Genitourinary,Hysteroscopy,Inpatient,Facility State,Johor,10000,8200,13700,,,100 - 499,Published,77,https://www.liam.org.my/library/healthcare/Price-Ranges-Common-Private-Healthcare-Services-Msia_27Jan2026.pdf
G1,Genitourinary,Hysteroscopy,Inpatient,Facility State,Kedah,9600,8300,12900,,,100 - 499,Published,77,https://www.liam.org.my/library/healthcare/Price-Ranges-Common-Private-Healthcare-Services-Msia_27Jan2026.pdf
G1,Genitourinary,Hysteroscopy,Inpatient,Facility State,Kelantan,9300,8100,11200,,,1 - 49,Published,77,https://www.liam.org.my/library/healthcare/Price-Ranges-Common-Private-Healthcare-Services-Msia_27Jan2026.pdf
G1,Genitourinary,Hysteroscopy,Inpatient,Facility State,Kuala Lumpur,11500,9100,15500,,,100 - 499,Published,77,https://www.liam.org.my/library/healthcare/Price-Ranges-Common-Private-Healthcare-Services-Msia_27Jan2026.pdf
G1,Genitourinary,Hysteroscopy,Inpatient,Facility State,Melaka,8800,7300,11200,,,50 - 99,Published,77,https://www.liam.org.my/library/healthcare/Price-Ranges-Common-Private-Healthcare-Services-Msia_27Jan2026.pdf
G1,Genitourinary,Hysteroscopy,Inpatient,Facility State,Negeri Sembilan,13700,11500,16300,,,100 - 499,Published,77,https://www.liam.org.my/library/healthcare/Price-Ranges-Common-Private-Healthcare-Services-Msia_27Jan2026.pdf
G1,Genitourinary,Hysteroscopy,Inpatient,Facility State,Pahang,11100,9000,12500,,,1 - 49,Published,77,https://www.liam.org.my/library/healthcare/Price-Ranges-Common-Private-Healthcare-Services-Msia_27Jan2026.pdf
G1,Genitourinary,Hysteroscopy,Inpatient,Facility State,Perak,9900,8300,12400,,,100 - 499,Published,77,https://www.liam.org.my/library/healthcare/Price-Ranges-Common-Private-Healthcare-Services-Msia_27Jan2026.pdf
G1,Genitourinary,Hysteroscopy,Inpatient,Facility State,Perlis,,,,,,,Insufficient credible data,77,https://www.liam.org.my/library/healthcare/Price-Ranges-Common-Private-Healthcare-Services-Msia_27Jan2026.pdf
G1,Genitourinary,Hysteroscopy,Inpatient,Facility State,Pulau Pinang,10800,8100,13100,,,100 - 499,Published,77,https://www.liam.org.my/library/healthcare/Price-Ranges-Common-Private-Healthcare-Services-Msia_27Jan2026.pdf
G1,Genitourinary,Hysteroscopy,Inpatient,Facility State,Sabah,9200,8200,20900,,,1 - 49,Published,77,https://www.liam.org.my/library/healthcare/Price-Ranges-Common-Private-Healthcare-Services-Msia_27Jan2026.pdf
G1,Genitourinary,Hysteroscopy,Inpatient,Facility State,Sarawak,6100,4700,8600,,,1 - 49,Published,77,https://www.liam.org.my/library/healthcare/Price-Ranges-Common-Private-Healthcare-Services-Msia_27Jan2026.pdf
G1,Genitourinary,Hysteroscopy,Inpatient,Facility State,Selangor,11000,8900,14900,,,100 - 499,Published,77,https://www.liam.org.my/library/healthcare/Price-Ranges-Common-Private-Healthcare-Services-Msia_27Jan2026.pdf
G1,Genitourinary,Hysteroscopy,Inpatient,Facility State,Terengganu,,,,,,,Insufficient credible data,77,https://www.liam.org.my/library/healthcare/Price-Ranges-Common-Private-Healthcare-Services-Msia_27Jan2026.pdf
G1,Genitourinary,Hysteroscopy,Inpatient,Age Group,Age 20 and below,13700,8700,16000,2.2,,1 - 49,Published,78,https://www.liam.org.my/library/healthcare/Price-Ranges-Common-Private-Healthcare-Services-Msia_27Jan2026.pdf
G1,Genitourinary,Hysteroscopy,Inpatient,Age Group,Age between 21 – 40,10500,8200,14700,1.9,,500 - 999,Published,78,https://www.liam.org.my/library/healthcare/Price-Ranges-Common-Private-Healthcare-Services-Msia_27Jan2026.pdf
G1,Genitourinary,Hysteroscopy,Inpatient,Age Group,Age between 41 – 60,10700,8400,13600,1.9,,500 - 999,Published,78,https://www.liam.org.my/library/healthcare/Price-Ranges-Common-Private-Healthcare-Services-Msia_27Jan2026.pdf
G1,Genitourinary,Hysteroscopy,Inpatient,Age Group,Age 61 and above,9800,7500,12800,1.6,,50 - 99,Published,78,https://www.liam.org.my/library/healthcare/Price-Ranges-Common-Private-Healthcare-Services-Msia_27Jan2026.pdf
G1,Genitourinary,Hysteroscopy,Daycare,Overall,All,6800,5700,8200,,Discharge within the same day,500 - 999,Published,76,https://www.liam.org.my/library/healthcare/Price-Ranges-Common-Private-Healthcare-Services-Msia_27Jan2026.pdf
G1,Genitourinary,Hysteroscopy,Daycare,Facility State,Johor,7700,6400,8900,,,50 - 99,Published,79,https://www.liam.org.my/library/healthcare/Price-Ranges-Common-Private-Healthcare-Services-Msia_27Jan2026.pdf
G1,Genitourinary,Hysteroscopy,Daycare,Facility State,Kedah,6700,4400,7600,,,1 - 49,Published,79,https://www.liam.org.my/library/healthcare/Price-Ranges-Common-Private-Healthcare-Services-Msia_27Jan2026.pdf
G1,Genitourinary,Hysteroscopy,Daycare,Facility State,Kelantan,,,,,,,Insufficient credible data,79,https://www.liam.org.my/library/healthcare/Price-Ranges-Common-Private-Healthcare-Services-Msia_27Jan2026.pdf
G1,Genitourinary,Hysteroscopy,Daycare,Facility State,Kuala Lumpur,8100,7000,9700,,,100 - 499,Published,79,https://www.liam.org.my/library/healthcare/Price-Ranges-Common-Private-Healthcare-Services-Msia_27Jan2026.pdf
G1,Genitourinary,Hysteroscopy,Daycare,Facility State,Melaka,6400,5700,7700,,,1 - 49,Published,79,https://www.liam.org.my/library/healthcare/Price-Ranges-Common-Private-Healthcare-Services-Msia_27Jan2026.pdf
G1,Genitourinary,Hysteroscopy,Daycare,Facility State,Negeri Sembilan,8000,7200,8700,,,1 - 49,Published,79,https://www.liam.org.my/library/healthcare/Price-Ranges-Common-Private-Healthcare-Services-Msia_27Jan2026.pdf
G1,Genitourinary,Hysteroscopy,Daycare,Facility State,Pahang,,,,,,,Insufficient credible data,79,https://www.liam.org.my/library/healthcare/Price-Ranges-Common-Private-Healthcare-Services-Msia_27Jan2026.pdf
G1,Genitourinary,Hysteroscopy,Daycare,Facility State,Perak,6800,5100,7900,,,50 - 99,Published,79,https://www.liam.org.my/library/healthcare/Price-Ranges-Common-Private-Healthcare-Services-Msia_27Jan2026.pdf
G1,Genitourinary,Hysteroscopy,Daycare,Facility State,Perlis,,,,,,,Insufficient credible data,79,https://www.liam.org.my/library/healthcare/Price-Ranges-Common-Private-Healthcare-Services-Msia_27Jan2026.pdf
G1,Genitourinary,Hysteroscopy,Daycare,Facility State,Pulau Pinang,6100,5500,6900,,,100 - 499,Published,79,https://www.liam.org.my/library/healthcare/Price-Ranges-Common-Private-Healthcare-Services-Msia_27Jan2026.pdf
G1,Genitourinary,Hysteroscopy,Daycare,Facility State,Sabah,6800,6100,7700,,,1 - 49,Published,79,https://www.liam.org.my/library/healthcare/Price-Ranges-Common-Private-Healthcare-Services-Msia_27Jan2026.pdf
G1,Genitourinary,Hysteroscopy,Daycare,Facility State,Sarawak,4100,3500,4900,,,1 - 49,Published,79,https://www.liam.org.my/library/healthcare/Price-Ranges-Common-Private-Healthcare-Services-Msia_27Jan2026.pdf
G1,Genitourinary,Hysteroscopy,Daycare,Facility State,Selangor,7100,5900,8700,,,100 - 499,Published,79,https://www.liam.org.my/library/healthcare/Price-Ranges-Common-Private-Healthcare-Services-Msia_27Jan2026.pdf
G1,Genitourinary,Hysteroscopy,Daycare,Facility State,Terengganu,,,,,,,Insufficient credible data,79,https://www.liam.org.my/library/healthcare/Price-Ranges-Common-Private-Healthcare-Services-Msia_27Jan2026.pdf
G1,Genitourinary,Hysteroscopy,Daycare,Age Group,Age 20 and below,,,,,Discharge within the same day,,Insufficient credible data,80,https://www.liam.org.my/library/healthcare/Price-Ranges-Common-Private-Healthcare-Services-Msia_27Jan2026.pdf
G1,Genitourinary,Hysteroscopy,Daycare,Age Group,Age between 21 – 40,6900,5700,8300,,Discharge within the same day,100 - 499,Published,80,https://www.liam.org.my/library/healthcare/Price-Ranges-Common-Private-Healthcare-Services-Msia_27Jan2026.pdf
G1,Genitourinary,Hysteroscopy,Daycare,Age Group,Age between 41 – 60,6800,5700,8200,,Discharge within the same day,100 - 499,Published,80,https://www.liam.org.my/library/healthcare/Price-Ranges-Common-Private-Healthcare-Services-Msia_27Jan2026.pdf
G1,Genitourinary,Hysteroscopy,Daycare,Age Group,Age 61 and above,6600,5500,7700,,Discharge within the same day,1 - 49,Published,80,https://www.liam.org.my/library/healthcare/Price-Ranges-Common-Private-Healthcare-Services-Msia_27Jan2026.pdf
G2,Genitourinary,Removal of Fibroid,Inpatient,Overall,All,24600,17600,32700,2.9,,"1,000 - 4,999",Published,81,https://www.liam.org.my/library/healthcare/Price-Ranges-Common-Private-Healthcare-Services-Msia_27Jan2026.pdf
G2,Genitourinary,Removal of Fibroid,Inpatient,Facility State,Johor,25800,19400,34200,,,100 - 499,Published,82,https://www.liam.org.my/library/healthcare/Price-Ranges-Common-Private-Healthcare-Services-Msia_27Jan2026.pdf
G2,Genitourinary,Removal of Fibroid,Inpatient,Facility State,Kedah,20800,17700,26100,,,50 - 99,Published,82,https://www.liam.org.my/library/healthcare/Price-Ranges-Common-Private-Healthcare-Services-Msia_27Jan2026.pdf
G2,Genitourinary,Removal of Fibroid,Inpatient,Facility State,Kelantan,,,,,,,Insufficient credible data,82,https://www.liam.org.my/library/healthcare/Price-Ranges-Common-Private-Healthcare-Services-Msia_27Jan2026.pdf
G2,Genitourinary,Removal of Fibroid,Inpatient,Facility State,Kuala Lumpur,22300,16900,29800,,,100 - 499,Published,82,https://www.liam.org.my/library/healthcare/Price-Ranges-Common-Private-Healthcare-Services-Msia_27Jan2026.pdf
G2,Genitourinary,Removal of Fibroid,Inpatient,Facility State,Melaka,29100,25900,30700,,,100 - 499,Published,82,https://www.liam.org.my/library/healthcare/Price-Ranges-Common-Private-Healthcare-Services-Msia_27Jan2026.pdf
G2,Genitourinary,Removal of Fibroid,Inpatient,Facility State,Negeri Sembilan,25300,20200,45400,,,1 - 49,Published,82,https://www.liam.org.my/library/healthcare/Price-Ranges-Common-Private-Healthcare-Services-Msia_27Jan2026.pdf
G2,Genitourinary,Removal of Fibroid,Inpatient,Facility State,Pahang,18400,16300,25800,,,1 - 49,Published,82,https://www.liam.org.my/library/healthcare/Price-Ranges-Common-Private-Healthcare-Services-Msia_27Jan2026.pdf
G2,Genitourinary,Removal of Fibroid,Inpatient,Facility State,Perak,18700,15300,22600,,,50 - 99,Published,82,https://www.liam.org.my/library/healthcare/Price-Ranges-Common-Private-Healthcare-Services-Msia_27Jan2026.pdf
G2,Genitourinary,Removal of Fibroid,Inpatient,Facility State,Perlis,,,,,,,Insufficient credible data,82,https://www.liam.org.my/library/healthcare/Price-Ranges-Common-Private-Healthcare-Services-Msia_27Jan2026.pdf
G2,Genitourinary,Removal of Fibroid,Inpatient,Facility State,Pulau Pinang,20900,15300,30400,,,100 - 499,Published,82,https://www.liam.org.my/library/healthcare/Price-Ranges-Common-Private-Healthcare-Services-Msia_27Jan2026.pdf
G2,Genitourinary,Removal of Fibroid,Inpatient,Facility State,Sabah,30400,25100,32000,,,1 - 49,Published,82,https://www.liam.org.my/library/healthcare/Price-Ranges-Common-Private-Healthcare-Services-Msia_27Jan2026.pdf
G2,Genitourinary,Removal of Fibroid,Inpatient,Facility State,Sarawak,12000,10200,14600,,,50 - 99,Published,82,https://www.liam.org.my/library/healthcare/Price-Ranges-Common-Private-Healthcare-Services-Msia_27Jan2026.pdf
G2,Genitourinary,Removal of Fibroid,Inpatient,Facility State,Selangor,28700,20000,39600,,,100 - 499,Published,82,https://www.liam.org.my/library/healthcare/Price-Ranges-Common-Private-Healthcare-Services-Msia_27Jan2026.pdf
G2,Genitourinary,Removal of Fibroid,Inpatient,Facility State,Terengganu,,,,,,,Insufficient credible data,82,https://www.liam.org.my/library/healthcare/Price-Ranges-Common-Private-Healthcare-Services-Msia_27Jan2026.pdf
G2,Genitourinary,Removal of Fibroid,Inpatient,Age Group,Age 20 and below,,,,,,,Insufficient credible data,83,https://www.liam.org.my/library/healthcare/Price-Ranges-Common-Private-Healthcare-Services-Msia_27Jan2026.pdf
G2,Genitourinary,Removal of Fibroid,Inpatient,Age Group,Age between 21 – 40,24300,17600,32600,2.9,,"1,000 - 4,999",Published,83,https://www.liam.org.my/library/healthcare/Price-Ranges-Common-Private-Healthcare-Services-Msia_27Jan2026.pdf
G2,Genitourinary,Removal of Fibroid,Inpatient,Age Group,Age between 41 – 60,24700,17900,33000,2.9,,500 - 999,Published,83,https://www.liam.org.my/library/healthcare/Price-Ranges-Common-Private-Healthcare-Services-Msia_27Jan2026.pdf
G2,Genitourinary,Removal of Fibroid,Inpatient,Age Group,Age 61 and above,,,,,,,Insufficient credible data,83,https://www.liam.org.my/library/healthcare/Price-Ranges-Common-Private-Healthcare-Services-Msia_27Jan2026.pdf
M1,Musculoskeletal and Connective Tissue,Open Reduction & Internal Fixation (ORIF) for Broken Bones,Inpatient,Overall,All,23400,18500,30400,3.0,,"1,000 - 4,999",Published,84,https://www.liam.org.my/library/healthcare/Price-Ranges-Common-Private-Healthcare-Services-Msia_27Jan2026.pdf
M1,Musculoskeletal and Connective Tissue,Open Reduction & Internal Fixation (ORIF) for Broken Bones,Inpatient,Facility State,Johor,27200,21800,34300,,,500 - 999,Published,85,https://www.liam.org.my/library/healthcare/Price-Ranges-Common-Private-Healthcare-Services-Msia_27Jan2026.pdf
M1,Musculoskeletal and Connective Tissue,Open Reduction & Internal Fixation (ORIF) for Broken Bones,Inpatient,Facility State,Kedah,21400,17300,27400,,,100 - 499,Published,85,https://www.liam.org.my/library/healthcare/Price-Ranges-Common-Private-Healthcare-Services-Msia_27Jan2026.pdf
M1,Musculoskeletal and Connective Tissue,Open Reduction & Internal Fixation (ORIF) for Broken Bones,Inpatient,Facility State,Kelantan,20300,17300,25200,,,1 - 49,Published,85,https://www.liam.org.my/library/healthcare/Price-Ranges-Common-Private-Healthcare-Services-Msia_27Jan2026.pdf
M1,Musculoskeletal and Connective Tissue,Open Reduction & Internal Fixation (ORIF) for Broken Bones,Inpatient,Facility State,Kuala Lumpur,24100,19300,32300,,,500 - 999,Published,85,https://www.liam.org.my/library/healthcare/Price-Ranges-Common-Private-Healthcare-Services-Msia_27Jan2026.pdf
M1,Musculoskeletal and Connective Tissue,Open Reduction & Internal Fixation (ORIF) for Broken Bones,Inpatient,Facility State,Melaka,23500,18700,30300,,,100 - 499,Published,85,https://www.liam.org.my/library/healthcare/Price-Ranges-Common-Private-Healthcare-Services-Msia_27Jan2026.pdf
M1,Musculoskeletal and Connective Tissue,Open Reduction & Internal Fixation (ORIF) for Broken Bones,Inpatient,Facility State,Negeri Sembilan,25100,20200,30600,,,100 - 499,Published,85,https://www.liam.org.my/library/healthcare/Price-Ranges-Common-Private-Healthcare-Services-Msia_27Jan2026.pdf
M1,Musculoskeletal and Connective Tissue,Open Reduction & Internal Fixation (ORIF) for Broken Bones,Inpatient,Facility State,Pahang,24500,19300,30500,,,50 - 99,Published,85,https://www.liam.org.my/library/healthcare/Price-Ranges-Common-Private-Healthcare-Services-Msia_27Jan2026.pdf
M1,Musculoskeletal and Connective Tissue,Open Reduction & Internal Fixation (ORIF) for Broken Bones,Inpatient,Facility State,Perak,21800,17700,27000,,,100 - 499,Published,85,https://www.liam.org.my/library/healthcare/Price-Ranges-Common-Private-Healthcare-Services-Msia_27Jan2026.pdf
M1,Musculoskeletal and Connective Tissue,Open Reduction & Internal Fixation (ORIF) for Broken Bones,Inpatient,Facility State,Perlis,19500,17800,21600,,,1 - 49,Published,85,https://www.liam.org.my/library/healthcare/Price-Ranges-Common-Private-Healthcare-Services-Msia_27Jan2026.pdf
M1,Musculoskeletal and Connective Tissue,Open Reduction & Internal Fixation (ORIF) for Broken Bones,Inpatient,Facility State,Pulau Pinang,20000,15800,25000,,,500 - 999,Published,85,https://www.liam.org.my/library/healthcare/Price-Ranges-Common-Private-Healthcare-Services-Msia_27Jan2026.pdf
M1,Musculoskeletal and Connective Tissue,Open Reduction & Internal Fixation (ORIF) for Broken Bones,Inpatient,Facility State,Sabah,25800,20200,36600,,,1 - 49,Published,85,https://www.liam.org.my/library/healthcare/Price-Ranges-Common-Private-Healthcare-Services-Msia_27Jan2026.pdf
M1,Musculoskeletal and Connective Tissue,Open Reduction & Internal Fixation (ORIF) for Broken Bones,Inpatient,Facility State,Sarawak,15300,12500,19600,,,100 - 499,Published,85,https://www.liam.org.my/library/healthcare/Price-Ranges-Common-Private-Healthcare-Services-Msia_27Jan2026.pdf
M1,Musculoskeletal and Connective Tissue,Open Reduction & Internal Fixation (ORIF) for Broken Bones,Inpatient,Facility State,Selangor,23600,18800,30400,,,"1,000 - 4,999",Published,85,https://www.liam.org.my/library/healthcare/Price-Ranges-Common-Private-Healthcare-Services-Msia_27Jan2026.pdf
M1,Musculoskeletal and Connective Tissue,Open Reduction & Internal Fixation (ORIF) for Broken Bones,Inpatient,Facility State,Terengganu,21700,19600,26600,,,1 - 49,Published,85,https://www.liam.org.my/library/healthcare/Price-Ranges-Common-Private-Healthcare-Services-Msia_27Jan2026.pdf
M1,Musculoskeletal and Connective Tissue,Open Reduction & Internal Fixation (ORIF) for Broken Bones,Inpatient,Age Group,Age 20 and below,19700,14500,25500,2.6,,500 - 999,Published,86,https://www.liam.org.my/library/healthcare/Price-Ranges-Common-Private-Healthcare-Services-Msia_27Jan2026.pdf
M1,Musculoskeletal and Connective Tissue,Open Reduction & Internal Fixation (ORIF) for Broken Bones,Inpatient,Age Group,Age between 21 – 40,24000,19500,31400,3.1,,"1,000 - 4,999",Published,86,https://www.liam.org.my/library/healthcare/Price-Ranges-Common-Private-Healthcare-Services-Msia_27Jan2026.pdf
M1,Musculoskeletal and Connective Tissue,Open Reduction & Internal Fixation (ORIF) for Broken Bones,Inpatient,Age Group,Age between 41 – 60,24200,19300,31100,3.0,,"1,000 - 4,999",Published,86,https://www.liam.org.my/library/healthcare/Price-Ranges-Common-Private-Healthcare-Services-Msia_27Jan2026.pdf
M1,Musculoskeletal and Connective Tissue,Open Reduction & Internal Fixation (ORIF) for Broken Bones,Inpatient,Age Group,Age 61 and above,24100,19700,31400,3.0,,500 - 999,Published,86,https://www.liam.org.my/library/healthcare/Price-Ranges-Common-Private-Healthcare-Services-Msia_27Jan2026.pdf
M2,Musculoskeletal and Connective Tissue,Radiofrequency (RF) Ablation,Inpatient,Overall,All,24300,20000,30700,2.7,,500 - 999,Published,87,https://www.liam.org.my/library/healthcare/Price-Ranges-Common-Private-Healthcare-Services-Msia_27Jan2026.pdf
M2,Musculoskeletal and Connective Tissue,Radiofrequency (RF) Ablation,Inpatient,Facility State,Johor,27300,23900,33100,,,100 - 499,Published,88,https://www.liam.org.my/library/healthcare/Price-Ranges-Common-Private-Healthcare-Services-Msia_27Jan2026.pdf
M2,Musculoskeletal and Connective Tissue,Radiofrequency (RF) Ablation,Inpatient,Facility State,Kedah,17700,16000,24200,,,1 - 49,Published,88,https://www.liam.org.my/library/healthcare/Price-Ranges-Common-Private-Healthcare-Services-Msia_27Jan2026.pdf
M2,Musculoskeletal and Connective Tissue,Radiofrequency (RF) Ablation,Inpatient,Facility State,Kelantan,,,,,,,Insufficient credible data,88,https://www.liam.org.my/library/healthcare/Price-Ranges-Common-Private-Healthcare-Services-Msia_27Jan2026.pdf
M2,Musculoskeletal and Connective Tissue,Radiofrequency (RF) Ablation,Inpatient,Facility State,Kuala Lumpur,26100,20100,34000,,,100 - 499,Published,88,https://www.liam.org.my/library/healthcare/Price-Ranges-Common-Private-Healthcare-Services-Msia_27Jan2026.pdf
M2,Musculoskeletal and Connective Tissue,Radiofrequency (RF) Ablation,Inpatient,Facility State,Melaka,27300,22500,34500,,,50 - 99,Published,88,https://www.liam.org.my/library/healthcare/Price-Ranges-Common-Private-Healthcare-Services-Msia_27Jan2026.pdf
M2,Musculoskeletal and Connective Tissue,Radiofrequency (RF) Ablation,Inpatient,Facility State,Negeri Sembilan,20200,18100,24600,,,100 - 499,Published,88,https://www.liam.org.my/library/healthcare/Price-Ranges-Common-Private-Healthcare-Services-Msia_27Jan2026.pdf
M2,Musculoskeletal and Connective Tissue,Radiofrequency (RF) Ablation,Inpatient,Facility State,Pahang,29200,24200,38300,,,1 - 49,Published,88,https://www.liam.org.my/library/healthcare/Price-Ranges-Common-Private-Healthcare-Services-Msia_27Jan2026.pdf
M2,Musculoskeletal and Connective Tissue,Radiofrequency (RF) Ablation,Inpatient,Facility State,Perak,21000,19200,23100,,,50 - 99,Published,88,https://www.liam.org.my/library/healthcare/Price-Ranges-Common-Private-Healthcare-Services-Msia_27Jan2026.pdf
M2,Musculoskeletal and Connective Tissue,Radiofrequency (RF) Ablation,Inpatient,Facility State,Perlis,,,,,,,Insufficient credible data,88,https://www.liam.org.my/library/healthcare/Price-Ranges-Common-Private-Healthcare-Services-Msia_27Jan2026.pdf
M2,Musculoskeletal and Connective Tissue,Radiofrequency (RF) Ablation,Inpatient,Facility State,Pulau Pinang,20300,17200,23400,,,50 - 99,Published,88,https://www.liam.org.my/library/healthcare/Price-Ranges-Common-Private-Healthcare-Services-Msia_27Jan2026.pdf
M2,Musculoskeletal and Connective Tissue,Radiofrequency (RF) Ablation,Inpatient,Facility State,Sabah,23200,19900,27600,,,1 - 49,Published,88,https://www.liam.org.my/library/healthcare/Price-Ranges-Common-Private-Healthcare-Services-Msia_27Jan2026.pdf
M2,Musculoskeletal and Connective Tissue,Radiofrequency (RF) Ablation,Inpatient,Facility State,Sarawak,,,,,,,Insufficient credible data,88,https://www.liam.org.my/library/healthcare/Price-Ranges-Common-Private-Healthcare-Services-Msia_27Jan2026.pdf
M2,Musculoskeletal and Connective Tissue,Radiofrequency (RF) Ablation,Inpatient,Facility State,Selangor,23800,19900,30600,,,100 - 499,Published,88,https://www.liam.org.my/library/healthcare/Price-Ranges-Common-Private-Healthcare-Services-Msia_27Jan2026.pdf
M2,Musculoskeletal and Connective Tissue,Radiofrequency (RF) Ablation,Inpatient,Facility State,Terengganu,27900,23000,29900,,,1 - 49,Published,88,https://www.liam.org.my/library/healthcare/Price-Ranges-Common-Private-Healthcare-Services-Msia_27Jan2026.pdf
M2,Musculoskeletal and Connective Tissue,Radiofrequency (RF) Ablation,Inpatient,Age Group,Age 20 and below,26100,22300,27700,3.1,,1 - 49,Published,89,https://www.liam.org.my/library/healthcare/Price-Ranges-Common-Private-Healthcare-Services-Msia_27Jan2026.pdf
M2,Musculoskeletal and Connective Tissue,Radiofrequency (RF) Ablation,Inpatient,Age Group,Age between 21 – 40,24500,20000,30600,2.8,,100 - 499,Published,89,https://www.liam.org.my/library/healthcare/Price-Ranges-Common-Private-Healthcare-Services-Msia_27Jan2026.pdf
M2,Musculoskeletal and Connective Tissue,Radiofrequency (RF) Ablation,Inpatient,Age Group,Age between 41 – 60,24300,20000,30800,2.7,,100 - 499,Published,89,https://www.liam.org.my/library/healthcare/Price-Ranges-Common-Private-Healthcare-Services-Msia_27Jan2026.pdf
M2,Musculoskeletal and Connective Tissue,Radiofrequency (RF) Ablation,Inpatient,Age Group,Age 61 and above,22900,20000,32500,2.4,,50 - 99,Published,89,https://www.liam.org.my/library/healthcare/Price-Ranges-Common-Private-Healthcare-Services-Msia_27Jan2026.pdf
M2,Musculoskeletal and Connective Tissue,Radiofrequency (RF) Ablation,Daycare,Overall,All,14400,11000,17200,,Discharge within the same day,50 - 99,Published,87,https://www.liam.org.my/library/healthcare/Price-Ranges-Common-Private-Healthcare-Services-Msia_27Jan2026.pdf
M2,Musculoskeletal and Connective Tissue,Radiofrequency (RF) Ablation,Daycare,Facility State,Johor,,,,,,,Insufficient credible data,90,https://www.liam.org.my/library/healthcare/Price-Ranges-Common-Private-Healthcare-Services-Msia_27Jan2026.pdf
M2,Musculoskeletal and Connective Tissue,Radiofrequency (RF) Ablation,Daycare,Facility State,Kedah,14100,12900,16400,,,50 - 99,Published,90,https://www.liam.org.my/library/healthcare/Price-Ranges-Common-Private-Healthcare-Services-Msia_27Jan2026.pdf
M2,Musculoskeletal and Connective Tissue,Radiofrequency (RF) Ablation,Daycare,Facility State,Kelantan,,,,,,,Insufficient credible data,90,https://www.liam.org.my/library/healthcare/Price-Ranges-Common-Private-Healthcare-Services-Msia_27Jan2026.pdf
M2,Musculoskeletal and Connective Tissue,Radiofrequency (RF) Ablation,Daycare,Facility State,Kuala Lumpur,18400,11300,25000,,,1 - 49,Published,90,https://www.liam.org.my/library/healthcare/Price-Ranges-Common-Private-Healthcare-Services-Msia_27Jan2026.pdf
M2,Musculoskeletal and Connective Tissue,Radiofrequency (RF) Ablation,Daycare,Facility State,Melaka,,,,,,,Insufficient credible data,90,https://www.liam.org.my/library/healthcare/Price-Ranges-Common-Private-Healthcare-Services-Msia_27Jan2026.pdf
M2,Musculoskeletal and Connective Tissue,Radiofrequency (RF) Ablation,Daycare,Facility State,Negeri Sembilan,,,,,,,Insufficient credible data,90,https://www.liam.org.my/library/healthcare/Price-Ranges-Common-Private-Healthcare-Services-Msia_27Jan2026.pdf
M2,Musculoskeletal and Connective Tissue,Radiofrequency (RF) Ablation,Daycare,Facility State,Pahang,,,,,,,Insufficient credible data,90,https://www.liam.org.my/library/healthcare/Price-Ranges-Common-Private-Healthcare-Services-Msia_27Jan2026.pdf
M2,Musculoskeletal and Connective Tissue,Radiofrequency (RF) Ablation,Daycare,Facility State,Perak,,,,,,,Insufficient credible data,90,https://www.liam.org.my/library/healthcare/Price-Ranges-Common-Private-Healthcare-Services-Msia_27Jan2026.pdf
M2,Musculoskeletal and Connective Tissue,Radiofrequency (RF) Ablation,Daycare,Facility State,Perlis,,,,,,,Insufficient credible data,90,https://www.liam.org.my/library/healthcare/Price-Ranges-Common-Private-Healthcare-Services-Msia_27Jan2026.pdf
M2,Musculoskeletal and Connective Tissue,Radiofrequency (RF) Ablation,Daycare,Facility State,Pulau Pinang,14900,10400,17000,,,1 - 49,Published,90,https://www.liam.org.my/library/healthcare/Price-Ranges-Common-Private-Healthcare-Services-Msia_27Jan2026.pdf
M2,Musculoskeletal and Connective Tissue,Radiofrequency (RF) Ablation,Daycare,Facility State,Sabah,,,,,,,Insufficient credible data,90,https://www.liam.org.my/library/healthcare/Price-Ranges-Common-Private-Healthcare-Services-Msia_27Jan2026.pdf
M2,Musculoskeletal and Connective Tissue,Radiofrequency (RF) Ablation,Daycare,Facility State,Sarawak,,,,,,,Insufficient credible data,90,https://www.liam.org.my/library/healthcare/Price-Ranges-Common-Private-Healthcare-Services-Msia_27Jan2026.pdf
M2,Musculoskeletal and Connective Tissue,Radiofrequency (RF) Ablation,Daycare,Facility State,Selangor,,,,,,,Insufficient credible data,90,https://www.liam.org.my/library/healthcare/Price-Ranges-Common-Private-Healthcare-Services-Msia_27Jan2026.pdf
M2,Musculoskeletal and Connective Tissue,Radiofrequency (RF) Ablation,Daycare,Facility State,Terengganu,,,,,,,Insufficient credible data,90,https://www.liam.org.my/library/healthcare/Price-Ranges-Common-Private-Healthcare-Services-Msia_27Jan2026.pdf
M2,Musculoskeletal and Connective Tissue,Radiofrequency (RF) Ablation,Daycare,Age Group,Age 20 and below,,,,,Discharge within the same day,,Insufficient credible data,91,https://www.liam.org.my/library/healthcare/Price-Ranges-Common-Private-Healthcare-Services-Msia_27Jan2026.pdf
M2,Musculoskeletal and Connective Tissue,Radiofrequency (RF) Ablation,Daycare,Age Group,Age between 21 – 40,13100,12800,15600,,Discharge within the same day,1 - 49,Published,91,https://www.liam.org.my/library/healthcare/Price-Ranges-Common-Private-Healthcare-Services-Msia_27Jan2026.pdf
M2,Musculoskeletal and Connective Tissue,Radiofrequency (RF) Ablation,Daycare,Age Group,Age between 41 – 60,15500,13100,18400,,Discharge within the same day,1 - 49,Published,91,https://www.liam.org.my/library/healthcare/Price-Ranges-Common-Private-Healthcare-Services-Msia_27Jan2026.pdf
M2,Musculoskeletal and Connective Tissue,Radiofrequency (RF) Ablation,Daycare,Age Group,Age 61 and above,,,,,Discharge within the same day,,Insufficient credible data,91,https://www.liam.org.my/library/healthcare/Price-Ranges-Common-Private-Healthcare-Services-Msia_27Jan2026.pdf
M3,Musculoskeletal and Connective Tissue,Removal of Orthopaedic Implants,Inpatient,Overall,All,10900,8800,14000,1.9,,"1,000 - 4,999",Published,92,https://www.liam.org.my/library/healthcare/Price-Ranges-Common-Private-Healthcare-Services-Msia_27Jan2026.pdf
M3,Musculoskeletal and Connective Tissue,Removal of Orthopaedic Implants,Inpatient,Facility State,Johor,12400,9900,16200,,,100 - 499,Published,93,https://www.liam.org.my/library/healthcare/Price-Ranges-Common-Private-Healthcare-Services-Msia_27Jan2026.pdf
M3,Musculoskeletal and Connective Tissue,Removal of Orthopaedic Implants,Inpatient,Facility State,Kedah,9600,8000,12400,,,1 - 49,Published,93,https://www.liam.org.my/library/healthcare/Price-Ranges-Common-Private-Healthcare-Services-Msia_27Jan2026.pdf
M3,Musculoskeletal and Connective Tissue,Removal of Orthopaedic Implants,Inpatient,Facility State,Kelantan,10000,8600,11700,,,1 - 49,Published,93,https://www.liam.org.my/library/healthcare/Price-Ranges-Common-Private-Healthcare-Services-Msia_27Jan2026.pdf
M3,Musculoskeletal and Connective Tissue,Removal of Orthopaedic Implants,Inpatient,Facility State,Kuala Lumpur,12200,9600,17100,,,100 - 499,Published,93,https://www.liam.org.my/library/healthcare/Price-Ranges-Common-Private-Healthcare-Services-Msia_27Jan2026.pdf
M3,Musculoskeletal and Connective Tissue,Removal of Orthopaedic Implants,Inpatient,Facility State,Melaka,9400,8300,11700,,,100 - 499,Published,93,https://www.liam.org.my/library/healthcare/Price-Ranges-Common-Private-Healthcare-Services-Msia_27Jan2026.pdf
M3,Musculoskeletal and Connective Tissue,Removal of Orthopaedic Implants,Inpatient,Facility State,Negeri Sembilan,12200,10900,14100,,,50 - 99,Published,93,https://www.liam.org.my/library/healthcare/Price-Ranges-Common-Private-Healthcare-Services-Msia_27Jan2026.pdf
M3,Musculoskeletal and Connective Tissue,Removal of Orthopaedic Implants,Inpatient,Facility State,Pahang,10300,8600,11600,,,1 - 49,Published,93,https://www.liam.org.my/library/healthcare/Price-Ranges-Common-Private-Healthcare-Services-Msia_27Jan2026.pdf
M3,Musculoskeletal and Connective Tissue,Removal of Orthopaedic Implants,Inpatient,Facility State,Perak,9500,7800,11900,,,100 - 499,Published,93,https://www.liam.org.my/library/healthcare/Price-Ranges-Common-Private-Healthcare-Services-Msia_27Jan2026.pdf
M3,Musculoskeletal and Connective Tissue,Removal of Orthopaedic Implants,Inpatient,Facility State,Perlis,,,,,,,Insufficient credible data,93,https://www.liam.org.my/library/healthcare/Price-Ranges-Common-Private-Healthcare-Services-Msia_27Jan2026.pdf
M3,Musculoskeletal and Connective Tissue,Removal of Orthopaedic Implants,Inpatient,Facility State,Pulau Pinang,9500,7800,12000,,,100 - 499,Published,93,https://www.liam.org.my/library/healthcare/Price-Ranges-Common-Private-Healthcare-Services-Msia_27Jan2026.pdf
M3,Musculoskeletal and Connective Tissue,Removal of Orthopaedic Implants,Inpatient,Facility State,Sabah,10800,9500,12600,,,1 - 49,Published,93,https://www.liam.org.my/library/healthcare/Price-Ranges-Common-Private-Healthcare-Services-Msia_27Jan2026.pdf
M3,Musculoskeletal and Connective Tissue,Removal of Orthopaedic Implants,Inpatient,Facility State,Sarawak,7200,5900,9500,,,1 - 49,Published,93,https://www.liam.org.my/library/healthcare/Price-Ranges-Common-Private-Healthcare-Services-Msia_27Jan2026.pdf
M3,Musculoskeletal and Connective Tissue,Removal of Orthopaedic Implants,Inpatient,Facility State,Selangor,11500,9400,13800,,,100 - 499,Published,93,https://www.liam.org.my/library/healthcare/Price-Ranges-Common-Private-Healthcare-Services-Msia_27Jan2026.pdf
M3,Musculoskeletal and Connective Tissue,Removal of Orthopaedic Implants,Inpatient,Facility State,Terengganu,,,,,,,Insufficient credible data,93,https://www.liam.org.my/library/healthcare/Price-Ranges-Common-Private-Healthcare-Services-Msia_27Jan2026.pdf
M3,Musculoskeletal and Connective Tissue,Removal of Orthopaedic Implants,Inpatient,Age Group,Age 20 and below,10000,8500,12400,1.6,,100 - 499,Published,94,https://www.liam.org.my/library/healthcare/Price-Ranges-Common-Private-Healthcare-Services-Msia_27Jan2026.pdf
M3,Musculoskeletal and Connective Tissue,Removal of Orthopaedic Implants,Inpatient,Age Group,Age between 21 – 40,11400,9200,14700,1.9,,500 - 999,Published,94,https://www.liam.org.my/library/healthcare/Price-Ranges-Common-Private-Healthcare-Services-Msia_27Jan2026.pdf
M3,Musculoskeletal and Connective Tissue,Removal of Orthopaedic Implants,Inpatient,Age Group,Age between 41 – 60,11400,8900,14800,2.0,,100 - 499,Published,94,https://www.liam.org.my/library/healthcare/Price-Ranges-Common-Private-Healthcare-Services-Msia_27Jan2026.pdf
M3,Musculoskeletal and Connective Tissue,Removal of Orthopaedic Implants,Inpatient,Age Group,Age 61 and above,11100,8300,19000,2.4,,100 - 499,Published,94,https://www.liam.org.my/library/healthcare/Price-Ranges-Common-Private-Healthcare-Services-Msia_27Jan2026.pdf
M3,Musculoskeletal and Connective Tissue,Removal of Orthopaedic Implants,Daycare,Overall,All,7000,5400,8800,,Discharge within the same day,100 - 499,Published,92,https://www.liam.org.my/library/healthcare/Price-Ranges-Common-Private-Healthcare-Services-Msia_27Jan2026.pdf
M3,Musculoskeletal and Connective Tissue,Removal of Orthopaedic Implants,Daycare,Facility State,Johor,7800,6600,9600,,,1 - 49,Published,95,https://www.liam.org.my/library/healthcare/Price-Ranges-Common-Private-Healthcare-Services-Msia_27Jan2026.pdf
M3,Musculoskeletal and Connective Tissue,Removal of Orthopaedic Implants,Daycare,Facility State,Kedah,,,,,,,Insufficient credible data,95,https://www.liam.org.my/library/healthcare/Price-Ranges-Common-Private-Healthcare-Services-Msia_27Jan2026.pdf
M3,Musculoskeletal and Connective Tissue,Removal of Orthopaedic Implants,Daycare,Facility State,Kelantan,,,,,,,Insufficient credible data,95,https://www.liam.org.my/library/healthcare/Price-Ranges-Common-Private-Healthcare-Services-Msia_27Jan2026.pdf
M3,Musculoskeletal and Connective Tissue,Removal of Orthopaedic Implants,Daycare,Facility State,Kuala Lumpur,8000,6700,9700,,,1 - 49,Published,95,https://www.liam.org.my/library/healthcare/Price-Ranges-Common-Private-Healthcare-Services-Msia_27Jan2026.pdf
M3,Musculoskeletal and Connective Tissue,Removal of Orthopaedic Implants,Daycare,Facility State,Melaka,,,,,,,Insufficient credible data,95,https://www.liam.org.my/library/healthcare/Price-Ranges-Common-Private-Healthcare-Services-Msia_27Jan2026.pdf
M3,Musculoskeletal and Connective Tissue,Removal of Orthopaedic Implants,Daycare,Facility State,Negeri Sembilan,,,,,,,Insufficient credible data,95,https://www.liam.org.my/library/healthcare/Price-Ranges-Common-Private-Healthcare-Services-Msia_27Jan2026.pdf
M3,Musculoskeletal and Connective Tissue,Removal of Orthopaedic Implants,Daycare,Facility State,Pahang,,,,,,,Insufficient credible data,95,https://www.liam.org.my/library/healthcare/Price-Ranges-Common-Private-Healthcare-Services-Msia_27Jan2026.pdf
M3,Musculoskeletal and Connective Tissue,Removal of Orthopaedic Implants,Daycare,Facility State,Perak,6100,5200,7000,,,1 - 49,Published,95,https://www.liam.org.my/library/healthcare/Price-Ranges-Common-Private-Healthcare-Services-Msia_27Jan2026.pdf
M3,Musculoskeletal and Connective Tissue,Removal of Orthopaedic Implants,Daycare,Facility State,Perlis,,,,,,,Insufficient credible data,95,https://www.liam.org.my/library/healthcare/Price-Ranges-Common-Private-Healthcare-Services-Msia_27Jan2026.pdf
M3,Musculoskeletal and Connective Tissue,Removal of Orthopaedic Implants,Daycare,Facility State,Pulau Pinang,6000,4000,7100,,,1 - 49,Published,95,https://www.liam.org.my/library/healthcare/Price-Ranges-Common-Private-Healthcare-Services-Msia_27Jan2026.pdf
M3,Musculoskeletal and Connective Tissue,Removal of Orthopaedic Implants,Daycare,Facility State,Sabah,,,,,,,Insufficient credible data,95,https://www.liam.org.my/library/healthcare/Price-Ranges-Common-Private-Healthcare-Services-Msia_27Jan2026.pdf
M3,Musculoskeletal and Connective Tissue,Removal of Orthopaedic Implants,Daycare,Facility State,Sarawak,,,,,,,Insufficient credible data,95,https://www.liam.org.my/library/healthcare/Price-Ranges-Common-Private-Healthcare-Services-Msia_27Jan2026.pdf
M3,Musculoskeletal and Connective Tissue,Removal of Orthopaedic Implants,Daycare,Facility State,Selangor,7900,5400,9500,,,50 - 99,Published,95,https://www.liam.org.my/library/healthcare/Price-Ranges-Common-Private-Healthcare-Services-Msia_27Jan2026.pdf
M3,Musculoskeletal and Connective Tissue,Removal of Orthopaedic Implants,Daycare,Facility State,Terengganu,,,,,,,Insufficient credible data,95,https://www.liam.org.my/library/healthcare/Price-Ranges-Common-Private-Healthcare-Services-Msia_27Jan2026.pdf
M3,Musculoskeletal and Connective Tissue,Removal of Orthopaedic Implants,Daycare,Age Group,Age 20 and below,7400,5900,9100,,Discharge within the same day,50 - 99,Published,96,https://www.liam.org.my/library/healthcare/Price-Ranges-Common-Private-Healthcare-Services-Msia_27Jan2026.pdf
M3,Musculoskeletal and Connective Tissue,Removal of Orthopaedic Implants,Daycare,Age Group,Age between 21 – 40,7200,5700,8800,,Discharge within the same day,50 - 99,Published,96,https://www.liam.org.my/library/healthcare/Price-Ranges-Common-Private-Healthcare-Services-Msia_27Jan2026.pdf
M3,Musculoskeletal and Connective Tissue,Removal of Orthopaedic Implants,Daycare,Age Group,Age between 41 – 60,6300,4400,8500,,Discharge within the same day,1 - 49,Published,96,https://www.liam.org.my/library/healthcare/Price-Ranges-Common-Private-Healthcare-Services-Msia_27Jan2026.pdf
M3,Musculoskeletal and Connective Tissue,Removal of Orthopaedic Implants,Daycare,Age Group,Age 61 and above,6600,5900,8100,,Discharge within the same day,1 - 49,Published,96,https://www.liam.org.my/library/healthcare/Price-Ranges-Common-Private-Healthcare-Services-Msia_27Jan2026.pdf
M4,Musculoskeletal and Connective Tissue,Total Knee Replacement,Inpatient,Overall,All,33400,28100,38200,4.1,,"1,000 - 4,999",Published,97,https://www.liam.org.my/library/healthcare/Price-Ranges-Common-Private-Healthcare-Services-Msia_27Jan2026.pdf
M4,Musculoskeletal and Connective Tissue,Total Knee Replacement,Inpatient,Facility State,Johor,36900,32900,43000,,,100 - 499,Published,98,https://www.liam.org.my/library/healthcare/Price-Ranges-Common-Private-Healthcare-Services-Msia_27Jan2026.pdf
M4,Musculoskeletal and Connective Tissue,Total Knee Replacement,Inpatient,Facility State,Kedah,35500,31000,39400,,,1 - 49,Published,98,https://www.liam.org.my/library/healthcare/Price-Ranges-Common-Private-Healthcare-Services-Msia_27Jan2026.pdf
M4,Musculoskeletal and Connective Tissue,Total Knee Replacement,Inpatient,Facility State,Kelantan,,,,,,,Insufficient credible data,98,https://www.liam.org.my/library/healthcare/Price-Ranges-Common-Private-Healthcare-Services-Msia_27Jan2026.pdf
M4,Musculoskeletal and Connective Tissue,Total Knee Replacement,Inpatient,Facility State,Kuala Lumpur,33400,28300,37300,,,100 - 499,Published,98,https://www.liam.org.my/library/healthcare/Price-Ranges-Common-Private-Healthcare-Services-Msia_27Jan2026.pdf
M4,Musculoskeletal and Connective Tissue,Total Knee Replacement,Inpatient,Facility State,Melaka,34300,32100,37400,,,100 - 499,Published,98,https://www.liam.org.my/library/healthcare/Price-Ranges-Common-Private-Healthcare-Services-Msia_27Jan2026.pdf
M4,Musculoskeletal and Connective Tissue,Total Knee Replacement,Inpatient,Facility State,Negeri Sembilan,36000,33500,38400,,,50 - 99,Published,98,https://www.liam.org.my/library/healthcare/Price-Ranges-Common-Private-Healthcare-Services-Msia_27Jan2026.pdf
M4,Musculoskeletal and Connective Tissue,Total Knee Replacement,Inpatient,Facility State,Pahang,,,,,,,Insufficient credible data,98,https://www.liam.org.my/library/healthcare/Price-Ranges-Common-Private-Healthcare-Services-Msia_27Jan2026.pdf
M4,Musculoskeletal and Connective Tissue,Total Knee Replacement,Inpatient,Facility State,Perak,28200,25100,32400,,,100 - 499,Published,98,https://www.liam.org.my/library/healthcare/Price-Ranges-Common-Private-Healthcare-Services-Msia_27Jan2026.pdf
M4,Musculoskeletal and Connective Tissue,Total Knee Replacement,Inpatient,Facility State,Perlis,,,,,,,Insufficient credible data,98,https://www.liam.org.my/library/healthcare/Price-Ranges-Common-Private-Healthcare-Services-Msia_27Jan2026.pdf
M4,Musculoskeletal and Connective Tissue,Total Knee Replacement,Inpatient,Facility State,Pulau Pinang,26900,24000,32100,,,100 - 499,Published,98,https://www.liam.org.my/library/healthcare/Price-Ranges-Common-Private-Healthcare-Services-Msia_27Jan2026.pdf
M4,Musculoskeletal and Connective Tissue,Total Knee Replacement,Inpatient,Facility State,Sabah,,,,,,,Insufficient credible data,98,https://www.liam.org.my/library/healthcare/Price-Ranges-Common-Private-Healthcare-Services-Msia_27Jan2026.pdf
M4,Musculoskeletal and Connective Tissue,Total Knee Replacement,Inpatient,Facility State,Sarawak,30400,28200,33200,,,50 - 99,Published,98,https://www.liam.org.my/library/healthcare/Price-Ranges-Common-Private-Healthcare-Services-Msia_27Jan2026.pdf
M4,Musculoskeletal and Connective Tissue,Total Knee Replacement,Inpatient,Facility State,Selangor,38000,34500,42200,,,100 - 499,Published,98,https://www.liam.org.my/library/healthcare/Price-Ranges-Common-Private-Healthcare-Services-Msia_27Jan2026.pdf
M4,Musculoskeletal and Connective Tissue,Total Knee Replacement,Inpatient,Facility State,Terengganu,,,,,,,Insufficient credible data,98,https://www.liam.org.my/library/healthcare/Price-Ranges-Common-Private-Healthcare-Services-Msia_27Jan2026.pdf
M4,Musculoskeletal and Connective Tissue,Total Knee Replacement,Inpatient,Age Group,Age 20 and below,,,,,,,Insufficient credible data,99,https://www.liam.org.my/library/healthcare/Price-Ranges-Common-Private-Healthcare-Services-Msia_27Jan2026.pdf
M4,Musculoskeletal and Connective Tissue,Total Knee Replacement,Inpatient,Age Group,Age between 21 – 40,,,,,,,Insufficient credible data,99,https://www.liam.org.my/library/healthcare/Price-Ranges-Common-Private-Healthcare-Services-Msia_27Jan2026.pdf
M4,Musculoskeletal and Connective Tissue,Total Knee Replacement,Inpatient,Age Group,Age between 41 – 60,33600,29000,39100,4.2,,100 - 499,Published,99,https://www.liam.org.my/library/healthcare/Price-Ranges-Common-Private-Healthcare-Services-Msia_27Jan2026.pdf
M4,Musculoskeletal and Connective Tissue,Total Knee Replacement,Inpatient,Age Group,Age 61 and above,33300,27900,37900,4.1,,"1,000 - 4,999",Published,99,https://www.liam.org.my/library/healthcare/Price-Ranges-Common-Private-Healthcare-Services-Msia_27Jan2026.pdf
M5,Musculoskeletal and Connective Tissue,Treatment for Forearm Fracture,Inpatient,Overall,All,9500,6600,13000,1.7,,"1,000 - 4,999",Published,100,https://www.liam.org.my/library/healthcare/Price-Ranges-Common-Private-Healthcare-Services-Msia_27Jan2026.pdf
M5,Musculoskeletal and Connective Tissue,Treatment for Forearm Fracture,Inpatient,Facility State,Johor,9500,6300,13800,,,100 - 499,Published,101,https://www.liam.org.my/library/healthcare/Price-Ranges-Common-Private-Healthcare-Services-Msia_27Jan2026.pdf
M5,Musculoskeletal and Connective Tissue,Treatment for Forearm Fracture,Inpatient,Facility State,Kedah,8100,5800,12300,,,50 - 99,Published,101,https://www.liam.org.my/library/healthcare/Price-Ranges-Common-Private-Healthcare-Services-Msia_27Jan2026.pdf
M5,Musculoskeletal and Connective Tissue,Treatment for Forearm Fracture,Inpatient,Facility State,Kelantan,,,,,,,Insufficient credible data,101,https://www.liam.org.my/library/healthcare/Price-Ranges-Common-Private-Healthcare-Services-Msia_27Jan2026.pdf
M5,Musculoskeletal and Connective Tissue,Treatment for Forearm Fracture,Inpatient,Facility State,Kuala Lumpur,9800,6700,13900,,,100 - 499,Published,101,https://www.liam.org.my/library/healthcare/Price-Ranges-Common-Private-Healthcare-Services-Msia_27Jan2026.pdf
M5,Musculoskeletal and Connective Tissue,Treatment for Forearm Fracture,Inpatient,Facility State,Melaka,9000,7600,11600,,,50 - 99,Published,101,https://www.liam.org.my/library/healthcare/Price-Ranges-Common-Private-Healthcare-Services-Msia_27Jan2026.pdf
M5,Musculoskeletal and Connective Tissue,Treatment for Forearm Fracture,Inpatient,Facility State,Negeri Sembilan,9700,6800,14300,,,100 - 499,Published,101,https://www.liam.org.my/library/healthcare/Price-Ranges-Common-Private-Healthcare-Services-Msia_27Jan2026.pdf
M5,Musculoskeletal and Connective Tissue,Treatment for Forearm Fracture,Inpatient,Facility State,Pahang,10600,9000,12200,,,1 - 49,Published,101,https://www.liam.org.my/library/healthcare/Price-Ranges-Common-Private-Healthcare-Services-Msia_27Jan2026.pdf
M5,Musculoskeletal and Connective Tissue,Treatment for Forearm Fracture,Inpatient,Facility State,Perak,8900,6800,11600,,,100 - 499,Published,101,https://www.liam.org.my/library/healthcare/Price-Ranges-Common-Private-Healthcare-Services-Msia_27Jan2026.pdf
M5,Musculoskeletal and Connective Tissue,Treatment for Forearm Fracture,Inpatient,Facility State,Perlis,,,,,,,Insufficient credible data,101,https://www.liam.org.my/library/healthcare/Price-Ranges-Common-Private-Healthcare-Services-Msia_27Jan2026.pdf
M5,Musculoskeletal and Connective Tissue,Treatment for Forearm Fracture,Inpatient,Facility State,Pulau Pinang,8000,5000,11400,,,100 - 499,Published,101,https://www.liam.org.my/library/healthcare/Price-Ranges-Common-Private-Healthcare-Services-Msia_27Jan2026.pdf
M5,Musculoskeletal and Connective Tissue,Treatment for Forearm Fracture,Inpatient,Facility State,Sabah,8500,6900,12900,,,1 - 49,Published,101,https://www.liam.org.my/library/healthcare/Price-Ranges-Common-Private-Healthcare-Services-Msia_27Jan2026.pdf
M5,Musculoskeletal and Connective Tissue,Treatment for Forearm Fracture,Inpatient,Facility State,Sarawak,7700,6400,9500,,,1 - 49,Published,101,https://www.liam.org.my/library/healthcare/Price-Ranges-Common-Private-Healthcare-Services-Msia_27Jan2026.pdf
M5,Musculoskeletal and Connective Tissue,Treatment for Forearm Fracture,Inpatient,Facility State,Selangor,10000,7400,13100,,,100 - 499,Published,101,https://www.liam.org.my/library/healthcare/Price-Ranges-Common-Private-Healthcare-Services-Msia_27Jan2026.pdf
M5,Musculoskeletal and Connective Tissue,Treatment for Forearm Fracture,Inpatient,Facility State,Terengganu,,,,,,,Insufficient credible data,101,https://www.liam.org.my/library/healthcare/Price-Ranges-Common-Private-Healthcare-Services-Msia_27Jan2026.pdf
M5,Musculoskeletal and Connective Tissue,Treatment for Forearm Fracture,Inpatient,Age Group,Age 20 and below,9300,7000,11600,1.5,,500 - 999,Published,102,https://www.liam.org.my/library/healthcare/Price-Ranges-Common-Private-Healthcare-Services-Msia_27Jan2026.pdf
M5,Musculoskeletal and Connective Tissue,Treatment for Forearm Fracture,Inpatient,Age Group,Age between 21 – 40,9900,6300,14300,2.0,,100 - 499,Published,102,https://www.liam.org.my/library/healthcare/Price-Ranges-Common-Private-Healthcare-Services-Msia_27Jan2026.pdf
M5,Musculoskeletal and Connective Tissue,Treatment for Forearm Fracture,Inpatient,Age Group,Age between 41 – 60,9100,5900,14500,1.8,,100 - 499,Published,102,https://www.liam.org.my/library/healthcare/Price-Ranges-Common-Private-Healthcare-Services-Msia_27Jan2026.pdf
M5,Musculoskeletal and Connective Tissue,Treatment for Forearm Fracture,Inpatient,Age Group,Age 61 and above,10000,6600,16700,2.0,,50 - 99,Published,102,https://www.liam.org.my/library/healthcare/Price-Ranges-Common-Private-Healthcare-Services-Msia_27Jan2026.pdf
M6,Musculoskeletal and Connective Tissue,Treatment for Wrist Fracture,Inpatient,Overall,All,5800,3900,8900,1.6,,"1,000 - 4,999",Published,103,https://www.liam.org.my/library/healthcare/Price-Ranges-Common-Private-Healthcare-Services-Msia_27Jan2026.pdf
M6,Musculoskeletal and Connective Tissue,Treatment for Wrist Fracture,Inpatient,Facility State,Johor,6700,4200,9400,,,100 - 499,Published,104,https://www.liam.org.my/library/healthcare/Price-Ranges-Common-Private-Healthcare-Services-Msia_27Jan2026.pdf
M6,Musculoskeletal and Connective Tissue,Treatment for Wrist Fracture,Inpatient,Facility State,Kedah,5100,3700,7000,,,100 - 499,Published,104,https://www.liam.org.my/library/healthcare/Price-Ranges-Common-Private-Healthcare-Services-Msia_27Jan2026.pdf
M6,Musculoskeletal and Connective Tissue,Treatment for Wrist Fracture,Inpatient,Facility State,Kelantan,7600,6500,9600,,,1 - 49,Published,104,https://www.liam.org.my/library/healthcare/Price-Ranges-Common-Private-Healthcare-Services-Msia_27Jan2026.pdf
M6,Musculoskeletal and Connective Tissue,Treatment for Wrist Fracture,Inpatient,Facility State,Kuala Lumpur,6600,4200,10200,,,100 - 499,Published,104,https://www.liam.org.my/library/healthcare/Price-Ranges-Common-Private-Healthcare-Services-Msia_27Jan2026.pdf
M6,Musculoskeletal and Connective Tissue,Treatment for Wrist Fracture,Inpatient,Facility State,Melaka,5900,4300,14000,,,1 - 49,Published,104,https://www.liam.org.my/library/healthcare/Price-Ranges-Common-Private-Healthcare-Services-Msia_27Jan2026.pdf
M6,Musculoskeletal and Connective Tissue,Treatment for Wrist Fracture,Inpatient,Facility State,Negeri Sembilan,5500,3700,8800,,,100 - 499,Published,104,https://www.liam.org.my/library/healthcare/Price-Ranges-Common-Private-Healthcare-Services-Msia_27Jan2026.pdf
M6,Musculoskeletal and Connective Tissue,Treatment for Wrist Fracture,Inpatient,Facility State,Pahang,7400,4700,9600,,,1 - 49,Published,104,https://www.liam.org.my/library/healthcare/Price-Ranges-Common-Private-Healthcare-Services-Msia_27Jan2026.pdf
M6,Musculoskeletal and Connective Tissue,Treatment for Wrist Fracture,Inpatient,Facility State,Perak,4800,3400,7000,,,100 - 499,Published,104,https://www.liam.org.my/library/healthcare/Price-Ranges-Common-Private-Healthcare-Services-Msia_27Jan2026.pdf
M6,Musculoskeletal and Connective Tissue,Treatment for Wrist Fracture,Inpatient,Facility State,Perlis,,,,,,,Insufficient credible data,104,https://www.liam.org.my/library/healthcare/Price-Ranges-Common-Private-Healthcare-Services-Msia_27Jan2026.pdf
M6,Musculoskeletal and Connective Tissue,Treatment for Wrist Fracture,Inpatient,Facility State,Pulau Pinang,4900,3200,7400,,,100 - 499,Published,104,https://www.liam.org.my/library/healthcare/Price-Ranges-Common-Private-Healthcare-Services-Msia_27Jan2026.pdf
M6,Musculoskeletal and Connective Tissue,Treatment for Wrist Fracture,Inpatient,Facility State,Sabah,5900,4900,7700,,,1 - 49,Published,104,https://www.liam.org.my/library/healthcare/Price-Ranges-Common-Private-Healthcare-Services-Msia_27Jan2026.pdf
M6,Musculoskeletal and Connective Tissue,Treatment for Wrist Fracture,Inpatient,Facility State,Sarawak,5100,3700,12000,,,1 - 49,Published,104,https://www.liam.org.my/library/healthcare/Price-Ranges-Common-Private-Healthcare-Services-Msia_27Jan2026.pdf
M6,Musculoskeletal and Connective Tissue,Treatment for Wrist Fracture,Inpatient,Facility State,Selangor,5900,4000,9300,,,500 - 999,Published,104,https://www.liam.org.my/library/healthcare/Price-Ranges-Common-Private-Healthcare-Services-Msia_27Jan2026.pdf
M6,Musculoskeletal and Connective Tissue,Treatment for Wrist Fracture,Inpatient,Facility State,Terengganu,,,,,,,Insufficient credible data,104,https://www.liam.org.my/library/healthcare/Price-Ranges-Common-Private-Healthcare-Services-Msia_27Jan2026.pdf
M6,Musculoskeletal and Connective Tissue,Treatment for Wrist Fracture,Inpatient,Age Group,Age 20 and below,5600,3400,8600,1.4,,500 - 999,Published,105,https://www.liam.org.my/library/healthcare/Price-Ranges-Common-Private-Healthcare-Services-Msia_27Jan2026.pdf
M6,Musculoskeletal and Connective Tissue,Treatment for Wrist Fracture,Inpatient,Age Group,Age between 21 – 40,6000,4200,8800,1.8,,500 - 999,Published,105,https://www.liam.org.my/library/healthcare/Price-Ranges-Common-Private-Healthcare-Services-Msia_27Jan2026.pdf
M6,Musculoskeletal and Connective Tissue,Treatment for Wrist Fracture,Inpatient,Age Group,Age between 41 – 60,5700,3900,9500,1.7,,500 - 999,Published,105,https://www.liam.org.my/library/healthcare/Price-Ranges-Common-Private-Healthcare-Services-Msia_27Jan2026.pdf
M6,Musculoskeletal and Connective Tissue,Treatment for Wrist Fracture,Inpatient,Age Group,Age 61 and above,5800,3900,10800,1.8,,100 - 499,Published,105,https://www.liam.org.my/library/healthcare/Price-Ranges-Common-Private-Healthcare-Services-Msia_27Jan2026.pdf
N1,Neoplasms,Removal of Breast Lump,Inpatient,Overall,All,11200,8700,15000,1.9,,"1,000 - 4,999",Published,106,https://www.liam.org.my/library/healthcare/Price-Ranges-Common-Private-Healthcare-Services-Msia_27Jan2026.pdf
N1,Neoplasms,Removal of Breast Lump,Inpatient,Facility State,Johor,11400,9000,14000,,,100 - 499,Published,107,https://www.liam.org.my/library/healthcare/Price-Ranges-Common-Private-Healthcare-Services-Msia_27Jan2026.pdf
N1,Neoplasms,Removal of Breast Lump,Inpatient,Facility State,Kedah,10400,8500,18700,,,1 - 49,Published,107,https://www.liam.org.my/library/healthcare/Price-Ranges-Common-Private-Healthcare-Services-Msia_27Jan2026.pdf
N1,Neoplasms,Removal of Breast Lump,Inpatient,Facility State,Kelantan,11200,10300,22900,,,1 - 49,Published,107,https://www.liam.org.my/library/healthcare/Price-Ranges-Common-Private-Healthcare-Services-Msia_27Jan2026.pdf
N1,Neoplasms,Removal of Breast Lump,Inpatient,Facility State,Kuala Lumpur,13600,9100,17700,,,100 - 499,Published,107,https://www.liam.org.my/library/healthcare/Price-Ranges-Common-Private-Healthcare-Services-Msia_27Jan2026.pdf
N1,Neoplasms,Removal of Breast Lump,Inpatient,Facility State,Melaka,11000,8900,13800,,,50 - 99,Published,107,https://www.liam.org.my/library/healthcare/Price-Ranges-Common-Private-Healthcare-Services-Msia_27Jan2026.pdf
N1,Neoplasms,Removal of Breast Lump,Inpatient,Facility State,Negeri Sembilan,10800,9300,14900,,,1 - 49,Published,107,https://www.liam.org.my/library/healthcare/Price-Ranges-Common-Private-Healthcare-Services-Msia_27Jan2026.pdf
N1,Neoplasms,Removal of Breast Lump,Inpatient,Facility State,Pahang,11300,9800,13100,,,1 - 49,Published,107,https://www.liam.org.my/library/healthcare/Price-Ranges-Common-Private-Healthcare-Services-Msia_27Jan2026.pdf
N1,Neoplasms,Removal of Breast Lump,Inpatient,Facility State,Perak,8600,6500,10200,,,100 - 499,Published,107,https://www.liam.org.my/library/healthcare/Price-Ranges-Common-Private-Healthcare-Services-Msia_27Jan2026.pdf
N1,Neoplasms,Removal of Breast Lump,Inpatient,Facility State,Perlis,,,,,,,Insufficient credible data,107,https://www.liam.org.my/library/healthcare/Price-Ranges-Common-Private-Healthcare-Services-Msia_27Jan2026.pdf
N1,Neoplasms,Removal of Breast Lump,Inpatient,Facility State,Pulau Pinang,10000,8100,12800,,,50 - 99,Published,107,https://www.liam.org.my/library/healthcare/Price-Ranges-Common-Private-Healthcare-Services-Msia_27Jan2026.pdf
N1,Neoplasms,Removal of Breast Lump,Inpatient,Facility State,Sabah,10800,8400,19400,,,1 - 49,Published,107,https://www.liam.org.my/library/healthcare/Price-Ranges-Common-Private-Healthcare-Services-Msia_27Jan2026.pdf
N1,Neoplasms,Removal of Breast Lump,Inpatient,Facility State,Sarawak,8800,6900,11900,,,50 - 99,Published,107,https://www.liam.org.my/library/healthcare/Price-Ranges-Common-Private-Healthcare-Services-Msia_27Jan2026.pdf
N1,Neoplasms,Removal of Breast Lump,Inpatient,Facility State,Selangor,12600,9200,17900,,,100 - 499,Published,107,https://www.liam.org.my/library/healthcare/Price-Ranges-Common-Private-Healthcare-Services-Msia_27Jan2026.pdf
N1,Neoplasms,Removal of Breast Lump,Inpatient,Facility State,Terengganu,,,,,,,Insufficient credible data,107,https://www.liam.org.my/library/healthcare/Price-Ranges-Common-Private-Healthcare-Services-Msia_27Jan2026.pdf
N1,Neoplasms,Removal of Breast Lump,Inpatient,Age Group,Age 20 and below,9500,8300,11500,1.5,,50 - 99,Published,108,https://www.liam.org.my/library/healthcare/Price-Ranges-Common-Private-Healthcare-Services-Msia_27Jan2026.pdf
N1,Neoplasms,Removal of Breast Lump,Inpatient,Age Group,Age between 21 – 40,10500,8500,13600,1.7,,100 - 499,Published,108,https://www.liam.org.my/library/healthcare/Price-Ranges-Common-Private-Healthcare-Services-Msia_27Jan2026.pdf
N1,Neoplasms,Removal of Breast Lump,Inpatient,Age Group,Age between 41 – 60,11800,9000,15800,1.9,,500 - 999,Published,108,https://www.liam.org.my/library/healthcare/Price-Ranges-Common-Private-Healthcare-Services-Msia_27Jan2026.pdf
N1,Neoplasms,Removal of Breast Lump,Inpatient,Age Group,Age 61 and above,12900,8700,17700,2.3,,50 - 99,Published,108,https://www.liam.org.my/library/healthcare/Price-Ranges-Common-Private-Healthcare-Services-Msia_27Jan2026.pdf
N1,Neoplasms,Removal of Breast Lump,Daycare,Overall,All,7400,6000,8700,,Discharge within the same day,100 - 499,Published,106,https://www.liam.org.my/library/healthcare/Price-Ranges-Common-Private-Healthcare-Services-Msia_27Jan2026.pdf
N1,Neoplasms,Removal of Breast Lump,Daycare,Facility State,Johor,7400,5700,8600,,,1 - 49,Published,109,https://www.liam.org.my/library/healthcare/Price-Ranges-Common-Private-Healthcare-Services-Msia_27Jan2026.pdf
N1,Neoplasms,Removal of Breast Lump,Daycare,Facility State,Kedah,,,,,,,Insufficient credible data,109,https://www.liam.org.my/library/healthcare/Price-Ranges-Common-Private-Healthcare-Services-Msia_27Jan2026.pdf
N1,Neoplasms,Removal of Breast Lump,Daycare,Facility State,Kelantan,,,,,,,Insufficient credible data,109,https://www.liam.org.my/library/healthcare/Price-Ranges-Common-Private-Healthcare-Services-Msia_27Jan2026.pdf
N1,Neoplasms,Removal of Breast Lump,Daycare,Facility State,Kuala Lumpur,7600,6300,9400,,,1 - 49,Published,109,https://www.liam.org.my/library/healthcare/Price-Ranges-Common-Private-Healthcare-Services-Msia_27Jan2026.pdf
N1,Neoplasms,Removal of Breast Lump,Daycare,Facility State,Melaka,,,,,,,Insufficient credible data,109,https://www.liam.org.my/library/healthcare/Price-Ranges-Common-Private-Healthcare-Services-Msia_27Jan2026.pdf
N1,Neoplasms,Removal of Breast Lump,Daycare,Facility State,Negeri Sembilan,8600,5400,9700,,,1 - 49,Published,109,https://www.liam.org.my/library/healthcare/Price-Ranges-Common-Private-Healthcare-Services-Msia_27Jan2026.pdf
N1,Neoplasms,Removal of Breast Lump,Daycare,Facility State,Pahang,,,,,,,Insufficient credible data,109,https://www.liam.org.my/library/healthcare/Price-Ranges-Common-Private-Healthcare-Services-Msia_27Jan2026.pdf
N1,Neoplasms,Removal of Breast Lump,Daycare,Facility State,Perak,,,,,,,Insufficient credible data,109,https://www.liam.org.my/library/healthcare/Price-Ranges-Common-Private-Healthcare-Services-Msia_27Jan2026.pdf
N1,Neoplasms,Removal of Breast Lump,Daycare,Facility State,Perlis,,,,,,,Insufficient credible data,109,https://www.liam.org.my/library/healthcare/Price-Ranges-Common-Private-Healthcare-Services-Msia_27Jan2026.pdf
N1,Neoplasms,Removal of Breast Lump,Daycare,Facility State,Pulau Pinang,7000,6000,7900,,,1 - 49,Published,109,https://www.liam.org.my/library/healthcare/Price-Ranges-Common-Private-Healthcare-Services-Msia_27Jan2026.pdf
N1,Neoplasms,Removal of Breast Lump,Daycare,Facility State,Sabah,,,,,,,Insufficient credible data,109,https://www.liam.org.my/library/healthcare/Price-Ranges-Common-Private-Healthcare-Services-Msia_27Jan2026.pdf
N1,Neoplasms,Removal of Breast Lump,Daycare,Facility State,Sarawak,,,,,,,Insufficient credible data,109,https://www.liam.org.my/library/healthcare/Price-Ranges-Common-Private-Healthcare-Services-Msia_27Jan2026.pdf
N1,Neoplasms,Removal of Breast Lump,Daycare,Facility State,Selangor,7800,6600,8900,,,1 - 49,Published,109,https://www.liam.org.my/library/healthcare/Price-Ranges-Common-Private-Healthcare-Services-Msia_27Jan2026.pdf
N1,Neoplasms,Removal of Breast Lump,Daycare,Facility State,Terengganu,,,,,,,Insufficient credible data,109,https://www.liam.org.my/library/healthcare/Price-Ranges-Common-Private-Healthcare-Services-Msia_27Jan2026.pdf
N1,Neoplasms,Removal of Breast Lump,Daycare,Age Group,Age 20 and below,6900,6400,7900,,Discharge within the same day,1 - 49,Published,110,https://www.liam.org.my/library/healthcare/Price-Ranges-Common-Private-Healthcare-Services-Msia_27Jan2026.pdf
N1,Neoplasms,Removal of Breast Lump,Daycare,Age Group,Age between 21 – 40,7500,6400,8900,,Discharge within the same day,50 - 99,Published,110,https://www.liam.org.my/library/healthcare/Price-Ranges-Common-Private-Healthcare-Services-Msia_27Jan2026.pdf
N1,Neoplasms,Removal of Breast Lump,Daycare,Age Group,Age between 41 – 60,7500,5800,8600,,Discharge within the same day,50 - 99,Published,110,https://www.liam.org.my/library/healthcare/Price-Ranges-Common-Private-Healthcare-Services-Msia_27Jan2026.pdf
N1,Neoplasms,Removal of Breast Lump,Daycare,Age Group,Age 61 and above,6800,5500,8700,,Discharge within the same day,1 - 49,Published,110,https://www.liam.org.my/library/healthcare/Price-Ranges-Common-Private-Healthcare-Services-Msia_27Jan2026.pdf
S1,Skin and Subcutaneous Tissue,Drainage of Large Subcutaneous Abscess/Haematoma,Inpatient,Overall,All,10700,7600,15200,3.1,,"1,000 - 4,999",Published,111,https://www.liam.org.my/library/healthcare/Price-Ranges-Common-Private-Healthcare-Services-Msia_27Jan2026.pdf
S1,Skin and Subcutaneous Tissue,Drainage of Large Subcutaneous Abscess/Haematoma,Inpatient,Facility State,Johor,10600,7600,16000,,,100 - 499,Published,112,https://www.liam.org.my/library/healthcare/Price-Ranges-Common-Private-Healthcare-Services-Msia_27Jan2026.pdf
S1,Skin and Subcutaneous Tissue,Drainage of Large Subcutaneous Abscess/Haematoma,Inpatient,Facility State,Kedah,9600,7100,13200,,,50 - 99,Published,112,https://www.liam.org.my/library/healthcare/Price-Ranges-Common-Private-Healthcare-Services-Msia_27Jan2026.pdf
S1,Skin and Subcutaneous Tissue,Drainage of Large Subcutaneous Abscess/Haematoma,Inpatient,Facility State,Kelantan,11200,9500,15200,,,1 - 49,Published,112,https://www.liam.org.my/library/healthcare/Price-Ranges-Common-Private-Healthcare-Services-Msia_27Jan2026.pdf
S1,Skin and Subcutaneous Tissue,Drainage of Large Subcutaneous Abscess/Haematoma,Inpatient,Facility State,Kuala Lumpur,11200,8300,17500,,,100 - 499,Published,112,https://www.liam.org.my/library/healthcare/Price-Ranges-Common-Private-Healthcare-Services-Msia_27Jan2026.pdf
S1,Skin and Subcutaneous Tissue,Drainage of Large Subcutaneous Abscess/Haematoma,Inpatient,Facility State,Melaka,10400,7200,15800,,,100 - 499,Published,112,https://www.liam.org.my/library/healthcare/Price-Ranges-Common-Private-Healthcare-Services-Msia_27Jan2026.pdf
S1,Skin and Subcutaneous Tissue,Drainage of Large Subcutaneous Abscess/Haematoma,Inpatient,Facility State,Negeri Sembilan,11200,8800,14900,,,50 - 99,Published,112,https://www.liam.org.my/library/healthcare/Price-Ranges-Common-Private-Healthcare-Services-Msia_27Jan2026.pdf
S1,Skin and Subcutaneous Tissue,Drainage of Large Subcutaneous Abscess/Haematoma,Inpatient,Facility State,Pahang,9500,7600,14500,,,1 - 49,Published,112,https://www.liam.org.my/library/healthcare/Price-Ranges-Common-Private-Healthcare-Services-Msia_27Jan2026.pdf
S1,Skin and Subcutaneous Tissue,Drainage of Large Subcutaneous Abscess/Haematoma,Inpatient,Facility State,Perak,10700,7800,14900,,,100 - 499,Published,112,https://www.liam.org.my/library/healthcare/Price-Ranges-Common-Private-Healthcare-Services-Msia_27Jan2026.pdf
S1,Skin and Subcutaneous Tissue,Drainage of Large Subcutaneous Abscess/Haematoma,Inpatient,Facility State,Perlis,,,,,,,Insufficient credible data,112,https://www.liam.org.my/library/healthcare/Price-Ranges-Common-Private-Healthcare-Services-Msia_27Jan2026.pdf
S1,Skin and Subcutaneous Tissue,Drainage of Large Subcutaneous Abscess/Haematoma,Inpatient,Facility State,Pulau Pinang,9800,6100,16200,,,100 - 499,Published,112,https://www.liam.org.my/library/healthcare/Price-Ranges-Common-Private-Healthcare-Services-Msia_27Jan2026.pdf
S1,Skin and Subcutaneous Tissue,Drainage of Large Subcutaneous Abscess/Haematoma,Inpatient,Facility State,Sabah,9600,8200,20700,,,1 - 49,Published,112,https://www.liam.org.my/library/healthcare/Price-Ranges-Common-Private-Healthcare-Services-Msia_27Jan2026.pdf
S1,Skin and Subcutaneous Tissue,Drainage of Large Subcutaneous Abscess/Haematoma,Inpatient,Facility State,Sarawak,6500,4800,9900,,,1 - 49,Published,112,https://www.liam.org.my/library/healthcare/Price-Ranges-Common-Private-Healthcare-Services-Msia_27Jan2026.pdf
S1,Skin and Subcutaneous Tissue,Drainage of Large Subcutaneous Abscess/Haematoma,Inpatient,Facility State,Selangor,11500,8600,15400,,,500 - 999,Published,112,https://www.liam.org.my/library/healthcare/Price-Ranges-Common-Private-Healthcare-Services-Msia_27Jan2026.pdf
S1,Skin and Subcutaneous Tissue,Drainage of Large Subcutaneous Abscess/Haematoma,Inpatient,Facility State,Terengganu,,,,,,,Insufficient credible data,112,https://www.liam.org.my/library/healthcare/Price-Ranges-Common-Private-Healthcare-Services-Msia_27Jan2026.pdf
S1,Skin and Subcutaneous Tissue,Drainage of Large Subcutaneous Abscess/Haematoma,Inpatient,Age Group,Age 20 and below,9400,7200,12100,2.6,,100 - 499,Published,113,https://www.liam.org.my/library/healthcare/Price-Ranges-Common-Private-Healthcare-Services-Msia_27Jan2026.pdf
S1,Skin and Subcutaneous Tissue,Drainage of Large Subcutaneous Abscess/Haematoma,Inpatient,Age Group,Age between 21 – 40,10500,7600,14500,2.8,,500 - 999,Published,113,https://www.liam.org.my/library/healthcare/Price-Ranges-Common-Private-Healthcare-Services-Msia_27Jan2026.pdf
S1,Skin and Subcutaneous Tissue,Drainage of Large Subcutaneous Abscess/Haematoma,Inpatient,Age Group,Age between 41 – 60,11900,8200,17900,3.5,,500 - 999,Published,113,https://www.liam.org.my/library/healthcare/Price-Ranges-Common-Private-Healthcare-Services-Msia_27Jan2026.pdf
S1,Skin and Subcutaneous Tissue,Drainage of Large Subcutaneous Abscess/Haematoma,Inpatient,Age Group,Age 61 and above,12400,8000,21200,4.4,,100 - 499,Published,113,https://www.liam.org.my/library/healthcare/Price-Ranges-Common-Private-Healthcare-Services-Msia_27Jan2026.pdf
S1,Skin and Subcutaneous Tissue,Drainage of Large Subcutaneous Abscess/Haematoma,Daycare,Overall,All,4000,2300,6000,,Discharge within the same day,50 - 99,Published,111,https://www.liam.org.my/library/healthcare/Price-Ranges-Common-Private-Healthcare-Services-Msia_27Jan2026.pdf
S1,Skin and Subcutaneous Tissue,Drainage of Large Subcutaneous Abscess/Haematoma,Daycare,Facility State,Johor,4000,2900,5900,,,1 - 49,Published,114,https://www.liam.org.my/library/healthcare/Price-Ranges-Common-Private-Healthcare-Services-Msia_27Jan2026.pdf
S1,Skin and Subcutaneous Tissue,Drainage of Large Subcutaneous Abscess/Haematoma,Daycare,Facility State,Kedah,,,,,,,Insufficient credible data,114,https://www.liam.org.my/library/healthcare/Price-Ranges-Common-Private-Healthcare-Services-Msia_27Jan2026.pdf
S1,Skin and Subcutaneous Tissue,Drainage of Large Subcutaneous Abscess/Haematoma,Daycare,Facility State,Kelantan,,,,,,,Insufficient credible data,114,https://www.liam.org.my/library/healthcare/Price-Ranges-Common-Private-Healthcare-Services-Msia_27Jan2026.pdf
S1,Skin and Subcutaneous Tissue,Drainage of Large Subcutaneous Abscess/Haematoma,Daycare,Facility State,Kuala Lumpur,,,,,,,Insufficient credible data,114,https://www.liam.org.my/library/healthcare/Price-Ranges-Common-Private-Healthcare-Services-Msia_27Jan2026.pdf
S1,Skin and Subcutaneous Tissue,Drainage of Large Subcutaneous Abscess/Haematoma,Daycare,Facility State,Melaka,,,,,,,Insufficient credible data,114,https://www.liam.org.my/library/healthcare/Price-Ranges-Common-Private-Healthcare-Services-Msia_27Jan2026.pdf
S1,Skin and Subcutaneous Tissue,Drainage of Large Subcutaneous Abscess/Haematoma,Daycare,Facility State,Negeri Sembilan,,,,,,,Insufficient credible data,114,https://www.liam.org.my/library/healthcare/Price-Ranges-Common-Private-Healthcare-Services-Msia_27Jan2026.pdf
S1,Skin and Subcutaneous Tissue,Drainage of Large Subcutaneous Abscess/Haematoma,Daycare,Facility State,Pahang,,,,,,,Insufficient credible data,114,https://www.liam.org.my/library/healthcare/Price-Ranges-Common-Private-Healthcare-Services-Msia_27Jan2026.pdf
S1,Skin and Subcutaneous Tissue,Drainage of Large Subcutaneous Abscess/Haematoma,Daycare,Facility State,Perak,,,,,,,Insufficient credible data,114,https://www.liam.org.my/library/healthcare/Price-Ranges-Common-Private-Healthcare-Services-Msia_27Jan2026.pdf
S1,Skin and Subcutaneous Tissue,Drainage of Large Subcutaneous Abscess/Haematoma,Daycare,Facility State,Perlis,,,,,,,Insufficient credible data,114,https://www.liam.org.my/library/healthcare/Price-Ranges-Common-Private-Healthcare-Services-Msia_27Jan2026.pdf
S1,Skin and Subcutaneous Tissue,Drainage of Large Subcutaneous Abscess/Haematoma,Daycare,Facility State,Pulau Pinang,5800,2300,7000,,,1 - 49,Published,114,https://www.liam.org.my/library/healthcare/Price-Ranges-Common-Private-Healthcare-Services-Msia_27Jan2026.pdf
S1,Skin and Subcutaneous Tissue,Drainage of Large Subcutaneous Abscess/Haematoma,Daycare,Facility State,Sabah,,,,,,,Insufficient credible data,114,https://www.liam.org.my/library/healthcare/Price-Ranges-Common-Private-Healthcare-Services-Msia_27Jan2026.pdf
S1,Skin and Subcutaneous Tissue,Drainage of Large Subcutaneous Abscess/Haematoma,Daycare,Facility State,Sarawak,,,,,,,Insufficient credible data,114,https://www.liam.org.my/library/healthcare/Price-Ranges-Common-Private-Healthcare-Services-Msia_27Jan2026.pdf
S1,Skin and Subcutaneous Tissue,Drainage of Large Subcutaneous Abscess/Haematoma,Daycare,Facility State,Selangor,3800,2000,5600,,,1 - 49,Published,114,https://www.liam.org.my/library/healthcare/Price-Ranges-Common-Private-Healthcare-Services-Msia_27Jan2026.pdf
S1,Skin and Subcutaneous Tissue,Drainage of Large Subcutaneous Abscess/Haematoma,Daycare,Facility State,Terengganu,,,,,,,Insufficient credible data,114,https://www.liam.org.my/library/healthcare/Price-Ranges-Common-Private-Healthcare-Services-Msia_27Jan2026.pdf
S1,Skin and Subcutaneous Tissue,Drainage of Large Subcutaneous Abscess/Haematoma,Daycare,Age Group,Age 20 and below,5200,3700,5900,,Discharge within the same day,1 - 49,Published,115,https://www.liam.org.my/library/healthcare/Price-Ranges-Common-Private-Healthcare-Services-Msia_27Jan2026.pdf
S1,Skin and Subcutaneous Tissue,Drainage of Large Subcutaneous Abscess/Haematoma,Daycare,Age Group,Age between 21 – 40,2700,1900,4900,,Discharge within the same day,1 - 49,Published,115,https://www.liam.org.my/library/healthcare/Price-Ranges-Common-Private-Healthcare-Services-Msia_27Jan2026.pdf
S1,Skin and Subcutaneous Tissue,Drainage of Large Subcutaneous Abscess/Haematoma,Daycare,Age Group,Age between 41 – 60,4100,1900,6400,,Discharge within the same day,1 - 49,Published,115,https://www.liam.org.my/library/healthcare/Price-Ranges-Common-Private-Healthcare-Services-Msia_27Jan2026.pdf
S1,Skin and Subcutaneous Tissue,Drainage of Large Subcutaneous Abscess/Haematoma,Daycare,Age Group,Age 61 and above,,,,,Discharge within the same day,,Insufficient credible data,115,https://www.liam.org.my/library/healthcare/Price-Ranges-Common-Private-Healthcare-Services-Msia_27Jan2026.pdf
U1,Urinary,Ureteric Stent Insertion,Inpatient,Overall,All,17500,13600,23500,2.2,,"1,000 - 4,999",Published,116,https://www.liam.org.my/library/healthcare/Price-Ranges-Common-Private-Healthcare-Services-Msia_27Jan2026.pdf
U1,Urinary,Ureteric Stent Insertion,Inpatient,Facility State,Johor,16900,13100,24700,,,100 - 499,Published,117,https://www.liam.org.my/library/healthcare/Price-Ranges-Common-Private-Healthcare-Services-Msia_27Jan2026.pdf
U1,Urinary,Ureteric Stent Insertion,Inpatient,Facility State,Kedah,17900,14700,22500,,,1 - 49,Published,117,https://www.liam.org.my/library/healthcare/Price-Ranges-Common-Private-Healthcare-Services-Msia_27Jan2026.pdf
U1,Urinary,Ureteric Stent Insertion,Inpatient,Facility State,Kelantan,,,,,,,Insufficient credible data,117,https://www.liam.org.my/library/healthcare/Price-Ranges-Common-Private-Healthcare-Services-Msia_27Jan2026.pdf
U1,Urinary,Ureteric Stent Insertion,Inpatient,Facility State,Kuala Lumpur,17500,13800,23200,,,100 - 499,Published,117,https://www.liam.org.my/library/healthcare/Price-Ranges-Common-Private-Healthcare-Services-Msia_27Jan2026.pdf
U1,Urinary,Ureteric Stent Insertion,Inpatient,Facility State,Melaka,15400,12000,19300,,,100 - 499,Published,117,https://www.liam.org.my/library/healthcare/Price-Ranges-Common-Private-Healthcare-Services-Msia_27Jan2026.pdf
U1,Urinary,Ureteric Stent Insertion,Inpatient,Facility State,Negeri Sembilan,16700,13200,20800,,,50 - 99,Published,117,https://www.liam.org.my/library/healthcare/Price-Ranges-Common-Private-Healthcare-Services-Msia_27Jan2026.pdf
U1,Urinary,Ureteric Stent Insertion,Inpatient,Facility State,Pahang,14400,12100,15800,,,1 - 49,Published,117,https://www.liam.org.my/library/healthcare/Price-Ranges-Common-Private-Healthcare-Services-Msia_27Jan2026.pdf
U1,Urinary,Ureteric Stent Insertion,Inpatient,Facility State,Perak,16300,13300,23200,,,100 - 499,Published,117,https://www.liam.org.my/library/healthcare/Price-Ranges-Common-Private-Healthcare-Services-Msia_27Jan2026.pdf
U1,Urinary,Ureteric Stent Insertion,Inpatient,Facility State,Perlis,,,,,,,Insufficient credible data,117,https://www.liam.org.my/library/healthcare/Price-Ranges-Common-Private-Healthcare-Services-Msia_27Jan2026.pdf
U1,Urinary,Ureteric Stent Insertion,Inpatient,Facility State,Pulau Pinang,16900,13300,22300,,,100 - 499,Published,117,https://www.liam.org.my/library/healthcare/Price-Ranges-Common-Private-Healthcare-Services-Msia_27Jan2026.pdf
U1,Urinary,Ureteric Stent Insertion,Inpatient,Facility State,Sabah,22200,13500,30300,,,1 - 49,Published,117,https://www.liam.org.my/library/healthcare/Price-Ranges-Common-Private-Healthcare-Services-Msia_27Jan2026.pdf
U1,Urinary,Ureteric Stent Insertion,Inpatient,Facility State,Sarawak,10400,8700,19300,,,1 - 49,Published,117,https://www.liam.org.my/library/healthcare/Price-Ranges-Common-Private-Healthcare-Services-Msia_27Jan2026.pdf
U1,Urinary,Ureteric Stent Insertion,Inpatient,Facility State,Selangor,18900,15100,26000,,,100 - 499,Published,117,https://www.liam.org.my/library/healthcare/Price-Ranges-Common-Private-Healthcare-Services-Msia_27Jan2026.pdf
U1,Urinary,Ureteric Stent Insertion,Inpatient,Facility State,Terengganu,,,,,,,Insufficient credible data,117,https://www.liam.org.my/library/healthcare/Price-Ranges-Common-Private-Healthcare-Services-Msia_27Jan2026.pdf
U1,Urinary,Ureteric Stent Insertion,Inpatient,Age Group,Age 20 and below,18700,14900,21500,2.4,,1 - 49,Published,118,https://www.liam.org.my/library/healthcare/Price-Ranges-Common-Private-Healthcare-Services-Msia_27Jan2026.pdf
U1,Urinary,Ureteric Stent Insertion,Inpatient,Age Group,Age between 21 – 40,17100,13800,22300,2.2,,500 - 999,Published,118,https://www.liam.org.my/library/healthcare/Price-Ranges-Common-Private-Healthcare-Services-Msia_27Jan2026.pdf
U1,Urinary,Ureteric Stent Insertion,Inpatient,Age Group,Age between 41 – 60,17600,13600,23900,2.2,,500 - 999,Published,118,https://www.liam.org.my/library/healthcare/Price-Ranges-Common-Private-Healthcare-Services-Msia_27Jan2026.pdf
U1,Urinary,Ureteric Stent Insertion,Inpatient,Age Group,Age 61 and above,17800,13200,24600,2.4,,100 - 499,Published,118,https://www.liam.org.my/library/healthcare/Price-Ranges-Common-Private-Healthcare-Services-Msia_27Jan2026.pdf
U1,Urinary,Ureteric Stent Insertion,Daycare,Overall,All,9500,7400,12200,,Discharge within the same day,1 - 49,Published,116,https://www.liam.org.my/library/healthcare/Price-Ranges-Common-Private-Healthcare-Services-Msia_27Jan2026.pdf
U1,Urinary,Ureteric Stent Insertion,Daycare,Facility State,Johor,,,,,,,Insufficient credible data,119,https://www.liam.org.my/library/healthcare/Price-Ranges-Common-Private-Healthcare-Services-Msia_27Jan2026.pdf
U1,Urinary,Ureteric Stent Insertion,Daycare,Facility State,Kedah,,,,,,,Insufficient credible data,119,https://www.liam.org.my/library/healthcare/Price-Ranges-Common-Private-Healthcare-Services-Msia_27Jan2026.pdf
U1,Urinary,Ureteric Stent Insertion,Daycare,Facility State,Kelantan,,,,,,,Insufficient credible data,119,https://www.liam.org.my/library/healthcare/Price-Ranges-Common-Private-Healthcare-Services-Msia_27Jan2026.pdf
U1,Urinary,Ureteric Stent Insertion,Daycare,Facility State,Kuala Lumpur,,,,,,,Insufficient credible data,119,https://www.liam.org.my/library/healthcare/Price-Ranges-Common-Private-Healthcare-Services-Msia_27Jan2026.pdf
U1,Urinary,Ureteric Stent Insertion,Daycare,Facility State,Melaka,,,,,,,Insufficient credible data,119,https://www.liam.org.my/library/healthcare/Price-Ranges-Common-Private-Healthcare-Services-Msia_27Jan2026.pdf
U1,Urinary,Ureteric Stent Insertion,Daycare,Facility State,Negeri Sembilan,,,,,,,Insufficient credible data,119,https://www.liam.org.my/library/healthcare/Price-Ranges-Common-Private-Healthcare-Services-Msia_27Jan2026.pdf
U1,Urinary,Ureteric Stent Insertion,Daycare,Facility State,Pahang,,,,,,,Insufficient credible data,119,https://www.liam.org.my/library/healthcare/Price-Ranges-Common-Private-Healthcare-Services-Msia_27Jan2026.pdf
U1,Urinary,Ureteric Stent Insertion,Daycare,Facility State,Perak,,,,,,,Insufficient credible data,119,https://www.liam.org.my/library/healthcare/Price-Ranges-Common-Private-Healthcare-Services-Msia_27Jan2026.pdf
U1,Urinary,Ureteric Stent Insertion,Daycare,Facility State,Perlis,,,,,,,Insufficient credible data,119,https://www.liam.org.my/library/healthcare/Price-Ranges-Common-Private-Healthcare-Services-Msia_27Jan2026.pdf
U1,Urinary,Ureteric Stent Insertion,Daycare,Facility State,Pulau Pinang,,,,,,,Insufficient credible data,119,https://www.liam.org.my/library/healthcare/Price-Ranges-Common-Private-Healthcare-Services-Msia_27Jan2026.pdf
U1,Urinary,Ureteric Stent Insertion,Daycare,Facility State,Sabah,,,,,,,Insufficient credible data,119,https://www.liam.org.my/library/healthcare/Price-Ranges-Common-Private-Healthcare-Services-Msia_27Jan2026.pdf
U1,Urinary,Ureteric Stent Insertion,Daycare,Facility State,Sarawak,,,,,,,Insufficient credible data,119,https://www.liam.org.my/library/healthcare/Price-Ranges-Common-Private-Healthcare-Services-Msia_27Jan2026.pdf
U1,Urinary,Ureteric Stent Insertion,Daycare,Facility State,Selangor,9500,8300,11400,,,1 - 49,Published,119,https://www.liam.org.my/library/healthcare/Price-Ranges-Common-Private-Healthcare-Services-Msia_27Jan2026.pdf
U1,Urinary,Ureteric Stent Insertion,Daycare,Facility State,Terengganu,,,,,,,Insufficient credible data,119,https://www.liam.org.my/library/healthcare/Price-Ranges-Common-Private-Healthcare-Services-Msia_27Jan2026.pdf
U1,Urinary,Ureteric Stent Insertion,Daycare,Age Group,Age 20 and below,,,,,Discharge within the same day,,Insufficient credible data,120,https://www.liam.org.my/library/healthcare/Price-Ranges-Common-Private-Healthcare-Services-Msia_27Jan2026.pdf
U1,Urinary,Ureteric Stent Insertion,Daycare,Age Group,Age between 21 – 40,,,,,Discharge within the same day,,Insufficient credible data,120,https://www.liam.org.my/library/healthcare/Price-Ranges-Common-Private-Healthcare-Services-Msia_27Jan2026.pdf
U1,Urinary,Ureteric Stent Insertion,Daycare,Age Group,Age between 41 – 60,9400,7700,12100,,Discharge within the same day,1 - 49,Published,120,https://www.liam.org.my/library/healthcare/Price-Ranges-Common-Private-Healthcare-Services-Msia_27Jan2026.pdf
U1,Urinary,Ureteric Stent Insertion,Daycare,Age Group,Age 61 and above,,,,,Discharge within the same day,,Insufficient credible data,120,https://www.liam.org.my/library/healthcare/Price-Ranges-Common-Private-Healthcare-Services-Msia_27Jan2026.pdf
